case_id,group,language,text,expected_label,origin,texto_normalizado,split_correcao,predicted_label,score_nao_calibrado,faixa_original,protecao_idioma,resultado_atual,correcao_fora_escopo_acionada,resultado_correcao
R0001,reformulacoes_8_filas,ingles,The VPN rejects my password.,Access,sintetico_gerado_por_IA,the vpn rejects my password,medicao,Access,0.999692323630109,alta,False,direto_certo,False,direto_certo
R0002,reformulacoes_8_filas,ingles,The VPN locks me out.,Access,sintetico_gerado_por_IA,the vpn locks me out,calibracao,Hardware,0.3397721927567064,baixa,True,desviado_para_pessoa,False,desviado_para_pessoa
R0003,reformulacoes_8_filas,ingles,The VPN denies my login.,Access,sintetico_gerado_por_IA,the vpn denies my login,calibracao,Miscellaneous,0.35932680969724634,baixa,False,desviado_para_pessoa,False,desviado_para_pessoa
R0004,reformulacoes_8_filas,ingles,The VPN ends my session.,Access,sintetico_gerado_por_IA,the vpn ends my session,calibracao,Hardware,0.4079249526327942,baixa,False,desviado_para_pessoa,False,desviado_para_pessoa
R0005,reformulacoes_8_filas,ingles,The payroll portal rejects my password.,Access,sintetico_gerado_por_IA,the payroll portal rejects my password,calibracao,Access,0.9644448009952266,alta,False,direto_certo,False,direto_certo
R0006,reformulacoes_8_filas,ingles,The payroll portal locks me out.,Access,sintetico_gerado_por_IA,the payroll portal locks me out,calibracao,Hardware,0.3936338766887509,baixa,False,desviado_para_pessoa,False,desviado_para_pessoa
R0007,reformulacoes_8_filas,ingles,The payroll portal denies my login.,Access,sintetico_gerado_por_IA,the payroll portal denies my login,calibracao,Hardware,0.36526027939460876,baixa,False,desviado_para_pessoa,False,desviado_para_pessoa
R0008,reformulacoes_8_filas,ingles,The payroll portal ends my session.,Access,sintetico_gerado_por_IA,the payroll portal ends my session,medicao,Hardware,0.4497842547728234,baixa,False,desviado_para_pessoa,False,desviado_para_pessoa
R0009,reformulacoes_8_filas,ingles,The corporate email rejects my password.,Access,sintetico_gerado_por_IA,the corporate email rejects my password,calibracao,Access,0.9924745666082482,alta,False,direto_certo,False,direto_certo
R0010,reformulacoes_8_filas,ingles,The corporate email locks me out.,Access,sintetico_gerado_por_IA,the corporate email locks me out,calibracao,Hardware,0.3915699155924476,baixa,True,desviado_para_pessoa,False,desviado_para_pessoa
R0011,reformulacoes_8_filas,ingles,The corporate email denies my login.,Access,sintetico_gerado_por_IA,the corporate email denies my login,medicao,Hardware,0.36564443120186024,baixa,False,desviado_para_pessoa,False,desviado_para_pessoa
R0012,reformulacoes_8_filas,ingles,The corporate email ends my session.,Access,sintetico_gerado_por_IA,the corporate email ends my session,medicao,Hardware,0.4582149799355858,baixa,False,desviado_para_pessoa,False,desviado_para_pessoa
R0013,reformulacoes_8_filas,ingles,The timesheet rejects my password.,Access,sintetico_gerado_por_IA,the timesheet rejects my password,calibracao,Access,0.999692323630109,alta,False,direto_certo,False,direto_certo
R0014,reformulacoes_8_filas,ingles,The timesheet locks me out.,Access,sintetico_gerado_por_IA,the timesheet locks me out,medicao,Hardware,0.3397721927567064,baixa,True,desviado_para_pessoa,False,desviado_para_pessoa
R0015,reformulacoes_8_filas,ingles,The timesheet denies my login.,Access,sintetico_gerado_por_IA,the timesheet denies my login,medicao,Miscellaneous,0.35932680969724634,baixa,False,desviado_para_pessoa,False,desviado_para_pessoa
R0016,reformulacoes_8_filas,ingles,The timesheet ends my session.,Access,sintetico_gerado_por_IA,the timesheet ends my session,medicao,Hardware,0.4079249526327942,baixa,False,desviado_para_pessoa,False,desviado_para_pessoa
R0017,reformulacoes_8_filas,ingles,The intranet rejects my password.,Access,sintetico_gerado_por_IA,the intranet rejects my password,medicao,Access,0.999692323630109,alta,False,direto_certo,False,direto_certo
R0018,reformulacoes_8_filas,ingles,The intranet locks me out.,Access,sintetico_gerado_por_IA,the intranet locks me out,calibracao,Hardware,0.3397721927567064,baixa,True,desviado_para_pessoa,False,desviado_para_pessoa
R0019,reformulacoes_8_filas,ingles,The intranet denies my login.,Access,sintetico_gerado_por_IA,the intranet denies my login,calibracao,Miscellaneous,0.35932680969724634,baixa,False,desviado_para_pessoa,False,desviado_para_pessoa
R0020,reformulacoes_8_filas,ingles,The intranet ends my session.,Access,sintetico_gerado_por_IA,the intranet ends my session,medicao,Hardware,0.4079249526327942,baixa,False,desviado_para_pessoa,False,desviado_para_pessoa
R0021,erros_de_digitacao,ingles,Plesae assist because the vpn rejects my password.,Access,sintetico_gerado_por_IA,plesae assist because the vpn rejects my password,calibracao,Access,0.9958609449011342,alta,False,direto_certo,False,direto_certo
R0022,erros_de_digitacao,ingles,Please asssit because the vpn locks me out.,Access,sintetico_gerado_por_IA,please asssit because the vpn locks me out,calibracao,Hardware,0.3397470812980736,baixa,False,desviado_para_pessoa,False,desviado_para_pessoa
R0023,erros_de_digitacao,ingles,Please assist becuase the vpn denies my login.,Access,sintetico_gerado_por_IA,please assist becuase the vpn denies my login,medicao,Miscellaneous,0.29106606512179223,baixa,False,desviado_para_pessoa,False,desviado_para_pessoa
R0024,erros_de_digitacao,ingles,Please assist because the vpn ends my sessoin.,Access,sintetico_gerado_por_IA,please assist because the vpn ends my sessoin,medicao,Hardware,0.31278411198135625,baixa,False,desviado_para_pessoa,False,desviado_para_pessoa
R0025,erros_de_digitacao,ingles,Please assist because the payroll poratl rejects my password.,Access,sintetico_gerado_por_IA,please assist because the payroll poratl rejects my password,calibracao,Access,0.9675596630925709,alta,False,direto_certo,False,direto_certo
R0026,erros_de_digitacao,ingles,Plesae assist because the payroll portal locks me out.,Access,sintetico_gerado_por_IA,plesae assist because the payroll portal locks me out,medicao,Hardware,0.47724459705543776,baixa,False,desviado_para_pessoa,False,desviado_para_pessoa
R0027,erros_de_digitacao,ingles,Plesae assist because the payroll portal denies my login.,Access,sintetico_gerado_por_IA,plesae assist because the payroll portal denies my login,medicao,Hardware,0.48250651167689335,baixa,False,desviado_para_pessoa,False,desviado_para_pessoa
R0028,erros_de_digitacao,ingles,Please asssit because the payroll portal ends my session.,Access,sintetico_gerado_por_IA,please asssit because the payroll portal ends my session,calibracao,Hardware,0.4491413962162715,baixa,False,desviado_para_pessoa,False,desviado_para_pessoa
R0029,erros_de_digitacao,ingles,Please assist becuase the corporate email rejects my password.,Access,sintetico_gerado_por_IA,please assist becuase the corporate email rejects my password,medicao,Access,0.9848255604530853,alta,False,direto_certo,False,direto_certo
R0030,erros_de_digitacao,ingles,Please asssit because the corporate email locks me out.,Access,sintetico_gerado_por_IA,please asssit because the corporate email locks me out,medicao,Hardware,0.39114359589370323,baixa,False,desviado_para_pessoa,False,desviado_para_pessoa
R0031,erros_de_digitacao,ingles,Plesae assist because the corporate email denies my login.,Access,sintetico_gerado_por_IA,plesae assist because the corporate email denies my login,calibracao,Hardware,0.5141112363400583,baixa,False,desviado_para_pessoa,False,desviado_para_pessoa
R0032,erros_de_digitacao,ingles,Please asssit because the corporate email ends my session.,Access,sintetico_gerado_por_IA,please asssit because the corporate email ends my session,calibracao,Hardware,0.45484437528301686,baixa,False,desviado_para_pessoa,False,desviado_para_pessoa
R0033,erros_de_digitacao,ingles,Plesae assist because the timesheet rejects my password.,Access,sintetico_gerado_por_IA,plesae assist because the timesheet rejects my password,medicao,Access,0.9958609449011342,alta,False,direto_certo,False,direto_certo
R0034,erros_de_digitacao,ingles,Please asssit because the timesheet locks me out.,Access,sintetico_gerado_por_IA,please asssit because the timesheet locks me out,medicao,Hardware,0.3397470812980736,baixa,False,desviado_para_pessoa,False,desviado_para_pessoa
R0035,erros_de_digitacao,ingles,Please assist because the timesheet deneis my login.,Access,sintetico_gerado_por_IA,please assist because the timesheet deneis my login,calibracao,Hardware,0.2772895912527172,baixa,False,desviado_para_pessoa,False,desviado_para_pessoa
R0036,erros_de_digitacao,ingles,Plesae assist because the timesheet ends my session.,Access,sintetico_gerado_por_IA,plesae assist because the timesheet ends my session,medicao,Hardware,0.5171533596946533,baixa,False,desviado_para_pessoa,False,desviado_para_pessoa
R0037,erros_de_digitacao,ingles,Please assist because the intranet rejcets my password.,Access,sintetico_gerado_por_IA,please assist because the intranet rejcets my password,calibracao,Access,0.9926709703371402,alta,False,direto_certo,False,direto_certo
R0038,erros_de_digitacao,ingles,Please asssit because the intranet locks me out.,Access,sintetico_gerado_por_IA,please asssit because the intranet locks me out,calibracao,Hardware,0.3397470812980736,baixa,False,desviado_para_pessoa,False,desviado_para_pessoa
R0039,erros_de_digitacao,ingles,Please assist because the intrnaet denies my login.,Access,sintetico_gerado_por_IA,please assist because the intrnaet denies my login,calibracao,Hardware,0.2772895912527172,baixa,False,desviado_para_pessoa,False,desviado_para_pessoa
R0040,erros_de_digitacao,ingles,Please assist because the intranet ends my sessoin.,Access,sintetico_gerado_por_IA,please assist because the intranet ends my sessoin,calibracao,Hardware,0.31278411198135625,baixa,False,desviado_para_pessoa,False,desviado_para_pessoa
R0041,textos_curtos,ingles,VPN blocked,Access,sintetico_gerado_por_IA,vpn blocked,calibracao,Access,0.7572651245043251,alta,False,direto_certo,False,direto_certo
R0042,mistura_de_idiomas,misto,No puedo VPN because it rejects my password,Access,sintetico_gerado_por_IA,no puedo vpn because it rejects my password,calibracao,Access,0.9830637952318843,alta,True,desviado_para_pessoa,False,desviado_para_pessoa
R0043,textos_curtos,ingles,email unavailable,Access,sintetico_gerado_por_IA,email unavailable,medicao,Hardware,0.5143535927384442,baixa,False,desviado_para_pessoa,False,desviado_para_pessoa
R0044,mistura_de_idiomas,misto,Necesito ayuda para payroll portal because it locks me out,Access,sintetico_gerado_por_IA,necesito ayuda para payroll portal because it locks me out,medicao,Hardware,0.3978486225786714,baixa,True,desviado_para_pessoa,False,desviado_para_pessoa
R0045,textos_curtos,ingles,intranet problem,Access,sintetico_gerado_por_IA,intranet problem,medicao,Administrative rights,0.4388359325746295,baixa,False,desviado_para_pessoa,False,desviado_para_pessoa
R0046,mistura_de_idiomas,misto,Por favor necesito corporate email because it denies my login,Access,sintetico_gerado_por_IA,por favor necesito corporate email because it denies my login,medicao,Hardware,0.3755398286844861,baixa,True,desviado_para_pessoa,False,desviado_para_pessoa
R0047,textos_curtos,ingles,timesheet request,Access,sintetico_gerado_por_IA,timesheet request,medicao,Miscellaneous,0.4228026761801552,baixa,False,desviado_para_pessoa,False,desviado_para_pessoa
R0048,mistura_de_idiomas,misto,Mi equipo dice que timesheet because it ends my session,Access,sintetico_gerado_por_IA,mi equipo dice que timesheet because it ends my session,calibracao,Hardware,0.37067311178497414,baixa,True,desviado_para_pessoa,False,desviado_para_pessoa
R0049,textos_curtos,ingles,portal needed,Access,sintetico_gerado_por_IA,portal needed,calibracao,Hardware,0.6392736444281132,alta,False,direto_fila_errada,False,direto_fila_errada
R0050,mistura_de_idiomas,misto,Hoje não consigo intranet because it rejects my password,Access,sintetico_gerado_por_IA,hoje nao consigo intranet because it rejects my password,medicao,Access,0.9940523954054586,alta,True,desviado_para_pessoa,False,desviado_para_pessoa
R0051,textos_curtos,ingles,account failed,Access,sintetico_gerado_por_IA,account failed,calibracao,Access,0.9986067601995992,alta,False,direto_certo,False,direto_certo
R0052,mistura_de_idiomas,misto,Preciso resolver VPN because it locks me out,Access,sintetico_gerado_por_IA,preciso resolver vpn because it locks me out,medicao,Hardware,0.40783366697172896,baixa,True,desviado_para_pessoa,False,desviado_para_pessoa
R0053,textos_curtos,ingles,login urgent,Access,sintetico_gerado_por_IA,login urgent,medicao,Hardware,0.45232862351724723,baixa,False,desviado_para_pessoa,False,desviado_para_pessoa
R0054,mistura_de_idiomas,misto,Pode ajudar com payroll portal because it denies my login,Access,sintetico_gerado_por_IA,pode ajudar com payroll portal because it denies my login,medicao,Miscellaneous,0.3208113441032218,baixa,True,desviado_para_pessoa,False,desviado_para_pessoa
R0055,textos_curtos,ingles,VPN incorrect,Access,sintetico_gerado_por_IA,vpn incorrect,medicao,Miscellaneous,0.36292741433544257,baixa,False,desviado_para_pessoa,False,desviado_para_pessoa
R0056,mistura_de_idiomas,misto,Meu colega reportou que corporate email because it ends my session,Access,sintetico_gerado_por_IA,meu colega reportou que corporate email because it ends my session,medicao,Hardware,0.41593730162197984,baixa,True,desviado_para_pessoa,False,desviado_para_pessoa
R0057,textos_curtos,ingles,email missing,Access,sintetico_gerado_por_IA,email missing,calibracao,Hardware,0.25130306370627753,baixa,False,desviado_para_pessoa,False,desviado_para_pessoa
R0058,mistura_de_idiomas,misto,La oficina informa que timesheet because it rejects my password,Access,sintetico_gerado_por_IA,la oficina informa que timesheet because it rejects my password,medicao,Access,0.9420026448841208,alta,True,desviado_para_pessoa,False,desviado_para_pessoa
R0059,textos_curtos,ingles,intranet full,Access,sintetico_gerado_por_IA,intranet full,calibracao,Storage,0.9800246021266662,alta,False,direto_fila_errada,False,direto_fila_errada
R0060,mistura_de_idiomas,misto,Quiero corregir intranet because it locks me out,Access,sintetico_gerado_por_IA,quiero corregir intranet because it locks me out,calibracao,Hardware,0.3669922278163621,baixa,True,desviado_para_pessoa,False,desviado_para_pessoa
R0061,textos_curtos,ingles,timesheet broken,Access,sintetico_gerado_por_IA,timesheet broken,medicao,Hardware,0.7664782548260465,alta,False,direto_fila_errada,False,direto_fila_errada
R0062,mistura_de_idiomas,misto,Não funciona VPN because it denies my login,Access,sintetico_gerado_por_IA,nao funciona vpn because it denies my login,calibracao,Hardware,0.3271763014019759,baixa,True,desviado_para_pessoa,False,desviado_para_pessoa
R0063,textos_curtos,ingles,portal approval,Access,sintetico_gerado_por_IA,portal approval,medicao,Miscellaneous,0.9972737608218579,alta,False,direto_fila_errada,False,direto_fila_errada
R0064,mistura_de_idiomas,misto,Tenemos un problema con payroll portal because it ends my session,Access,sintetico_gerado_por_IA,tenemos un problema con payroll portal because it ends my session,calibracao,Hardware,0.4420400600245558,baixa,True,desviado_para_pessoa,False,desviado_para_pessoa
R0065,textos_curtos,ingles,account support,Access,sintetico_gerado_por_IA,account support,medicao,Access,0.9984498691144018,alta,False,direto_certo,False,direto_certo
R0066,mistura_de_idiomas,misto,Favor verificar corporate email because it rejects my password,Access,sintetico_gerado_por_IA,favor verificar corporate email because it rejects my password,calibracao,Access,0.9112732813631708,alta,True,desviado_para_pessoa,False,desviado_para_pessoa
R0067,reformulacoes_8_filas,ingles,The analytics client requires administrator approval.,Administrative rights,sintetico_gerado_por_IA,the analytics client requires administrator approval,calibracao,Miscellaneous,0.7276224908403107,alta,True,desviado_para_pessoa,False,desviado_para_pessoa
R0068,reformulacoes_8_filas,ingles,The analytics client is blocked by policy.,Administrative rights,sintetico_gerado_por_IA,the analytics client is blocked by policy,calibracao,Access,0.46191587193247124,baixa,False,desviado_para_pessoa,False,desviado_para_pessoa
R0069,reformulacoes_8_filas,ingles,The analytics client needs elevated permission.,Administrative rights,sintetico_gerado_por_IA,the analytics client needs elevated permission,calibracao,Hardware,0.34998689773956304,baixa,True,desviado_para_pessoa,False,desviado_para_pessoa
R0070,reformulacoes_8_filas,ingles,The analytics client requests privileged access.,Administrative rights,sintetico_gerado_por_IA,the analytics client requests privileged access,calibracao,HR Support,0.3471856945577242,baixa,True,desviado_para_pessoa,False,desviado_para_pessoa
R0071,reformulacoes_8_filas,ingles,The graphics driver requires administrator approval.,Administrative rights,sintetico_gerado_por_IA,the graphics driver requires administrator approval,calibracao,Miscellaneous,0.769256543069167,alta,False,direto_fila_errada,False,direto_fila_errada
R0072,reformulacoes_8_filas,ingles,The graphics driver is blocked by policy.,Administrative rights,sintetico_gerado_por_IA,the graphics driver is blocked by policy,medicao,Access,0.3840894788064493,baixa,False,desviado_para_pessoa,False,desviado_para_pessoa
R0073,reformulacoes_8_filas,ingles,The graphics driver needs elevated permission.,Administrative rights,sintetico_gerado_por_IA,the graphics driver needs elevated permission,calibracao,Hardware,0.3935226558007526,baixa,False,desviado_para_pessoa,False,desviado_para_pessoa
R0074,reformulacoes_8_filas,ingles,The graphics driver requests privileged access.,Administrative rights,sintetico_gerado_por_IA,the graphics driver requests privileged access,calibracao,Hardware,0.33840672415718404,baixa,False,desviado_para_pessoa,False,desviado_para_pessoa
R0075,reformulacoes_8_filas,ingles,The audit utility requires administrator approval.,Administrative rights,sintetico_gerado_por_IA,the audit utility requires administrator approval,calibracao,Miscellaneous,0.8344948777378808,alta,False,direto_fila_errada,False,direto_fila_errada
R0076,reformulacoes_8_filas,ingles,The audit utility is blocked by policy.,Administrative rights,sintetico_gerado_por_IA,the audit utility is blocked by policy,medicao,Access,0.4172798820428001,baixa,False,desviado_para_pessoa,False,desviado_para_pessoa
R0077,reformulacoes_8_filas,ingles,The audit utility needs elevated permission.,Administrative rights,sintetico_gerado_por_IA,the audit utility needs elevated permission,calibracao,Access,0.21953657160506523,baixa,False,desviado_para_pessoa,False,desviado_para_pessoa
R0078,reformulacoes_8_filas,ingles,The audit utility requests privileged access.,Administrative rights,sintetico_gerado_por_IA,the audit utility requests privileged access,medicao,HR Support,0.3380833803099326,baixa,False,desviado_para_pessoa,False,desviado_para_pessoa
R0079,reformulacoes_8_filas,ingles,The firewall settings requires administrator approval.,Administrative rights,sintetico_gerado_por_IA,the firewall settings requires administrator approval,medicao,Miscellaneous,0.8559899240438668,alta,True,desviado_para_pessoa,False,desviado_para_pessoa
R0080,reformulacoes_8_filas,ingles,The firewall settings is blocked by policy.,Administrative rights,sintetico_gerado_por_IA,the firewall settings is blocked by policy,calibracao,Access,0.3333541202281697,baixa,False,desviado_para_pessoa,False,desviado_para_pessoa
R0081,reformulacoes_8_filas,ingles,The firewall settings needs elevated permission.,Administrative rights,sintetico_gerado_por_IA,the firewall settings needs elevated permission,medicao,Storage,0.24244539559257908,baixa,True,desviado_para_pessoa,False,desviado_para_pessoa
R0082,reformulacoes_8_filas,ingles,The firewall settings requests privileged access.,Administrative rights,sintetico_gerado_por_IA,the firewall settings requests privileged access,medicao,HR Support,0.5878437618774844,alta,True,desviado_para_pessoa,False,desviado_para_pessoa
R0083,reformulacoes_8_filas,ingles,The Java console requires administrator approval.,Administrative rights,sintetico_gerado_por_IA,the java console requires administrator approval,calibracao,Miscellaneous,0.8360970952757395,alta,False,direto_fila_errada,False,direto_fila_errada
R0084,reformulacoes_8_filas,ingles,The Java console is blocked by policy.,Administrative rights,sintetico_gerado_por_IA,the java console is blocked by policy,calibracao,Access,0.38432863410677465,baixa,False,desviado_para_pessoa,False,desviado_para_pessoa
R0085,reformulacoes_8_filas,ingles,The Java console needs elevated permission.,Administrative rights,sintetico_gerado_por_IA,the java console needs elevated permission,medicao,Hardware,0.280874960910208,baixa,False,desviado_para_pessoa,False,desviado_para_pessoa
R0086,reformulacoes_8_filas,ingles,The Java console requests privileged access.,Administrative rights,sintetico_gerado_por_IA,the java console requests privileged access,calibracao,HR Support,0.44951833419082043,baixa,False,desviado_para_pessoa,False,desviado_para_pessoa
R0087,erros_de_digitacao,ingles,Plesae assist because the analytics client requires administrator approval.,Administrative rights,sintetico_gerado_por_IA,plesae assist because the analytics client requires administrator approval,calibracao,Miscellaneous,0.6756485274794118,alta,True,desviado_para_pessoa,False,desviado_para_pessoa
R0088,erros_de_digitacao,ingles,Please asssit because the analytics client is blocked by policy.,Administrative rights,sintetico_gerado_por_IA,please asssit because the analytics client is blocked by policy,medicao,Access,0.4213542830251844,baixa,False,desviado_para_pessoa,False,desviado_para_pessoa
R0089,erros_de_digitacao,ingles,Please assist becuase the analytics client needs elevated permission.,Administrative rights,sintetico_gerado_por_IA,please assist becuase the analytics client needs elevated permission,calibracao,Hardware,0.29315935845756075,baixa,False,desviado_para_pessoa,False,desviado_para_pessoa
R0090,erros_de_digitacao,ingles,Please assist because the analtyics client requests privileged access.,Administrative rights,sintetico_gerado_por_IA,please assist because the analtyics client requests privileged access,calibracao,HR Support,0.34729713829483094,baixa,False,desviado_para_pessoa,False,desviado_para_pessoa
R0091,erros_de_digitacao,ingles,Please assist because the graphics drievr requires administrator approval.,Administrative rights,sintetico_gerado_por_IA,please assist because the graphics drievr requires administrator approval,medicao,Miscellaneous,0.8212436991618128,alta,False,direto_fila_errada,False,direto_fila_errada
R0092,erros_de_digitacao,ingles,Please assist because the graphics driver is blokced by policy.,Administrative rights,sintetico_gerado_por_IA,please assist because the graphics driver is blokced by policy,medicao,Hardware,0.5099468273651244,baixa,False,desviado_para_pessoa,False,desviado_para_pessoa
R0093,erros_de_digitacao,ingles,Please assist because the graphics driver needs elevated permission.,Administrative rights,sintetico_gerado_por_IA,please assist because the graphics driver needs elevated permission,medicao,Hardware,0.38684401035973165,baixa,False,desviado_para_pessoa,False,desviado_para_pessoa
R0094,erros_de_digitacao,ingles,Please assist because the graphics driver requests privileged accses.,Administrative rights,sintetico_gerado_por_IA,please assist because the graphics driver requests privileged accses,calibracao,Hardware,0.34539411009276816,baixa,False,desviado_para_pessoa,False,desviado_para_pessoa
R0095,erros_de_digitacao,ingles,Please asssit because the audit utility requires administrator approval.,Administrative rights,sintetico_gerado_por_IA,please asssit because the audit utility requires administrator approval,medicao,Miscellaneous,0.84629589573251,alta,False,direto_fila_errada,False,direto_fila_errada
R0096,erros_de_digitacao,ingles,Please assist because the audit utiilty is blocked by policy.,Administrative rights,sintetico_gerado_por_IA,please assist because the audit utiilty is blocked by policy,medicao,Access,0.46994758283656973,baixa,False,desviado_para_pessoa,False,desviado_para_pessoa
R0097,erros_de_digitacao,ingles,Please assist because the audit utility needs elevtaed permission.,Administrative rights,sintetico_gerado_por_IA,please assist because the audit utility needs elevtaed permission,medicao,Access,0.2389326277255725,baixa,False,desviado_para_pessoa,False,desviado_para_pessoa
R0098,erros_de_digitacao,ingles,Please assist because the audit utility requsets privileged access.,Administrative rights,sintetico_gerado_por_IA,please assist because the audit utility requsets privileged access,medicao,HR Support,0.31849074901330654,baixa,False,desviado_para_pessoa,False,desviado_para_pessoa
R0099,erros_de_digitacao,ingles,Please assist because the firewall settnigs requires administrator approval.,Administrative rights,sintetico_gerado_por_IA,please assist because the firewall settnigs requires administrator approval,medicao,Miscellaneous,0.873221468059955,alta,False,direto_fila_errada,False,direto_fila_errada
R0100,erros_de_digitacao,ingles,Please assist because the firewall settings is blocked by polciy.,Administrative rights,sintetico_gerado_por_IA,please assist because the firewall settings is blocked by polciy,medicao,Access,0.3926045054668486,baixa,False,desviado_para_pessoa,False,desviado_para_pessoa
R0101,erros_de_digitacao,ingles,Plesae assist because the firewall settings needs elevated permission.,Administrative rights,sintetico_gerado_por_IA,plesae assist because the firewall settings needs elevated permission,calibracao,Hardware,0.26350359651949584,baixa,True,desviado_para_pessoa,False,desviado_para_pessoa
R0102,erros_de_digitacao,ingles,Please assist because the firewall settings requests privileged accses.,Administrative rights,sintetico_gerado_por_IA,please assist because the firewall settings requests privileged accses,calibracao,Miscellaneous,0.30822121270627634,baixa,False,desviado_para_pessoa,False,desviado_para_pessoa
R0103,erros_de_digitacao,ingles,Please assist becuase the java console requires administrator approval.,Administrative rights,sintetico_gerado_por_IA,please assist becuase the java console requires administrator approval,medicao,Miscellaneous,0.818110164311159,alta,False,direto_fila_errada,False,direto_fila_errada
R0104,erros_de_digitacao,ingles,Please assist because the java console is blocked by polciy.,Administrative rights,sintetico_gerado_por_IA,please assist because the java console is blocked by polciy,medicao,Access,0.426119215643974,baixa,False,desviado_para_pessoa,False,desviado_para_pessoa
R0105,erros_de_digitacao,ingles,Plesae assist because the java console needs elevated permission.,Administrative rights,sintetico_gerado_por_IA,plesae assist because the java console needs elevated permission,medicao,Hardware,0.357621485946785,baixa,False,desviado_para_pessoa,False,desviado_para_pessoa
R0106,erros_de_digitacao,ingles,Please assist because the java console requests privielged access.,Administrative rights,sintetico_gerado_por_IA,please assist because the java console requests privielged access,medicao,HR Support,0.4828620056367903,baixa,False,desviado_para_pessoa,False,desviado_para_pessoa
R0107,textos_curtos,ingles,admin blocked,Administrative rights,sintetico_gerado_por_IA,admin blocked,calibracao,Access,0.7293674705049571,alta,False,direto_fila_errada,False,direto_fila_errada
R0108,mistura_de_idiomas,misto,No puedo analytics client because it requires administrator approval,Administrative rights,sintetico_gerado_por_IA,no puedo analytics client because it requires administrator approval,medicao,Miscellaneous,0.6466731775484816,alta,True,desviado_para_pessoa,False,desviado_para_pessoa
R0109,textos_curtos,ingles,elevation unavailable,Administrative rights,sintetico_gerado_por_IA,elevation unavailable,calibracao,Hardware,0.5143535927384442,baixa,False,desviado_para_pessoa,False,desviado_para_pessoa
R0110,mistura_de_idiomas,misto,Necesito ayuda para graphics driver because it is blocked by policy,Administrative rights,sintetico_gerado_por_IA,necesito ayuda para graphics driver because it is blocked by policy,calibracao,Access,0.3078973549999376,baixa,True,desviado_para_pessoa,False,desviado_para_pessoa
R0111,textos_curtos,ingles,privileges problem,Administrative rights,sintetico_gerado_por_IA,privileges problem,medicao,Hardware,0.3232686146435057,baixa,False,desviado_para_pessoa,False,desviado_para_pessoa
R0112,mistura_de_idiomas,misto,Por favor necesito audit utility because it needs elevated permission,Administrative rights,sintetico_gerado_por_IA,por favor necesito audit utility because it needs elevated permission,calibracao,Hardware,0.24501365676996037,baixa,True,desviado_para_pessoa,False,desviado_para_pessoa
R0113,textos_curtos,ingles,administrator request,Administrative rights,sintetico_gerado_por_IA,administrator request,medicao,Purchase,0.9706034656531075,alta,False,direto_fila_errada,False,direto_fila_errada
R0114,mistura_de_idiomas,misto,Mi equipo dice que firewall settings because it requests privileged access,Administrative rights,sintetico_gerado_por_IA,mi equipo dice que firewall settings because it requests privileged access,medicao,HR Support,0.4388239589656736,baixa,True,desviado_para_pessoa,False,desviado_para_pessoa
R0115,textos_curtos,ingles,sudo needed,Administrative rights,sintetico_gerado_por_IA,sudo needed,calibracao,Hardware,0.5919229598076692,alta,False,direto_fila_errada,False,direto_fila_errada
R0116,mistura_de_idiomas,misto,Hoje não consigo Java console because it requires administrator approval,Administrative rights,sintetico_gerado_por_IA,hoje nao consigo java console because it requires administrator approval,calibracao,Miscellaneous,0.7711079893043595,alta,True,desviado_para_pessoa,False,desviado_para_pessoa
R0117,textos_curtos,ingles,permission failed,Administrative rights,sintetico_gerado_por_IA,permission failed,medicao,Hardware,0.3054916271353196,baixa,False,desviado_para_pessoa,False,desviado_para_pessoa
R0118,mistura_de_idiomas,misto,Preciso resolver analytics client because it is blocked by policy,Administrative rights,sintetico_gerado_por_IA,preciso resolver analytics client because it is blocked by policy,medicao,Access,0.3356089876534574,baixa,True,desviado_para_pessoa,False,desviado_para_pessoa
R0119,textos_curtos,ingles,rights urgent,Administrative rights,sintetico_gerado_por_IA,rights urgent,medicao,Storage,0.6810949689259889,alta,False,direto_fila_errada,False,direto_fila_errada
R0120,mistura_de_idiomas,misto,Pode ajudar com graphics driver because it needs elevated permission,Administrative rights,sintetico_gerado_por_IA,pode ajudar com graphics driver because it needs elevated permission,medicao,Hardware,0.35263113684630587,baixa,True,desviado_para_pessoa,False,desviado_para_pessoa
R0121,textos_curtos,ingles,admin incorrect,Administrative rights,sintetico_gerado_por_IA,admin incorrect,calibracao,Miscellaneous,0.260494676582102,baixa,False,desviado_para_pessoa,False,desviado_para_pessoa
R0122,mistura_de_idiomas,misto,Meu colega reportou que audit utility because it requests privileged access,Administrative rights,sintetico_gerado_por_IA,meu colega reportou que audit utility because it requests privileged access,calibracao,HR Support,0.2818833258928814,baixa,True,desviado_para_pessoa,False,desviado_para_pessoa
R0123,textos_curtos,ingles,elevation missing,Administrative rights,sintetico_gerado_por_IA,elevation missing,medicao,Hardware,0.25130306370627753,baixa,False,desviado_para_pessoa,False,desviado_para_pessoa
R0124,mistura_de_idiomas,misto,La oficina informa que firewall settings because it requires administrator approval,Administrative rights,sintetico_gerado_por_IA,la oficina informa que firewall settings because it requires administrator approval,medicao,Miscellaneous,0.6857256105989608,alta,True,desviado_para_pessoa,False,desviado_para_pessoa
R0125,textos_curtos,ingles,privileges full,Administrative rights,sintetico_gerado_por_IA,privileges full,medicao,Storage,0.714630612199947,alta,False,direto_fila_errada,False,direto_fila_errada
R0126,mistura_de_idiomas,misto,Quiero corregir Java console because it is blocked by policy,Administrative rights,sintetico_gerado_por_IA,quiero corregir java console because it is blocked by policy,calibracao,Access,0.3328185662059852,baixa,True,desviado_para_pessoa,False,desviado_para_pessoa
R0127,textos_curtos,ingles,administrator broken,Administrative rights,sintetico_gerado_por_IA,administrator broken,medicao,Purchase,0.5563650803562369,alta,False,direto_fila_errada,False,direto_fila_errada
R0128,mistura_de_idiomas,misto,Não funciona analytics client because it needs elevated permission,Administrative rights,sintetico_gerado_por_IA,nao funciona analytics client because it needs elevated permission,medicao,Hardware,0.4009155089675911,baixa,True,desviado_para_pessoa,False,desviado_para_pessoa
R0129,textos_curtos,ingles,sudo approval,Administrative rights,sintetico_gerado_por_IA,sudo approval,medicao,Miscellaneous,0.9999789336987738,alta,False,direto_fila_errada,False,direto_fila_errada
R0130,mistura_de_idiomas,misto,Tenemos un problema con graphics driver because it requests privileged access,Administrative rights,sintetico_gerado_por_IA,tenemos un problema con graphics driver because it requests privileged access,calibracao,Hardware,0.3480113729868133,baixa,True,desviado_para_pessoa,False,desviado_para_pessoa
R0131,textos_curtos,ingles,permission support,Administrative rights,sintetico_gerado_por_IA,permission support,calibracao,Miscellaneous,0.28802164283552095,baixa,False,desviado_para_pessoa,False,desviado_para_pessoa
R0132,mistura_de_idiomas,misto,Favor verificar audit utility because it requires administrator approval,Administrative rights,sintetico_gerado_por_IA,favor verificar audit utility because it requires administrator approval,calibracao,Miscellaneous,0.7306602452114386,alta,False,direto_fila_errada,False,direto_fila_errada
R0133,reformulacoes_8_filas,ingles,The salary record shows the wrong value.,HR Support,sintetico_gerado_por_IA,the salary record shows the wrong value,calibracao,Miscellaneous,0.2974747055220023,baixa,False,desviado_para_pessoa,False,desviado_para_pessoa
R0134,reformulacoes_8_filas,ingles,The salary record needs correction.,HR Support,sintetico_gerado_por_IA,the salary record needs correction,calibracao,Hardware,0.32174241199557635,baixa,False,desviado_para_pessoa,False,desviado_para_pessoa
R0135,reformulacoes_8_filas,ingles,The salary record is missing an update.,HR Support,sintetico_gerado_por_IA,the salary record is missing an update,calibracao,Hardware,0.2692725541172864,baixa,False,desviado_para_pessoa,False,desviado_para_pessoa
R0136,reformulacoes_8_filas,ingles,The salary record disagrees with my documents.,HR Support,sintetico_gerado_por_IA,the salary record disagrees with my documents,calibracao,Hardware,0.7181937213366092,alta,False,direto_fila_errada,False,direto_fila_errada
R0137,reformulacoes_8_filas,ingles,The vacation balance shows the wrong value.,HR Support,sintetico_gerado_por_IA,the vacation balance shows the wrong value,medicao,HR Support,0.32761751906966197,baixa,False,desviado_para_pessoa,False,desviado_para_pessoa
R0138,reformulacoes_8_filas,ingles,The vacation balance needs correction.,HR Support,sintetico_gerado_por_IA,the vacation balance needs correction,calibracao,HR Support,0.33694372732749645,baixa,False,desviado_para_pessoa,False,desviado_para_pessoa
R0139,reformulacoes_8_filas,ingles,The vacation balance is missing an update.,HR Support,sintetico_gerado_por_IA,the vacation balance is missing an update,calibracao,Hardware,0.22803657856094658,baixa,False,desviado_para_pessoa,False,desviado_para_pessoa
R0140,reformulacoes_8_filas,ingles,The vacation balance disagrees with my documents.,HR Support,sintetico_gerado_por_IA,the vacation balance disagrees with my documents,medicao,Hardware,0.6314902660790187,alta,False,direto_fila_errada,False,direto_fila_errada
R0141,reformulacoes_8_filas,ingles,The health benefit shows the wrong value.,HR Support,sintetico_gerado_por_IA,the health benefit shows the wrong value,calibracao,Miscellaneous,0.428731361627375,baixa,False,desviado_para_pessoa,False,desviado_para_pessoa
R0142,reformulacoes_8_filas,ingles,The health benefit needs correction.,HR Support,sintetico_gerado_por_IA,the health benefit needs correction,medicao,Hardware,0.30294058312694344,baixa,True,desviado_para_pessoa,False,desviado_para_pessoa
R0143,reformulacoes_8_filas,ingles,The health benefit is missing an update.,HR Support,sintetico_gerado_por_IA,the health benefit is missing an update,calibracao,Administrative rights,0.26660151646863717,baixa,False,desviado_para_pessoa,False,desviado_para_pessoa
R0144,reformulacoes_8_filas,ingles,The health benefit disagrees with my documents.,HR Support,sintetico_gerado_por_IA,the health benefit disagrees with my documents,medicao,Hardware,0.7325466825013511,alta,False,direto_fila_errada,False,direto_fila_errada
R0145,reformulacoes_8_filas,ingles,The job title shows the wrong value.,HR Support,sintetico_gerado_por_IA,the job title shows the wrong value,medicao,Miscellaneous,0.41825287167339786,baixa,False,desviado_para_pessoa,False,desviado_para_pessoa
R0146,reformulacoes_8_filas,ingles,The job title needs correction.,HR Support,sintetico_gerado_por_IA,the job title needs correction,medicao,HR Support,0.32163564606741696,baixa,False,desviado_para_pessoa,False,desviado_para_pessoa
R0147,reformulacoes_8_filas,ingles,The job title is missing an update.,HR Support,sintetico_gerado_por_IA,the job title is missing an update,medicao,Miscellaneous,0.31595449625786626,baixa,False,desviado_para_pessoa,False,desviado_para_pessoa
R0148,reformulacoes_8_filas,ingles,The job title disagrees with my documents.,HR Support,sintetico_gerado_por_IA,the job title disagrees with my documents,medicao,Hardware,0.5224489271621374,media,False,desviado_para_pessoa,False,desviado_para_pessoa
R0149,reformulacoes_8_filas,ingles,The tax withholding shows the wrong value.,HR Support,sintetico_gerado_por_IA,the tax withholding shows the wrong value,medicao,Miscellaneous,0.36101411731561445,baixa,False,desviado_para_pessoa,False,desviado_para_pessoa
R0150,reformulacoes_8_filas,ingles,The tax withholding needs correction.,HR Support,sintetico_gerado_por_IA,the tax withholding needs correction,calibracao,Hardware,0.2747153899330319,baixa,True,desviado_para_pessoa,False,desviado_para_pessoa
R0151,reformulacoes_8_filas,ingles,The tax withholding is missing an update.,HR Support,sintetico_gerado_por_IA,the tax withholding is missing an update,medicao,Administrative rights,0.2747355209335653,baixa,False,desviado_para_pessoa,False,desviado_para_pessoa
R0152,reformulacoes_8_filas,ingles,The tax withholding disagrees with my documents.,HR Support,sintetico_gerado_por_IA,the tax withholding disagrees with my documents,medicao,Hardware,0.7014297270429505,alta,False,direto_fila_errada,False,direto_fila_errada
R0153,erros_de_digitacao,ingles,Plesae assist because the salary record shows the wrong value.,HR Support,sintetico_gerado_por_IA,plesae assist because the salary record shows the wrong value,medicao,Hardware,0.2714479027812319,baixa,False,desviado_para_pessoa,False,desviado_para_pessoa
R0154,erros_de_digitacao,ingles,Please asssit because the salary record needs correction.,HR Support,sintetico_gerado_por_IA,please asssit because the salary record needs correction,calibracao,Hardware,0.31766707839327096,baixa,False,desviado_para_pessoa,False,desviado_para_pessoa
R0155,erros_de_digitacao,ingles,Please assist becuase the salary record is missing an update.,HR Support,sintetico_gerado_por_IA,please assist becuase the salary record is missing an update,calibracao,Hardware,0.2467025812822563,baixa,False,desviado_para_pessoa,False,desviado_para_pessoa
R0156,erros_de_digitacao,ingles,Please assist because the salray record disagrees with my documents.,HR Support,sintetico_gerado_por_IA,please assist because the salray record disagrees with my documents,medicao,Hardware,0.7069651554063152,alta,False,direto_fila_errada,False,direto_fila_errada
R0157,erros_de_digitacao,ingles,Please assist because the vacation balnace shows the wrong value.,HR Support,sintetico_gerado_por_IA,please assist because the vacation balnace shows the wrong value,calibracao,Miscellaneous,0.305865649916232,baixa,False,desviado_para_pessoa,False,desviado_para_pessoa
R0158,erros_de_digitacao,ingles,Please assist because the vacation balance needs corretcion.,HR Support,sintetico_gerado_por_IA,please assist because the vacation balance needs corretcion,calibracao,HR Support,0.3378144037346377,baixa,False,desviado_para_pessoa,False,desviado_para_pessoa
R0159,erros_de_digitacao,ingles,Please assist because the vacation balance is missing an updtae.,HR Support,sintetico_gerado_por_IA,please assist because the vacation balance is missing an updtae,medicao,HR Support,0.2938004072404817,baixa,False,desviado_para_pessoa,False,desviado_para_pessoa
R0160,erros_de_digitacao,ingles,Plesae assist because the vacation balance disagrees with my documents.,HR Support,sintetico_gerado_por_IA,plesae assist because the vacation balance disagrees with my documents,medicao,Hardware,0.701590272164845,alta,False,direto_fila_errada,False,direto_fila_errada
R0161,erros_de_digitacao,ingles,Please assist because the heatlh benefit shows the wrong value.,HR Support,sintetico_gerado_por_IA,please assist because the heatlh benefit shows the wrong value,calibracao,Miscellaneous,0.4084416508149774,baixa,False,desviado_para_pessoa,False,desviado_para_pessoa
R0162,erros_de_digitacao,ingles,Please assist because the heatlh benefit needs correction.,HR Support,sintetico_gerado_por_IA,please assist because the heatlh benefit needs correction,calibracao,Hardware,0.3053114808739944,baixa,False,desviado_para_pessoa,False,desviado_para_pessoa
R0163,erros_de_digitacao,ingles,Please assist because the heatlh benefit is missing an update.,HR Support,sintetico_gerado_por_IA,please assist because the heatlh benefit is missing an update,medicao,Miscellaneous,0.2792292879756394,baixa,False,desviado_para_pessoa,False,desviado_para_pessoa
R0164,erros_de_digitacao,ingles,Please assist because the health benfeit disagrees with my documents.,HR Support,sintetico_gerado_por_IA,please assist because the health benfeit disagrees with my documents,calibracao,Hardware,0.7552355740260034,alta,False,direto_fila_errada,False,direto_fila_errada
R0165,erros_de_digitacao,ingles,Plesae assist because the job title shows the wrong value.,HR Support,sintetico_gerado_por_IA,plesae assist because the job title shows the wrong value,calibracao,Miscellaneous,0.3680813302233334,baixa,False,desviado_para_pessoa,False,desviado_para_pessoa
R0166,erros_de_digitacao,ingles,Please asssit because the job title needs correction.,HR Support,sintetico_gerado_por_IA,please asssit because the job title needs correction,medicao,HR Support,0.3539353447290443,baixa,False,desviado_para_pessoa,False,desviado_para_pessoa
R0167,erros_de_digitacao,ingles,Please assist because the job title is missing an updtae.,HR Support,sintetico_gerado_por_IA,please assist because the job title is missing an updtae,medicao,HR Support,0.2963819903579556,baixa,False,desviado_para_pessoa,False,desviado_para_pessoa
R0168,erros_de_digitacao,ingles,Plesae assist because the job title disagrees with my documents.,HR Support,sintetico_gerado_por_IA,plesae assist because the job title disagrees with my documents,medicao,Hardware,0.6072389188946218,alta,False,direto_fila_errada,False,direto_fila_errada
R0169,erros_de_digitacao,ingles,Plesae assist because the tax withholding shows the wrong value.,HR Support,sintetico_gerado_por_IA,plesae assist because the tax withholding shows the wrong value,medicao,Miscellaneous,0.3118005657929583,baixa,False,desviado_para_pessoa,False,desviado_para_pessoa
R0170,erros_de_digitacao,ingles,Please assist becuase the tax withholding needs correction.,HR Support,sintetico_gerado_por_IA,please assist becuase the tax withholding needs correction,calibracao,Hardware,0.22787370042980137,baixa,False,desviado_para_pessoa,False,desviado_para_pessoa
R0171,erros_de_digitacao,ingles,Plesae assist because the tax withholding is missing an update.,HR Support,sintetico_gerado_por_IA,plesae assist because the tax withholding is missing an update,calibracao,Hardware,0.33116536021782156,baixa,False,desviado_para_pessoa,False,desviado_para_pessoa
R0172,erros_de_digitacao,ingles,Please asssit because the tax withholding disagrees with my documents.,HR Support,sintetico_gerado_por_IA,please asssit because the tax withholding disagrees with my documents,medicao,Hardware,0.6994215087769364,alta,False,direto_fila_errada,False,direto_fila_errada
R0173,textos_curtos,ingles,payroll blocked,HR Support,sintetico_gerado_por_IA,payroll blocked,medicao,Access,0.5157241819278306,baixa,False,desviado_para_pessoa,False,desviado_para_pessoa
R0174,mistura_de_idiomas,misto,No puedo salary record because it shows the wrong value,HR Support,sintetico_gerado_por_IA,no puedo salary record because it shows the wrong value,calibracao,Miscellaneous,0.2873531007530046,baixa,False,desviado_para_pessoa,False,desviado_para_pessoa
R0175,textos_curtos,ingles,vacation unavailable,HR Support,sintetico_gerado_por_IA,vacation unavailable,medicao,Hardware,0.35073867193299085,baixa,False,desviado_para_pessoa,False,desviado_para_pessoa
R0176,mistura_de_idiomas,misto,Necesito ayuda para vacation balance because it needs correction,HR Support,sintetico_gerado_por_IA,necesito ayuda para vacation balance because it needs correction,calibracao,HR Support,0.2888797846086517,baixa,True,desviado_para_pessoa,False,desviado_para_pessoa
R0177,textos_curtos,ingles,benefits problem,HR Support,sintetico_gerado_por_IA,benefits problem,calibracao,Hardware,0.6525202789440145,alta,False,direto_fila_errada,False,direto_fila_errada
R0178,mistura_de_idiomas,misto,Por favor necesito health benefit because it is missing an update,HR Support,sintetico_gerado_por_IA,por favor necesito health benefit because it is missing an update,calibracao,Hardware,0.27738997515952096,baixa,True,desviado_para_pessoa,False,desviado_para_pessoa
R0179,textos_curtos,ingles,salary request,HR Support,sintetico_gerado_por_IA,salary request,medicao,HR Support,0.3451205422647602,baixa,False,desviado_para_pessoa,False,desviado_para_pessoa
R0180,mistura_de_idiomas,misto,Mi equipo dice que job title because it disagrees with my documents,HR Support,sintetico_gerado_por_IA,mi equipo dice que job title because it disagrees with my documents,calibracao,Hardware,0.4700932204827857,baixa,False,desviado_para_pessoa,False,desviado_para_pessoa
R0181,textos_curtos,ingles,title needed,HR Support,sintetico_gerado_por_IA,title needed,calibracao,Hardware,0.36149901749645413,baixa,False,desviado_para_pessoa,False,desviado_para_pessoa
R0182,mistura_de_idiomas,misto,Hoje não consigo tax withholding because it shows the wrong value,HR Support,sintetico_gerado_por_IA,hoje nao consigo tax withholding because it shows the wrong value,medicao,Miscellaneous,0.33113093261424165,baixa,False,desviado_para_pessoa,False,desviado_para_pessoa
R0183,textos_curtos,ingles,tax failed,HR Support,sintetico_gerado_por_IA,tax failed,medicao,Hardware,0.3614430624989661,baixa,False,desviado_para_pessoa,False,desviado_para_pessoa
R0184,mistura_de_idiomas,misto,Preciso resolver salary record because it needs correction,HR Support,sintetico_gerado_por_IA,preciso resolver salary record because it needs correction,medicao,Hardware,0.38993278807417425,baixa,False,desviado_para_pessoa,False,desviado_para_pessoa
R0185,textos_curtos,ingles,leave urgent,HR Support,sintetico_gerado_por_IA,leave urgent,medicao,HR Support,0.9863143731440078,alta,False,direto_certo,False,direto_certo
R0186,mistura_de_idiomas,misto,Pode ajudar com vacation balance because it is missing an update,HR Support,sintetico_gerado_por_IA,pode ajudar com vacation balance because it is missing an update,calibracao,Hardware,0.21215596442536894,baixa,True,desviado_para_pessoa,False,desviado_para_pessoa
R0187,textos_curtos,ingles,payroll incorrect,HR Support,sintetico_gerado_por_IA,payroll incorrect,calibracao,Miscellaneous,0.3185601264955258,baixa,False,desviado_para_pessoa,False,desviado_para_pessoa
R0188,mistura_de_idiomas,misto,Meu colega reportou que health benefit because it disagrees with my documents,HR Support,sintetico_gerado_por_IA,meu colega reportou que health benefit because it disagrees with my documents,calibracao,Hardware,0.6103851613027725,alta,False,direto_fila_errada,False,direto_fila_errada
R0189,textos_curtos,ingles,vacation missing,HR Support,sintetico_gerado_por_IA,vacation missing,calibracao,HR Support,0.36296982142742806,baixa,False,desviado_para_pessoa,False,desviado_para_pessoa
R0190,mistura_de_idiomas,misto,La oficina informa que job title because it shows the wrong value,HR Support,sintetico_gerado_por_IA,la oficina informa que job title because it shows the wrong value,calibracao,Miscellaneous,0.33715761938033534,baixa,False,desviado_para_pessoa,False,desviado_para_pessoa
R0191,textos_curtos,ingles,benefits full,HR Support,sintetico_gerado_por_IA,benefits full,medicao,Storage,0.7585202629989584,alta,False,direto_fila_errada,False,direto_fila_errada
R0192,mistura_de_idiomas,misto,Quiero corregir tax withholding because it needs correction,HR Support,sintetico_gerado_por_IA,quiero corregir tax withholding because it needs correction,medicao,Hardware,0.3065900845166861,baixa,True,desviado_para_pessoa,False,desviado_para_pessoa
R0193,textos_curtos,ingles,salary broken,HR Support,sintetico_gerado_por_IA,salary broken,calibracao,Hardware,0.6173992932669833,alta,False,direto_fila_errada,False,direto_fila_errada
R0194,mistura_de_idiomas,misto,Não funciona salary record because it is missing an update,HR Support,sintetico_gerado_por_IA,nao funciona salary record because it is missing an update,calibracao,Hardware,0.28747144555010257,baixa,True,desviado_para_pessoa,False,desviado_para_pessoa
R0195,textos_curtos,ingles,title approval,HR Support,sintetico_gerado_por_IA,title approval,calibracao,Miscellaneous,0.998457131526883,alta,False,direto_fila_errada,False,direto_fila_errada
R0196,mistura_de_idiomas,misto,Tenemos un problema con vacation balance because it disagrees with my documents,HR Support,sintetico_gerado_por_IA,tenemos un problema con vacation balance because it disagrees with my documents,calibracao,Hardware,0.5674431792569168,alta,False,direto_fila_errada,False,direto_fila_errada
R0197,textos_curtos,ingles,tax support,HR Support,sintetico_gerado_por_IA,tax support,medicao,Miscellaneous,0.2721783415584952,baixa,False,desviado_para_pessoa,False,desviado_para_pessoa
R0198,mistura_de_idiomas,misto,Favor verificar health benefit because it shows the wrong value,HR Support,sintetico_gerado_por_IA,favor verificar health benefit because it shows the wrong value,calibracao,Miscellaneous,0.3658546812186401,baixa,False,desviado_para_pessoa,False,desviado_para_pessoa
R0199,reformulacoes_8_filas,ingles,The laptop screen has stopped working.,Hardware,sintetico_gerado_por_IA,the laptop screen has stopped working,calibracao,Hardware,0.9642195756536551,alta,False,direto_certo,False,direto_certo
R0200,reformulacoes_8_filas,ingles,The laptop screen is physically damaged.,Hardware,sintetico_gerado_por_IA,the laptop screen is physically damaged,medicao,Hardware,0.9322070167310692,alta,False,direto_certo,False,direto_certo
R0201,reformulacoes_8_filas,ingles,The laptop screen needs replacement.,Hardware,sintetico_gerado_por_IA,the laptop screen needs replacement,calibracao,Hardware,0.9681339463536376,alta,False,direto_certo,False,direto_certo
R0202,reformulacoes_8_filas,ingles,The laptop screen shows a hardware fault.,Hardware,sintetico_gerado_por_IA,the laptop screen shows a hardware fault,calibracao,Hardware,0.8439256049285212,alta,False,direto_certo,False,direto_certo
R0203,reformulacoes_8_filas,ingles,The office monitor has stopped working.,Hardware,sintetico_gerado_por_IA,the office monitor has stopped working,medicao,Hardware,0.9654771882852914,alta,True,desviado_para_pessoa,False,desviado_para_pessoa
R0204,reformulacoes_8_filas,ingles,The office monitor is physically damaged.,Hardware,sintetico_gerado_por_IA,the office monitor is physically damaged,calibracao,Hardware,0.9142953536247996,alta,False,direto_certo,False,direto_certo
R0205,reformulacoes_8_filas,ingles,The office monitor needs replacement.,Hardware,sintetico_gerado_por_IA,the office monitor needs replacement,medicao,Hardware,0.9833068351695451,alta,True,desviado_para_pessoa,False,desviado_para_pessoa
R0206,reformulacoes_8_filas,ingles,The office monitor shows a hardware fault.,Hardware,sintetico_gerado_por_IA,the office monitor shows a hardware fault,calibracao,Hardware,0.8798846328618434,alta,False,direto_certo,False,direto_certo
R0207,reformulacoes_8_filas,ingles,The wireless keyboard has stopped working.,Hardware,sintetico_gerado_por_IA,the wireless keyboard has stopped working,calibracao,Hardware,0.9100812528905972,alta,False,direto_certo,False,direto_certo
R0208,reformulacoes_8_filas,ingles,The wireless keyboard is physically damaged.,Hardware,sintetico_gerado_por_IA,the wireless keyboard is physically damaged,calibracao,Hardware,0.8169046423229815,alta,False,direto_certo,False,direto_certo
R0209,reformulacoes_8_filas,ingles,The wireless keyboard needs replacement.,Hardware,sintetico_gerado_por_IA,the wireless keyboard needs replacement,medicao,Hardware,0.8749236731404448,alta,False,direto_certo,False,direto_certo
R0210,reformulacoes_8_filas,ingles,The wireless keyboard shows a hardware fault.,Hardware,sintetico_gerado_por_IA,the wireless keyboard shows a hardware fault,calibracao,Hardware,0.7057964532150367,alta,False,direto_certo,False,direto_certo
R0211,reformulacoes_8_filas,ingles,The desk mouse has stopped working.,Hardware,sintetico_gerado_por_IA,the desk mouse has stopped working,medicao,Hardware,0.7244427446265946,alta,False,direto_certo,False,direto_certo
R0212,reformulacoes_8_filas,ingles,The desk mouse is physically damaged.,Hardware,sintetico_gerado_por_IA,the desk mouse is physically damaged,medicao,Hardware,0.5577973185300863,alta,False,direto_certo,False,direto_certo
R0213,reformulacoes_8_filas,ingles,The desk mouse needs replacement.,Hardware,sintetico_gerado_por_IA,the desk mouse needs replacement,medicao,Hardware,0.7563502439799992,alta,False,direto_certo,False,direto_certo
R0214,reformulacoes_8_filas,ingles,The desk mouse shows a hardware fault.,Hardware,sintetico_gerado_por_IA,the desk mouse shows a hardware fault,calibracao,Hardware,0.38373950018195985,baixa,False,desviado_para_pessoa,False,desviado_para_pessoa
R0215,reformulacoes_8_filas,ingles,The network printer has stopped working.,Hardware,sintetico_gerado_por_IA,the network printer has stopped working,calibracao,Hardware,0.7545737032698838,alta,False,direto_certo,False,direto_certo
R0216,reformulacoes_8_filas,ingles,The network printer is physically damaged.,Hardware,sintetico_gerado_por_IA,the network printer is physically damaged,calibracao,Hardware,0.5637593742657753,alta,False,direto_certo,False,direto_certo
R0217,reformulacoes_8_filas,ingles,The network printer needs replacement.,Hardware,sintetico_gerado_por_IA,the network printer needs replacement,medicao,Hardware,0.7230672126405698,alta,False,direto_certo,False,direto_certo
R0218,reformulacoes_8_filas,ingles,The network printer shows a hardware fault.,Hardware,sintetico_gerado_por_IA,the network printer shows a hardware fault,calibracao,Hardware,0.40850067926347433,baixa,False,desviado_para_pessoa,False,desviado_para_pessoa
R0219,erros_de_digitacao,ingles,Plesae assist because the laptop screen has stopped working.,Hardware,sintetico_gerado_por_IA,plesae assist because the laptop screen has stopped working,medicao,Hardware,0.9697081207248742,alta,False,direto_certo,False,direto_certo
R0220,erros_de_digitacao,ingles,Please asssit because the laptop screen is physically damaged.,Hardware,sintetico_gerado_por_IA,please asssit because the laptop screen is physically damaged,medicao,Hardware,0.9331766453936824,alta,False,direto_certo,False,direto_certo
R0221,erros_de_digitacao,ingles,Please assist becuase the laptop screen needs replacement.,Hardware,sintetico_gerado_por_IA,please assist becuase the laptop screen needs replacement,medicao,Hardware,0.953258065409267,alta,False,direto_certo,False,direto_certo
R0222,erros_de_digitacao,ingles,Please assist because the lapotp screen shows a hardware fault.,Hardware,sintetico_gerado_por_IA,please assist because the lapotp screen shows a hardware fault,calibracao,HR Support,0.33897164188435613,baixa,False,desviado_para_pessoa,False,desviado_para_pessoa
R0223,erros_de_digitacao,ingles,Please assist because the office montior has stopped working.,Hardware,sintetico_gerado_por_IA,please assist because the office montior has stopped working,calibracao,Hardware,0.6524375330631815,alta,False,direto_certo,False,direto_certo
R0224,erros_de_digitacao,ingles,Please assist because the office monitor is physiaclly damaged.,Hardware,sintetico_gerado_por_IA,please assist because the office monitor is physiaclly damaged,calibracao,Hardware,0.9135203986822121,alta,False,direto_certo,False,direto_certo
R0225,erros_de_digitacao,ingles,Plesae assist because the office monitor needs replacement.,Hardware,sintetico_gerado_por_IA,plesae assist because the office monitor needs replacement,calibracao,Hardware,0.9838425994038844,alta,True,desviado_para_pessoa,False,desviado_para_pessoa
R0226,erros_de_digitacao,ingles,Please asssit because the office monitor shows a hardware fault.,Hardware,sintetico_gerado_por_IA,please asssit because the office monitor shows a hardware fault,calibracao,Hardware,0.8640041378372311,alta,False,direto_certo,False,direto_certo
R0227,erros_de_digitacao,ingles,Please asssit because the wireless keyboard has stopped working.,Hardware,sintetico_gerado_por_IA,please asssit because the wireless keyboard has stopped working,medicao,Hardware,0.9102991934332673,alta,False,direto_certo,False,direto_certo
R0228,erros_de_digitacao,ingles,Please assist becuase the wireless keyboard is physically damaged.,Hardware,sintetico_gerado_por_IA,please assist becuase the wireless keyboard is physically damaged,medicao,Hardware,0.7649596045644587,alta,False,direto_certo,False,direto_certo
R0229,erros_de_digitacao,ingles,Please assist because the wireless keybaord needs replacement.,Hardware,sintetico_gerado_por_IA,please assist because the wireless keybaord needs replacement,calibracao,Hardware,0.7160755916046366,alta,False,direto_certo,False,direto_certo
R0230,erros_de_digitacao,ingles,Please assist because the wireless keyboard shows a hardawre fault.,Hardware,sintetico_gerado_por_IA,please assist because the wireless keyboard shows a hardawre fault,calibracao,Hardware,0.7704046650038224,alta,False,direto_certo,False,direto_certo
R0231,erros_de_digitacao,ingles,Please assist becuase the desk mouse has stopped working.,Hardware,sintetico_gerado_por_IA,please assist becuase the desk mouse has stopped working,calibracao,Hardware,0.6781139478782499,alta,False,direto_certo,False,direto_certo
R0232,erros_de_digitacao,ingles,Please assist because the desk mouse is physiaclly damaged.,Hardware,sintetico_gerado_por_IA,please assist because the desk mouse is physiaclly damaged,medicao,Hardware,0.5557590961399377,alta,False,direto_certo,False,direto_certo
R0233,erros_de_digitacao,ingles,Please assist becuase the desk mouse needs replacement.,Hardware,sintetico_gerado_por_IA,please assist becuase the desk mouse needs replacement,calibracao,Hardware,0.6895982975678364,alta,False,direto_certo,False,direto_certo
R0234,erros_de_digitacao,ingles,Please assist because the desk mouse shows a hardawre fault.,Hardware,sintetico_gerado_por_IA,please assist because the desk mouse shows a hardawre fault,calibracao,Hardware,0.46138018678250137,baixa,False,desviado_para_pessoa,False,desviado_para_pessoa
R0235,erros_de_digitacao,ingles,Please assist becuase the network printer has stopped working.,Hardware,sintetico_gerado_por_IA,please assist becuase the network printer has stopped working,medicao,Hardware,0.7131125270254063,alta,False,direto_certo,False,direto_certo
R0236,erros_de_digitacao,ingles,Please assist because the netowrk printer is physically damaged.,Hardware,sintetico_gerado_por_IA,please assist because the netowrk printer is physically damaged,medicao,Hardware,0.33512305217117566,baixa,False,desviado_para_pessoa,False,desviado_para_pessoa
R0237,erros_de_digitacao,ingles,Plesae assist because the network printer needs replacement.,Hardware,sintetico_gerado_por_IA,plesae assist because the network printer needs replacement,medicao,Hardware,0.7649538257558592,alta,False,direto_certo,False,direto_certo
R0238,erros_de_digitacao,ingles,Please asssit because the network printer shows a hardware fault.,Hardware,sintetico_gerado_por_IA,please asssit because the network printer shows a hardware fault,medicao,Hardware,0.39233702862545167,baixa,False,desviado_para_pessoa,False,desviado_para_pessoa
R0239,textos_curtos,ingles,laptop blocked,Hardware,sintetico_gerado_por_IA,laptop blocked,medicao,Hardware,0.7779641878709824,alta,False,direto_certo,False,direto_certo
R0240,mistura_de_idiomas,misto,No puedo laptop screen because it has stopped working,Hardware,sintetico_gerado_por_IA,no puedo laptop screen because it has stopped working,medicao,Hardware,0.9676388344506276,alta,False,direto_certo,False,direto_certo
R0241,textos_curtos,ingles,monitor unavailable,Hardware,sintetico_gerado_por_IA,monitor unavailable,medicao,Hardware,0.998055641623579,alta,False,direto_certo,False,direto_certo
R0242,mistura_de_idiomas,misto,Necesito ayuda para office monitor because it is physically damaged,Hardware,sintetico_gerado_por_IA,necesito ayuda para office monitor because it is physically damaged,medicao,Hardware,0.8558278600801541,alta,True,desviado_para_pessoa,False,desviado_para_pessoa
R0243,textos_curtos,ingles,keyboard problem,Hardware,sintetico_gerado_por_IA,keyboard problem,calibracao,Hardware,0.9525126182880853,alta,False,direto_certo,False,direto_certo
R0244,mistura_de_idiomas,misto,Por favor necesito wireless keyboard because it needs replacement,Hardware,sintetico_gerado_por_IA,por favor necesito wireless keyboard because it needs replacement,calibracao,Hardware,0.899689492217931,alta,True,desviado_para_pessoa,False,desviado_para_pessoa
R0245,textos_curtos,ingles,mouse request,Hardware,sintetico_gerado_por_IA,mouse request,medicao,Hardware,0.3786264008812418,baixa,False,desviado_para_pessoa,False,desviado_para_pessoa
R0246,mistura_de_idiomas,misto,Mi equipo dice que desk mouse because it shows a hardware fault,Hardware,sintetico_gerado_por_IA,mi equipo dice que desk mouse because it shows a hardware fault,calibracao,Hardware,0.3795622726888275,baixa,True,desviado_para_pessoa,False,desviado_para_pessoa
R0247,textos_curtos,ingles,printer needed,Hardware,sintetico_gerado_por_IA,printer needed,medicao,HR Support,0.3930016255344623,baixa,False,desviado_para_pessoa,False,desviado_para_pessoa
R0248,mistura_de_idiomas,misto,Hoje não consigo network printer because it has stopped working,Hardware,sintetico_gerado_por_IA,hoje nao consigo network printer because it has stopped working,medicao,Hardware,0.8020714933008122,alta,True,desviado_para_pessoa,False,desviado_para_pessoa
R0249,textos_curtos,ingles,screen failed,Hardware,sintetico_gerado_por_IA,screen failed,calibracao,Hardware,0.7900816595737216,alta,False,direto_certo,False,direto_certo
R0250,mistura_de_idiomas,misto,Preciso resolver laptop screen because it is physically damaged,Hardware,sintetico_gerado_por_IA,preciso resolver laptop screen because it is physically damaged,medicao,Hardware,0.9120274486294222,alta,False,direto_certo,False,direto_certo
R0251,textos_curtos,ingles,charger urgent,Hardware,sintetico_gerado_por_IA,charger urgent,calibracao,Hardware,0.934346275405809,alta,False,direto_certo,False,direto_certo
R0252,mistura_de_idiomas,misto,Pode ajudar com office monitor because it needs replacement,Hardware,sintetico_gerado_por_IA,pode ajudar com office monitor because it needs replacement,calibracao,Hardware,0.9494518748041157,alta,True,desviado_para_pessoa,False,desviado_para_pessoa
R0253,textos_curtos,ingles,laptop incorrect,Hardware,sintetico_gerado_por_IA,laptop incorrect,medicao,Hardware,0.996647323838095,alta,False,direto_certo,False,direto_certo
R0254,mistura_de_idiomas,misto,Meu colega reportou que wireless keyboard because it shows a hardware fault,Hardware,sintetico_gerado_por_IA,meu colega reportou que wireless keyboard because it shows a hardware fault,calibracao,Hardware,0.6861854880592111,alta,True,desviado_para_pessoa,False,desviado_para_pessoa
R0255,textos_curtos,ingles,monitor missing,Hardware,sintetico_gerado_por_IA,monitor missing,medicao,Hardware,0.9974318500085587,alta,False,direto_certo,False,direto_certo
R0256,mistura_de_idiomas,misto,La oficina informa que desk mouse because it has stopped working,Hardware,sintetico_gerado_por_IA,la oficina informa que desk mouse because it has stopped working,medicao,Hardware,0.8280704957630126,alta,True,desviado_para_pessoa,False,desviado_para_pessoa
R0257,textos_curtos,ingles,keyboard full,Hardware,sintetico_gerado_por_IA,keyboard full,medicao,Storage,0.6332742558725712,alta,False,direto_fila_errada,False,direto_fila_errada
R0258,mistura_de_idiomas,misto,Quiero corregir network printer because it is physically damaged,Hardware,sintetico_gerado_por_IA,quiero corregir network printer because it is physically damaged,calibracao,Hardware,0.5637694926787185,alta,True,desviado_para_pessoa,False,desviado_para_pessoa
R0259,textos_curtos,ingles,mouse broken,Hardware,sintetico_gerado_por_IA,mouse broken,medicao,Hardware,0.8455887940325154,alta,False,direto_certo,False,direto_certo
R0260,mistura_de_idiomas,misto,Não funciona laptop screen because it needs replacement,Hardware,sintetico_gerado_por_IA,nao funciona laptop screen because it needs replacement,medicao,Hardware,0.9738358461806339,alta,True,desviado_para_pessoa,False,desviado_para_pessoa
R0261,textos_curtos,ingles,printer approval,Hardware,sintetico_gerado_por_IA,printer approval,medicao,Miscellaneous,0.9953677820704675,alta,False,direto_fila_errada,False,direto_fila_errada
R0262,mistura_de_idiomas,misto,Tenemos un problema con office monitor because it shows a hardware fault,Hardware,sintetico_gerado_por_IA,tenemos un problema con office monitor because it shows a hardware fault,calibracao,Hardware,0.8299353976564399,alta,True,desviado_para_pessoa,False,desviado_para_pessoa
R0263,textos_curtos,ingles,screen support,Hardware,sintetico_gerado_por_IA,screen support,calibracao,Hardware,0.5721877320519975,alta,False,direto_certo,False,direto_certo
R0264,mistura_de_idiomas,misto,Favor verificar wireless keyboard because it has stopped working,Hardware,sintetico_gerado_por_IA,favor verificar wireless keyboard because it has stopped working,calibracao,Hardware,0.903174755654891,alta,False,direto_certo,False,direto_certo
R0265,reformulacoes_8_filas,ingles,The Orion migration needs a shared workspace.,Internal Project,sintetico_gerado_por_IA,the orion migration needs a shared workspace,medicao,Storage,0.681804809279547,alta,True,desviado_para_pessoa,False,desviado_para_pessoa
R0266,reformulacoes_8_filas,ingles,The Orion migration requires technical setup.,Internal Project,sintetico_gerado_por_IA,the orion migration requires technical setup,calibracao,Internal Project,0.5549208689285146,alta,False,direto_certo,False,direto_certo
R0267,reformulacoes_8_filas,ingles,The Orion migration needs the team added.,Internal Project,sintetico_gerado_por_IA,the orion migration needs the team added,medicao,Miscellaneous,0.37824621761409305,baixa,False,desviado_para_pessoa,False,desviado_para_pessoa
R0268,reformulacoes_8_filas,ingles,The Orion migration requires deployment support.,Internal Project,sintetico_gerado_por_IA,the orion migration requires deployment support,medicao,Hardware,0.3021776833290871,baixa,False,desviado_para_pessoa,False,desviado_para_pessoa
R0269,reformulacoes_8_filas,ingles,The Atlas launch needs a shared workspace.,Internal Project,sintetico_gerado_por_IA,the atlas launch needs a shared workspace,calibracao,Storage,0.6603738289290956,alta,True,desviado_para_pessoa,False,desviado_para_pessoa
R0270,reformulacoes_8_filas,ingles,The Atlas launch requires technical setup.,Internal Project,sintetico_gerado_por_IA,the atlas launch requires technical setup,calibracao,Internal Project,0.5220066213852002,baixa,False,desviado_para_pessoa,False,desviado_para_pessoa
R0271,reformulacoes_8_filas,ingles,The Atlas launch needs the team added.,Internal Project,sintetico_gerado_por_IA,the atlas launch needs the team added,medicao,Miscellaneous,0.32035886189326696,baixa,False,desviado_para_pessoa,False,desviado_para_pessoa
R0272,reformulacoes_8_filas,ingles,The Atlas launch requires deployment support.,Internal Project,sintetico_gerado_por_IA,the atlas launch requires deployment support,medicao,Hardware,0.33052255621363236,baixa,False,desviado_para_pessoa,False,desviado_para_pessoa
R0273,reformulacoes_8_filas,ingles,The Phoenix rollout needs a shared workspace.,Internal Project,sintetico_gerado_por_IA,the phoenix rollout needs a shared workspace,calibracao,Storage,0.7849486632809501,alta,True,desviado_para_pessoa,False,desviado_para_pessoa
R0274,reformulacoes_8_filas,ingles,The Phoenix rollout requires technical setup.,Internal Project,sintetico_gerado_por_IA,the phoenix rollout requires technical setup,calibracao,Internal Project,0.6464052652649886,alta,True,desviado_para_pessoa,False,desviado_para_pessoa
R0275,reformulacoes_8_filas,ingles,The Phoenix rollout needs the team added.,Internal Project,sintetico_gerado_por_IA,the phoenix rollout needs the team added,calibracao,Miscellaneous,0.4021263032041553,baixa,False,desviado_para_pessoa,False,desviado_para_pessoa
R0276,reformulacoes_8_filas,ingles,The Phoenix rollout requires deployment support.,Internal Project,sintetico_gerado_por_IA,the phoenix rollout requires deployment support,medicao,Hardware,0.30465928490030125,baixa,True,desviado_para_pessoa,False,desviado_para_pessoa
R0277,reformulacoes_8_filas,ingles,The Nimbus pilot needs a shared workspace.,Internal Project,sintetico_gerado_por_IA,the nimbus pilot needs a shared workspace,medicao,Storage,0.7954726578466375,alta,True,desviado_para_pessoa,False,desviado_para_pessoa
R0278,reformulacoes_8_filas,ingles,The Nimbus pilot requires technical setup.,Internal Project,sintetico_gerado_por_IA,the nimbus pilot requires technical setup,medicao,Internal Project,0.6858564877131009,alta,True,desviado_para_pessoa,False,desviado_para_pessoa
R0279,reformulacoes_8_filas,ingles,The Nimbus pilot needs the team added.,Internal Project,sintetico_gerado_por_IA,the nimbus pilot needs the team added,calibracao,Miscellaneous,0.376302528819827,baixa,False,desviado_para_pessoa,False,desviado_para_pessoa
R0280,reformulacoes_8_filas,ingles,The Nimbus pilot requires deployment support.,Internal Project,sintetico_gerado_por_IA,the nimbus pilot requires deployment support,calibracao,Miscellaneous,0.2654422807350705,baixa,True,desviado_para_pessoa,False,desviado_para_pessoa
R0281,reformulacoes_8_filas,ingles,The Mercury program needs a shared workspace.,Internal Project,sintetico_gerado_por_IA,the mercury program needs a shared workspace,medicao,Storage,0.6990346091088657,alta,True,desviado_para_pessoa,False,desviado_para_pessoa
R0282,reformulacoes_8_filas,ingles,The Mercury program requires technical setup.,Internal Project,sintetico_gerado_por_IA,the mercury program requires technical setup,medicao,Internal Project,0.6949721482904836,alta,False,direto_certo,False,direto_certo
R0283,reformulacoes_8_filas,ingles,The Mercury program needs the team added.,Internal Project,sintetico_gerado_por_IA,the mercury program needs the team added,medicao,Miscellaneous,0.304353351353776,baixa,False,desviado_para_pessoa,False,desviado_para_pessoa
R0284,reformulacoes_8_filas,ingles,The Mercury program requires deployment support.,Internal Project,sintetico_gerado_por_IA,the mercury program requires deployment support,medicao,Hardware,0.36133687872945863,baixa,False,desviado_para_pessoa,False,desviado_para_pessoa
R0285,erros_de_digitacao,ingles,Plesae assist because the orion migration needs a shared workspace.,Internal Project,sintetico_gerado_por_IA,plesae assist because the orion migration needs a shared workspace,calibracao,Storage,0.6301099389614724,alta,True,desviado_para_pessoa,False,desviado_para_pessoa
R0286,erros_de_digitacao,ingles,Please asssit because the orion migration requires technical setup.,Internal Project,sintetico_gerado_por_IA,please asssit because the orion migration requires technical setup,medicao,Internal Project,0.5413888418959933,alta,False,direto_certo,False,direto_certo
R0287,erros_de_digitacao,ingles,Please assist becuase the orion migration needs the team added.,Internal Project,sintetico_gerado_por_IA,please assist becuase the orion migration needs the team added,calibracao,Miscellaneous,0.37554599100355246,baixa,False,desviado_para_pessoa,False,desviado_para_pessoa
R0288,erros_de_digitacao,ingles,Please assist because the orion migrtaion requires deployment support.,Internal Project,sintetico_gerado_por_IA,please assist because the orion migrtaion requires deployment support,calibracao,Hardware,0.32092721661933743,baixa,False,desviado_para_pessoa,False,desviado_para_pessoa
R0289,erros_de_digitacao,ingles,Please assist because the atlas launch needs a shaerd workspace.,Internal Project,sintetico_gerado_por_IA,please assist because the atlas launch needs a shaerd workspace,calibracao,Hardware,0.35564494814078645,baixa,False,desviado_para_pessoa,False,desviado_para_pessoa
R0290,erros_de_digitacao,ingles,Please assist because the atlas launch requires techincal setup.,Internal Project,sintetico_gerado_por_IA,please assist because the atlas launch requires techincal setup,medicao,Internal Project,0.4586652090225845,baixa,False,desviado_para_pessoa,False,desviado_para_pessoa
R0291,erros_de_digitacao,ingles,Please assist becuase the atlas launch needs the team added.,Internal Project,sintetico_gerado_por_IA,please assist becuase the atlas launch needs the team added,medicao,Miscellaneous,0.32176348248105413,baixa,False,desviado_para_pessoa,False,desviado_para_pessoa
R0292,erros_de_digitacao,ingles,Plesae assist because the atlas launch requires deployment support.,Internal Project,sintetico_gerado_por_IA,plesae assist because the atlas launch requires deployment support,calibracao,Hardware,0.4090319892798775,baixa,False,desviado_para_pessoa,False,desviado_para_pessoa
R0293,erros_de_digitacao,ingles,Please asssit because the phoenix rollout needs a shared workspace.,Internal Project,sintetico_gerado_por_IA,please asssit because the phoenix rollout needs a shared workspace,medicao,Storage,0.7550895519577084,alta,False,direto_fila_errada,False,direto_fila_errada
R0294,erros_de_digitacao,ingles,Please assist becuase the phoenix rollout requires technical setup.,Internal Project,sintetico_gerado_por_IA,please assist becuase the phoenix rollout requires technical setup,calibracao,Internal Project,0.5852762339687434,alta,False,direto_certo,False,direto_certo
R0295,erros_de_digitacao,ingles,Plesae assist because the phoenix rollout needs the team added.,Internal Project,sintetico_gerado_por_IA,plesae assist because the phoenix rollout needs the team added,medicao,Miscellaneous,0.33572327185688,baixa,True,desviado_para_pessoa,False,desviado_para_pessoa
R0296,erros_de_digitacao,ingles,Please assist because the phoneix rollout requires deployment support.,Internal Project,sintetico_gerado_por_IA,please assist because the phoneix rollout requires deployment support,medicao,Hardware,0.30997148302847793,baixa,False,desviado_para_pessoa,False,desviado_para_pessoa
R0297,erros_de_digitacao,ingles,Plesae assist because the nimbus pilot needs a shared workspace.,Internal Project,sintetico_gerado_por_IA,plesae assist because the nimbus pilot needs a shared workspace,calibracao,Storage,0.7351258711456866,alta,True,desviado_para_pessoa,False,desviado_para_pessoa
R0298,erros_de_digitacao,ingles,Please asssit because the nimbus pilot requires technical setup.,Internal Project,sintetico_gerado_por_IA,please asssit because the nimbus pilot requires technical setup,medicao,Internal Project,0.6693427161315482,alta,False,direto_certo,False,direto_certo
R0299,erros_de_digitacao,ingles,Please assist becuase the nimbus pilot needs the team added.,Internal Project,sintetico_gerado_por_IA,please assist becuase the nimbus pilot needs the team added,calibracao,Miscellaneous,0.3666630396080775,baixa,False,desviado_para_pessoa,False,desviado_para_pessoa
R0300,erros_de_digitacao,ingles,Please asssit because the nimbus pilot requires deployment support.,Internal Project,sintetico_gerado_por_IA,please asssit because the nimbus pilot requires deployment support,calibracao,Miscellaneous,0.2938331187020416,baixa,False,desviado_para_pessoa,False,desviado_para_pessoa
R0301,erros_de_digitacao,ingles,Please assist becuase the mercury program needs a shared workspace.,Internal Project,sintetico_gerado_por_IA,please assist becuase the mercury program needs a shared workspace,calibracao,Storage,0.6514291698054432,alta,False,direto_fila_errada,False,direto_fila_errada
R0302,erros_de_digitacao,ingles,Please assist because the merucry program requires technical setup.,Internal Project,sintetico_gerado_por_IA,please assist because the merucry program requires technical setup,medicao,Internal Project,0.6361059136327325,alta,False,direto_certo,False,direto_certo
R0303,erros_de_digitacao,ingles,Please assist because the merucry program needs the team added.,Internal Project,sintetico_gerado_por_IA,please assist because the merucry program needs the team added,medicao,Miscellaneous,0.31448957465184213,baixa,False,desviado_para_pessoa,False,desviado_para_pessoa
R0304,erros_de_digitacao,ingles,Please assist because the merucry program requires deployment support.,Internal Project,sintetico_gerado_por_IA,please assist because the merucry program requires deployment support,calibracao,Hardware,0.35854807320779253,baixa,False,desviado_para_pessoa,False,desviado_para_pessoa
R0305,textos_curtos,ingles,Orion blocked,Internal Project,sintetico_gerado_por_IA,orion blocked,calibracao,Access,0.4441288883102006,baixa,False,desviado_para_pessoa,False,desviado_para_pessoa
R0306,mistura_de_idiomas,misto,No puedo Orion migration because it needs a shared workspace,Internal Project,sintetico_gerado_por_IA,no puedo orion migration because it needs a shared workspace,medicao,Storage,0.5286127828356527,media,True,desviado_para_pessoa,False,desviado_para_pessoa
R0307,textos_curtos,ingles,Atlas unavailable,Internal Project,sintetico_gerado_por_IA,atlas unavailable,medicao,Hardware,0.39579260650468745,baixa,False,desviado_para_pessoa,False,desviado_para_pessoa
R0308,mistura_de_idiomas,misto,Necesito ayuda para Atlas launch because it requires technical setup,Internal Project,sintetico_gerado_por_IA,necesito ayuda para atlas launch because it requires technical setup,medicao,Internal Project,0.38953307156371747,baixa,True,desviado_para_pessoa,False,desviado_para_pessoa
R0309,textos_curtos,ingles,Phoenix problem,Internal Project,sintetico_gerado_por_IA,phoenix problem,calibracao,Administrative rights,0.4388359325746295,baixa,False,desviado_para_pessoa,False,desviado_para_pessoa
R0310,mistura_de_idiomas,misto,Por favor necesito Phoenix rollout because it needs the team added,Internal Project,sintetico_gerado_por_IA,por favor necesito phoenix rollout because it needs the team added,medicao,Miscellaneous,0.3360411786796478,baixa,True,desviado_para_pessoa,False,desviado_para_pessoa
R0311,textos_curtos,ingles,Nimbus request,Internal Project,sintetico_gerado_por_IA,nimbus request,calibracao,Miscellaneous,0.4228026761801552,baixa,False,desviado_para_pessoa,False,desviado_para_pessoa
R0312,mistura_de_idiomas,misto,Mi equipo dice que Nimbus pilot because it requires deployment support,Internal Project,sintetico_gerado_por_IA,mi equipo dice que nimbus pilot because it requires deployment support,medicao,Hardware,0.27010835226929897,baixa,True,desviado_para_pessoa,False,desviado_para_pessoa
R0313,textos_curtos,ingles,Mercury needed,Internal Project,sintetico_gerado_por_IA,mercury needed,calibracao,Hardware,0.43063330064291994,baixa,False,desviado_para_pessoa,False,desviado_para_pessoa
R0314,mistura_de_idiomas,misto,Hoje não consigo Mercury program because it needs a shared workspace,Internal Project,sintetico_gerado_por_IA,hoje nao consigo mercury program because it needs a shared workspace,calibracao,Storage,0.6533482494682977,alta,True,desviado_para_pessoa,False,desviado_para_pessoa
R0315,textos_curtos,ingles,project failed,Internal Project,sintetico_gerado_por_IA,project failed,medicao,Internal Project,0.9969585393113904,alta,False,direto_certo,False,direto_certo
R0316,mistura_de_idiomas,misto,Preciso resolver Orion migration because it requires technical setup,Internal Project,sintetico_gerado_por_IA,preciso resolver orion migration because it requires technical setup,calibracao,Internal Project,0.4389355345563458,baixa,False,desviado_para_pessoa,False,desviado_para_pessoa
R0317,textos_curtos,ingles,rollout urgent,Internal Project,sintetico_gerado_por_IA,rollout urgent,calibracao,Hardware,0.3620876683389686,baixa,False,desviado_para_pessoa,False,desviado_para_pessoa
R0318,mistura_de_idiomas,misto,Pode ajudar com Atlas launch because it needs the team added,Internal Project,sintetico_gerado_por_IA,pode ajudar com atlas launch because it needs the team added,medicao,Miscellaneous,0.37961848635048445,baixa,True,desviado_para_pessoa,False,desviado_para_pessoa
R0319,textos_curtos,ingles,Orion incorrect,Internal Project,sintetico_gerado_por_IA,orion incorrect,medicao,Hardware,0.34750032413026166,baixa,False,desviado_para_pessoa,False,desviado_para_pessoa
R0320,mistura_de_idiomas,misto,Meu colega reportou que Phoenix rollout because it requires deployment support,Internal Project,sintetico_gerado_por_IA,meu colega reportou que phoenix rollout because it requires deployment support,calibracao,Hardware,0.3027612323189354,baixa,True,desviado_para_pessoa,False,desviado_para_pessoa
R0321,textos_curtos,ingles,Atlas missing,Internal Project,sintetico_gerado_por_IA,atlas missing,calibracao,Hardware,0.26855582202397604,baixa,False,desviado_para_pessoa,False,desviado_para_pessoa
R0322,mistura_de_idiomas,misto,La oficina informa que Nimbus pilot because it needs a shared workspace,Internal Project,sintetico_gerado_por_IA,la oficina informa que nimbus pilot because it needs a shared workspace,calibracao,Storage,0.5389137961840808,media,True,desviado_para_pessoa,False,desviado_para_pessoa
R0323,textos_curtos,ingles,Phoenix full,Internal Project,sintetico_gerado_por_IA,phoenix full,medicao,Storage,0.9800246021266662,alta,False,direto_fila_errada,False,direto_fila_errada
R0324,mistura_de_idiomas,misto,Quiero corregir Mercury program because it requires technical setup,Internal Project,sintetico_gerado_por_IA,quiero corregir mercury program because it requires technical setup,medicao,Internal Project,0.6181892632776247,alta,True,desviado_para_pessoa,False,desviado_para_pessoa
R0325,textos_curtos,ingles,Nimbus broken,Internal Project,sintetico_gerado_por_IA,nimbus broken,medicao,Hardware,0.7664782548260465,alta,False,direto_fila_errada,False,direto_fila_errada
R0326,mistura_de_idiomas,misto,Não funciona Orion migration because it needs the team added,Internal Project,sintetico_gerado_por_IA,nao funciona orion migration because it needs the team added,medicao,Miscellaneous,0.34693612420650755,baixa,True,desviado_para_pessoa,False,desviado_para_pessoa
R0327,textos_curtos,ingles,Mercury approval,Internal Project,sintetico_gerado_por_IA,mercury approval,medicao,Miscellaneous,0.9868654349111671,alta,False,direto_fila_errada,False,direto_fila_errada
R0328,mistura_de_idiomas,misto,Tenemos un problema con Atlas launch because it requires deployment support,Internal Project,sintetico_gerado_por_IA,tenemos un problema con atlas launch because it requires deployment support,calibracao,Hardware,0.3412373956809772,baixa,True,desviado_para_pessoa,False,desviado_para_pessoa
R0329,textos_curtos,ingles,project support,Internal Project,sintetico_gerado_por_IA,project support,calibracao,Internal Project,0.9980462603799757,alta,False,direto_certo,False,direto_certo
R0330,mistura_de_idiomas,misto,Favor verificar Phoenix rollout because it needs a shared workspace,Internal Project,sintetico_gerado_por_IA,favor verificar phoenix rollout because it needs a shared workspace,calibracao,Storage,0.6326182385288766,alta,True,desviado_para_pessoa,False,desviado_para_pessoa
R0331,reformulacoes_8_filas,ingles,The office directory is unclear to me.,Miscellaneous,sintetico_gerado_por_IA,the office directory is unclear to me,medicao,Miscellaneous,0.25230958234105766,baixa,False,desviado_para_pessoa,False,desviado_para_pessoa
R0332,reformulacoes_8_filas,ingles,The office directory needs a general explanation.,Miscellaneous,sintetico_gerado_por_IA,the office directory needs a general explanation,medicao,Hardware,0.2706380009121388,baixa,True,desviado_para_pessoa,False,desviado_para_pessoa
R0333,reformulacoes_8_filas,ingles,The office directory is not listed online.,Miscellaneous,sintetico_gerado_por_IA,the office directory is not listed online,medicao,Hardware,0.29388370444522677,baixa,False,desviado_para_pessoa,False,desviado_para_pessoa
R0334,reformulacoes_8_filas,ingles,The office directory requires guidance.,Miscellaneous,sintetico_gerado_por_IA,the office directory requires guidance,calibracao,Hardware,0.3056015427898666,baixa,True,desviado_para_pessoa,False,desviado_para_pessoa
R0335,reformulacoes_8_filas,ingles,The IT opening hours is unclear to me.,Miscellaneous,sintetico_gerado_por_IA,the it opening hours is unclear to me,medicao,HR Support,0.5307712466019584,media,False,desviado_para_pessoa,False,desviado_para_pessoa
R0336,reformulacoes_8_filas,ingles,The IT opening hours needs a general explanation.,Miscellaneous,sintetico_gerado_por_IA,the it opening hours needs a general explanation,calibracao,HR Support,0.473143529731366,baixa,False,desviado_para_pessoa,False,desviado_para_pessoa
R0337,reformulacoes_8_filas,ingles,The IT opening hours is not listed online.,Miscellaneous,sintetico_gerado_por_IA,the it opening hours is not listed online,medicao,HR Support,0.2981541589325706,baixa,False,desviado_para_pessoa,False,desviado_para_pessoa
R0338,reformulacoes_8_filas,ingles,The IT opening hours requires guidance.,Miscellaneous,sintetico_gerado_por_IA,the it opening hours requires guidance,calibracao,HR Support,0.4226914139018315,baixa,False,desviado_para_pessoa,False,desviado_para_pessoa
R0339,reformulacoes_8_filas,ingles,The support policy is unclear to me.,Miscellaneous,sintetico_gerado_por_IA,the support policy is unclear to me,calibracao,Miscellaneous,0.27613735374532383,baixa,False,desviado_para_pessoa,False,desviado_para_pessoa
R0340,reformulacoes_8_filas,ingles,The support policy needs a general explanation.,Miscellaneous,sintetico_gerado_por_IA,the support policy needs a general explanation,medicao,Hardware,0.2860773685472702,baixa,True,desviado_para_pessoa,False,desviado_para_pessoa
R0341,reformulacoes_8_filas,ingles,The support policy is not listed online.,Miscellaneous,sintetico_gerado_por_IA,the support policy is not listed online,medicao,Miscellaneous,0.3015786220381615,baixa,False,desviado_para_pessoa,False,desviado_para_pessoa
R0342,reformulacoes_8_filas,ingles,The support policy requires guidance.,Miscellaneous,sintetico_gerado_por_IA,the support policy requires guidance,calibracao,Hardware,0.32121818008177555,baixa,False,desviado_para_pessoa,False,desviado_para_pessoa
R0343,reformulacoes_8_filas,ingles,The help desk location is unclear to me.,Miscellaneous,sintetico_gerado_por_IA,the help desk location is unclear to me,calibracao,Miscellaneous,0.24294824874880053,baixa,False,desviado_para_pessoa,False,desviado_para_pessoa
R0344,reformulacoes_8_filas,ingles,The help desk location needs a general explanation.,Miscellaneous,sintetico_gerado_por_IA,the help desk location needs a general explanation,calibracao,Hardware,0.26916149239466847,baixa,False,desviado_para_pessoa,False,desviado_para_pessoa
R0345,reformulacoes_8_filas,ingles,The help desk location is not listed online.,Miscellaneous,sintetico_gerado_por_IA,the help desk location is not listed online,calibracao,Hardware,0.309085864130895,baixa,False,desviado_para_pessoa,False,desviado_para_pessoa
R0346,reformulacoes_8_filas,ingles,The help desk location requires guidance.,Miscellaneous,sintetico_gerado_por_IA,the help desk location requires guidance,medicao,Hardware,0.31136551609489593,baixa,False,desviado_para_pessoa,False,desviado_para_pessoa
R0347,reformulacoes_8_filas,ingles,The onboarding guide is unclear to me.,Miscellaneous,sintetico_gerado_por_IA,the onboarding guide is unclear to me,calibracao,HR Support,0.26113484728459896,baixa,False,desviado_para_pessoa,False,desviado_para_pessoa
R0348,reformulacoes_8_filas,ingles,The onboarding guide needs a general explanation.,Miscellaneous,sintetico_gerado_por_IA,the onboarding guide needs a general explanation,calibracao,Hardware,0.40248382039726405,baixa,True,desviado_para_pessoa,False,desviado_para_pessoa
R0349,reformulacoes_8_filas,ingles,The onboarding guide is not listed online.,Miscellaneous,sintetico_gerado_por_IA,the onboarding guide is not listed online,calibracao,Hardware,0.37062759394379624,baixa,False,desviado_para_pessoa,False,desviado_para_pessoa
R0350,reformulacoes_8_filas,ingles,The onboarding guide requires guidance.,Miscellaneous,sintetico_gerado_por_IA,the onboarding guide requires guidance,calibracao,Hardware,0.43600316770575887,baixa,True,desviado_para_pessoa,False,desviado_para_pessoa
R0351,erros_de_digitacao,ingles,Plesae assist because the office directory is unclear to me.,Miscellaneous,sintetico_gerado_por_IA,plesae assist because the office directory is unclear to me,calibracao,Hardware,0.2539556060401222,baixa,False,desviado_para_pessoa,False,desviado_para_pessoa
R0352,erros_de_digitacao,ingles,Please asssit because the office directory needs a general explanation.,Miscellaneous,sintetico_gerado_por_IA,please asssit because the office directory needs a general explanation,medicao,Hardware,0.2787604964108981,baixa,False,desviado_para_pessoa,False,desviado_para_pessoa
R0353,erros_de_digitacao,ingles,Please assist becuase the office directory is not listed online.,Miscellaneous,sintetico_gerado_por_IA,please assist becuase the office directory is not listed online,calibracao,Miscellaneous,0.2974301954608262,baixa,False,desviado_para_pessoa,False,desviado_para_pessoa
R0354,erros_de_digitacao,ingles,Please assist because the offcie directory requires guidance.,Miscellaneous,sintetico_gerado_por_IA,please assist because the offcie directory requires guidance,calibracao,Hardware,0.3080204363169058,baixa,False,desviado_para_pessoa,False,desviado_para_pessoa
R0355,erros_de_digitacao,ingles,Please assist because the it opening hours is uncelar to me.,Miscellaneous,sintetico_gerado_por_IA,please assist because the it opening hours is uncelar to me,calibracao,HR Support,0.5770937251840752,alta,False,direto_fila_errada,False,direto_fila_errada
R0356,erros_de_digitacao,ingles,Please assist because the it opening hours needs a general explantaion.,Miscellaneous,sintetico_gerado_por_IA,please assist because the it opening hours needs a general explantaion,calibracao,HR Support,0.5232869640169976,media,False,desviado_para_pessoa,False,desviado_para_pessoa
R0357,erros_de_digitacao,ingles,Plesae assist because the it opening hours is not listed online.,Miscellaneous,sintetico_gerado_por_IA,plesae assist because the it opening hours is not listed online,medicao,HR Support,0.3153289315631485,baixa,False,desviado_para_pessoa,False,desviado_para_pessoa
R0358,erros_de_digitacao,ingles,Please asssit because the it opening hours requires guidance.,Miscellaneous,sintetico_gerado_por_IA,please asssit because the it opening hours requires guidance,calibracao,HR Support,0.4734380289363249,baixa,False,desviado_para_pessoa,False,desviado_para_pessoa
R0359,erros_de_digitacao,ingles,Please assist becuase the support policy is unclear to me.,Miscellaneous,sintetico_gerado_por_IA,please assist becuase the support policy is unclear to me,medicao,Miscellaneous,0.2782775562097313,baixa,False,desviado_para_pessoa,False,desviado_para_pessoa
R0360,erros_de_digitacao,ingles,Please assist becuase the support policy needs a general explanation.,Miscellaneous,sintetico_gerado_por_IA,please assist becuase the support policy needs a general explanation,medicao,Miscellaneous,0.28794619063790544,baixa,False,desviado_para_pessoa,False,desviado_para_pessoa
R0361,erros_de_digitacao,ingles,Please assist because the supoprt policy is not listed online.,Miscellaneous,sintetico_gerado_por_IA,please assist because the supoprt policy is not listed online,calibracao,Hardware,0.34618395693972787,baixa,False,desviado_para_pessoa,False,desviado_para_pessoa
R0362,erros_de_digitacao,ingles,Please assist because the support polciy requires guidance.,Miscellaneous,sintetico_gerado_por_IA,please assist because the support polciy requires guidance,medicao,Hardware,0.3158339561227751,baixa,False,desviado_para_pessoa,False,desviado_para_pessoa
R0363,erros_de_digitacao,ingles,Please assist becuase the help desk location is unclear to me.,Miscellaneous,sintetico_gerado_por_IA,please assist becuase the help desk location is unclear to me,medicao,Miscellaneous,0.248236445944805,baixa,False,desviado_para_pessoa,False,desviado_para_pessoa
R0364,erros_de_digitacao,ingles,Please asssit because the help desk location needs a general explanation.,Miscellaneous,sintetico_gerado_por_IA,please asssit because the help desk location needs a general explanation,medicao,Hardware,0.26963905565992424,baixa,False,desviado_para_pessoa,False,desviado_para_pessoa
R0365,erros_de_digitacao,ingles,Please assist becuase the help desk location is not listed online.,Miscellaneous,sintetico_gerado_por_IA,please assist becuase the help desk location is not listed online,medicao,Miscellaneous,0.300941955318092,baixa,False,desviado_para_pessoa,False,desviado_para_pessoa
R0366,erros_de_digitacao,ingles,Please assist because the help desk locaiton requires guidance.,Miscellaneous,sintetico_gerado_por_IA,please assist because the help desk locaiton requires guidance,calibracao,Hardware,0.4259229690543592,baixa,False,desviado_para_pessoa,False,desviado_para_pessoa
R0367,erros_de_digitacao,ingles,Please asssit because the onboarding guide is unclear to me.,Miscellaneous,sintetico_gerado_por_IA,please asssit because the onboarding guide is unclear to me,medicao,HR Support,0.2958821760025967,baixa,False,desviado_para_pessoa,False,desviado_para_pessoa
R0368,erros_de_digitacao,ingles,Please assist because the onboarding guide needs a general explantaion.,Miscellaneous,sintetico_gerado_por_IA,please assist because the onboarding guide needs a general explantaion,medicao,Hardware,0.4186951735639413,baixa,False,desviado_para_pessoa,False,desviado_para_pessoa
R0369,erros_de_digitacao,ingles,Plesae assist because the onboarding guide is not listed online.,Miscellaneous,sintetico_gerado_por_IA,plesae assist because the onboarding guide is not listed online,calibracao,Hardware,0.46347322879803887,baixa,False,desviado_para_pessoa,False,desviado_para_pessoa
R0370,erros_de_digitacao,ingles,Please asssit because the onboarding guide requires guidance.,Miscellaneous,sintetico_gerado_por_IA,please asssit because the onboarding guide requires guidance,calibracao,Hardware,0.43345053576634923,baixa,False,desviado_para_pessoa,False,desviado_para_pessoa
R0371,textos_curtos,ingles,directory blocked,Miscellaneous,sintetico_gerado_por_IA,directory blocked,medicao,Access,0.7347158387309523,alta,False,direto_fila_errada,False,direto_fila_errada
R0372,mistura_de_idiomas,misto,No puedo office directory because it is unclear to me,Miscellaneous,sintetico_gerado_por_IA,no puedo office directory because it is unclear to me,calibracao,Hardware,0.23387887492432882,baixa,False,desviado_para_pessoa,False,desviado_para_pessoa
R0373,textos_curtos,ingles,policy unavailable,Miscellaneous,sintetico_gerado_por_IA,policy unavailable,calibracao,Hardware,0.42924868782727893,baixa,False,desviado_para_pessoa,False,desviado_para_pessoa
R0374,mistura_de_idiomas,misto,Necesito ayuda para IT opening hours because it needs a general explanation,Miscellaneous,sintetico_gerado_por_IA,necesito ayuda para it opening hours because it needs a general explanation,medicao,HR Support,0.3794323751986815,baixa,True,desviado_para_pessoa,False,desviado_para_pessoa
R0375,textos_curtos,ingles,guidance problem,Miscellaneous,sintetico_gerado_por_IA,guidance problem,medicao,Hardware,0.463696970908105,baixa,False,desviado_para_pessoa,False,desviado_para_pessoa
R0376,mistura_de_idiomas,misto,Por favor necesito support policy because it is not listed online,Miscellaneous,sintetico_gerado_por_IA,por favor necesito support policy because it is not listed online,medicao,Hardware,0.3139437972223294,baixa,False,desviado_para_pessoa,False,desviado_para_pessoa
R0377,textos_curtos,ingles,helpdesk request,Miscellaneous,sintetico_gerado_por_IA,helpdesk request,calibracao,Miscellaneous,0.4228026761801552,baixa,False,desviado_para_pessoa,False,desviado_para_pessoa
R0378,mistura_de_idiomas,misto,Mi equipo dice que help desk location because it requires guidance,Miscellaneous,sintetico_gerado_por_IA,mi equipo dice que help desk location because it requires guidance,calibracao,Hardware,0.318499623239302,baixa,True,desviado_para_pessoa,False,desviado_para_pessoa
R0379,textos_curtos,ingles,hours needed,Miscellaneous,sintetico_gerado_por_IA,hours needed,calibracao,HR Support,0.9081722761658335,alta,False,direto_fila_errada,False,direto_fila_errada
R0380,mistura_de_idiomas,misto,Hoje não consigo onboarding guide because it is unclear to me,Miscellaneous,sintetico_gerado_por_IA,hoje nao consigo onboarding guide because it is unclear to me,medicao,Hardware,0.25097417840041536,baixa,False,desviado_para_pessoa,False,desviado_para_pessoa
R0381,textos_curtos,ingles,onboarding failed,Miscellaneous,sintetico_gerado_por_IA,onboarding failed,medicao,Hardware,0.4804918000329635,baixa,False,desviado_para_pessoa,False,desviado_para_pessoa
R0382,mistura_de_idiomas,misto,Preciso resolver office directory because it needs a general explanation,Miscellaneous,sintetico_gerado_por_IA,preciso resolver office directory because it needs a general explanation,calibracao,Hardware,0.358260515657843,baixa,True,desviado_para_pessoa,False,desviado_para_pessoa
R0383,textos_curtos,ingles,information urgent,Miscellaneous,sintetico_gerado_por_IA,information urgent,calibracao,Hardware,0.5838653811129398,alta,False,direto_fila_errada,False,direto_fila_errada
R0384,mistura_de_idiomas,misto,Pode ajudar com IT opening hours because it is not listed online,Miscellaneous,sintetico_gerado_por_IA,pode ajudar com it opening hours because it is not listed online,calibracao,HR Support,0.29603673990630924,baixa,False,desviado_para_pessoa,False,desviado_para_pessoa
R0385,textos_curtos,ingles,directory incorrect,Miscellaneous,sintetico_gerado_por_IA,directory incorrect,calibracao,Miscellaneous,0.37359600092889433,baixa,False,desviado_para_pessoa,False,desviado_para_pessoa
R0386,mistura_de_idiomas,misto,Meu colega reportou que support policy because it requires guidance,Miscellaneous,sintetico_gerado_por_IA,meu colega reportou que support policy because it requires guidance,medicao,Hardware,0.3148622168308528,baixa,True,desviado_para_pessoa,False,desviado_para_pessoa
R0387,textos_curtos,ingles,policy missing,Miscellaneous,sintetico_gerado_por_IA,policy missing,medicao,Hardware,0.2542905111552353,baixa,False,desviado_para_pessoa,False,desviado_para_pessoa
R0388,mistura_de_idiomas,misto,La oficina informa que help desk location because it is unclear to me,Miscellaneous,sintetico_gerado_por_IA,la oficina informa que help desk location because it is unclear to me,calibracao,Hardware,0.3451581122883152,baixa,False,desviado_para_pessoa,False,desviado_para_pessoa
R0389,textos_curtos,ingles,guidance full,Miscellaneous,sintetico_gerado_por_IA,guidance full,calibracao,Storage,0.7605696681193117,alta,False,direto_fila_errada,False,direto_fila_errada
R0390,mistura_de_idiomas,misto,Quiero corregir onboarding guide because it needs a general explanation,Miscellaneous,sintetico_gerado_por_IA,quiero corregir onboarding guide because it needs a general explanation,calibracao,Hardware,0.4184948500487569,baixa,True,desviado_para_pessoa,False,desviado_para_pessoa
R0391,textos_curtos,ingles,helpdesk broken,Miscellaneous,sintetico_gerado_por_IA,helpdesk broken,medicao,Hardware,0.7664782548260465,alta,False,direto_fila_errada,False,direto_fila_errada
R0392,mistura_de_idiomas,misto,Não funciona office directory because it is not listed online,Miscellaneous,sintetico_gerado_por_IA,nao funciona office directory because it is not listed online,calibracao,Hardware,0.3091791470768506,baixa,True,desviado_para_pessoa,False,desviado_para_pessoa
R0393,textos_curtos,ingles,hours approval,Miscellaneous,sintetico_gerado_por_IA,hours approval,medicao,Miscellaneous,0.986345119753471,alta,False,direto_certo,False,direto_certo
R0394,mistura_de_idiomas,misto,Tenemos un problema con IT opening hours because it requires guidance,Miscellaneous,sintetico_gerado_por_IA,tenemos un problema con it opening hours because it requires guidance,medicao,HR Support,0.3254200776828624,baixa,True,desviado_para_pessoa,False,desviado_para_pessoa
R0395,textos_curtos,ingles,onboarding support,Miscellaneous,sintetico_gerado_por_IA,onboarding support,calibracao,Miscellaneous,0.4671529591084345,baixa,False,desviado_para_pessoa,False,desviado_para_pessoa
R0396,mistura_de_idiomas,misto,Favor verificar support policy because it is unclear to me,Miscellaneous,sintetico_gerado_por_IA,favor verificar support policy because it is unclear to me,medicao,Hardware,0.2290078482800386,baixa,False,desviado_para_pessoa,False,desviado_para_pessoa
R0397,reformulacoes_8_filas,ingles,The noise cancelling headset needs a purchase request.,Purchase,sintetico_gerado_por_IA,the noise cancelling headset needs a purchase request,medicao,Purchase,0.5445166264390352,alta,False,direto_certo,False,direto_certo
R0398,reformulacoes_8_filas,ingles,The noise cancelling headset should be ordered by procurement.,Purchase,sintetico_gerado_por_IA,the noise cancelling headset should be ordered by procurement,medicao,Hardware,0.32162010145692993,baixa,False,desviado_para_pessoa,False,desviado_para_pessoa
R0399,reformulacoes_8_filas,ingles,The noise cancelling headset requires buying approval.,Purchase,sintetico_gerado_por_IA,the noise cancelling headset requires buying approval,medicao,Miscellaneous,0.86520491493663,alta,False,direto_fila_errada,False,direto_fila_errada
R0400,reformulacoes_8_filas,ingles,The noise cancelling headset must be acquired for work.,Purchase,sintetico_gerado_por_IA,the noise cancelling headset must be acquired for work,calibracao,Hardware,0.4559670571059977,baixa,False,desviado_para_pessoa,False,desviado_para_pessoa
R0401,reformulacoes_8_filas,ingles,The conference webcam needs a purchase request.,Purchase,sintetico_gerado_por_IA,the conference webcam needs a purchase request,medicao,Purchase,0.693913258715955,alta,True,desviado_para_pessoa,False,desviado_para_pessoa
R0402,reformulacoes_8_filas,ingles,The conference webcam should be ordered by procurement.,Purchase,sintetico_gerado_por_IA,the conference webcam should be ordered by procurement,calibracao,Hardware,0.4349635102536703,baixa,False,desviado_para_pessoa,False,desviado_para_pessoa
R0403,reformulacoes_8_filas,ingles,The conference webcam requires buying approval.,Purchase,sintetico_gerado_por_IA,the conference webcam requires buying approval,calibracao,Miscellaneous,0.9069218808625632,alta,True,desviado_para_pessoa,False,desviado_para_pessoa
R0404,reformulacoes_8_filas,ingles,The conference webcam must be acquired for work.,Purchase,sintetico_gerado_por_IA,the conference webcam must be acquired for work,medicao,Hardware,0.6209830379720215,alta,False,direto_fila_errada,False,direto_fila_errada
R0405,reformulacoes_8_filas,ingles,The design license needs a purchase request.,Purchase,sintetico_gerado_por_IA,the design license needs a purchase request,calibracao,Access,0.7354968703809682,alta,False,direto_fila_errada,False,direto_fila_errada
R0406,reformulacoes_8_filas,ingles,The design license should be ordered by procurement.,Purchase,sintetico_gerado_por_IA,the design license should be ordered by procurement,medicao,Access,0.8051239592647685,alta,False,direto_fila_errada,False,direto_fila_errada
R0407,reformulacoes_8_filas,ingles,The design license requires buying approval.,Purchase,sintetico_gerado_por_IA,the design license requires buying approval,calibracao,Access,0.7066047559464567,alta,False,direto_fila_errada,False,direto_fila_errada
R0408,reformulacoes_8_filas,ingles,The design license must be acquired for work.,Purchase,sintetico_gerado_por_IA,the design license must be acquired for work,medicao,Access,0.9056665194718528,alta,False,direto_fila_errada,False,direto_fila_errada
R0409,reformulacoes_8_filas,ingles,The laptop dock needs a purchase request.,Purchase,sintetico_gerado_por_IA,the laptop dock needs a purchase request,medicao,Hardware,0.5662616909349072,alta,False,direto_fila_errada,False,direto_fila_errada
R0410,reformulacoes_8_filas,ingles,The laptop dock should be ordered by procurement.,Purchase,sintetico_gerado_por_IA,the laptop dock should be ordered by procurement,calibracao,Hardware,0.780741838183327,alta,False,direto_fila_errada,False,direto_fila_errada
R0411,reformulacoes_8_filas,ingles,The laptop dock requires buying approval.,Purchase,sintetico_gerado_por_IA,the laptop dock requires buying approval,medicao,Hardware,0.45523126588610074,baixa,False,desviado_para_pessoa,False,desviado_para_pessoa
R0412,reformulacoes_8_filas,ingles,The laptop dock must be acquired for work.,Purchase,sintetico_gerado_por_IA,the laptop dock must be acquired for work,medicao,Hardware,0.8815446014912726,alta,False,direto_fila_errada,False,direto_fila_errada
R0413,reformulacoes_8_filas,ingles,The office phone needs a purchase request.,Purchase,sintetico_gerado_por_IA,the office phone needs a purchase request,medicao,Purchase,0.7298535132728953,alta,True,desviado_para_pessoa,False,desviado_para_pessoa
R0414,reformulacoes_8_filas,ingles,The office phone should be ordered by procurement.,Purchase,sintetico_gerado_por_IA,the office phone should be ordered by procurement,calibracao,Hardware,0.5830573974433367,alta,False,direto_fila_errada,False,direto_fila_errada
R0415,reformulacoes_8_filas,ingles,The office phone requires buying approval.,Purchase,sintetico_gerado_por_IA,the office phone requires buying approval,calibracao,Miscellaneous,0.8271139351044674,alta,True,desviado_para_pessoa,False,desviado_para_pessoa
R0416,reformulacoes_8_filas,ingles,The office phone must be acquired for work.,Purchase,sintetico_gerado_por_IA,the office phone must be acquired for work,calibracao,Hardware,0.8142829861877744,alta,False,direto_fila_errada,False,direto_fila_errada
R0417,erros_de_digitacao,ingles,Plesae assist because the noise cancelling headset needs a purchase request.,Purchase,sintetico_gerado_por_IA,plesae assist because the noise cancelling headset needs a purchase request,medicao,Purchase,0.42468876746925444,baixa,False,desviado_para_pessoa,False,desviado_para_pessoa
R0418,erros_de_digitacao,ingles,Please asssit because the noise cancelling headset should be ordered by procurement.,Purchase,sintetico_gerado_por_IA,please asssit because the noise cancelling headset should be ordered by procurement,medicao,Hardware,0.32558727662473624,baixa,False,desviado_para_pessoa,False,desviado_para_pessoa
R0419,erros_de_digitacao,ingles,Please assist becuase the noise cancelling headset requires buying approval.,Purchase,sintetico_gerado_por_IA,please assist becuase the noise cancelling headset requires buying approval,medicao,Miscellaneous,0.8511804123492166,alta,False,direto_fila_errada,False,direto_fila_errada
R0420,erros_de_digitacao,ingles,Please assist because the noise cancelling headset must be acquired for work.,Purchase,sintetico_gerado_por_IA,please assist because the noise cancelling headset must be acquired for work,calibracao,Hardware,0.4528437425550544,baixa,False,desviado_para_pessoa,False,desviado_para_pessoa
R0421,erros_de_digitacao,ingles,Please assist because the conference webacm needs a purchase request.,Purchase,sintetico_gerado_por_IA,please assist because the conference webacm needs a purchase request,calibracao,Purchase,0.4996400725518523,baixa,False,desviado_para_pessoa,False,desviado_para_pessoa
R0422,erros_de_digitacao,ingles,Please assist because the conference webcam sholud be ordered by procurement.,Purchase,sintetico_gerado_por_IA,please assist because the conference webcam sholud be ordered by procurement,medicao,Hardware,0.40584025632134785,baixa,False,desviado_para_pessoa,False,desviado_para_pessoa
R0423,erros_de_digitacao,ingles,Please assist because the conference webcam requires buynig approval.,Purchase,sintetico_gerado_por_IA,please assist because the conference webcam requires buynig approval,medicao,Miscellaneous,0.9320083454559214,alta,False,direto_fila_errada,False,direto_fila_errada
R0424,erros_de_digitacao,ingles,Please asssit because the conference webcam must be acquired for work.,Purchase,sintetico_gerado_por_IA,please asssit because the conference webcam must be acquired for work,calibracao,Hardware,0.6176390627970291,alta,False,direto_fila_errada,False,direto_fila_errada
R0425,erros_de_digitacao,ingles,Please asssit because the design license needs a purchase request.,Purchase,sintetico_gerado_por_IA,please asssit because the design license needs a purchase request,medicao,Access,0.7245862649297768,alta,False,direto_fila_errada,False,direto_fila_errada
R0426,erros_de_digitacao,ingles,Please asssit because the design license should be ordered by procurement.,Purchase,sintetico_gerado_por_IA,please asssit because the design license should be ordered by procurement,medicao,Access,0.7751505715896623,alta,False,direto_fila_errada,False,direto_fila_errada
R0427,erros_de_digitacao,ingles,Please assist becuase the design license requires buying approval.,Purchase,sintetico_gerado_por_IA,please assist becuase the design license requires buying approval,calibracao,Access,0.7272942737996717,alta,False,direto_fila_errada,False,direto_fila_errada
R0428,erros_de_digitacao,ingles,Please assist because the design license must be acquried for work.,Purchase,sintetico_gerado_por_IA,please assist because the design license must be acquried for work,medicao,Access,0.9220436805154072,alta,False,direto_fila_errada,False,direto_fila_errada
R0429,erros_de_digitacao,ingles,Plesae assist because the laptop dock needs a purchase request.,Purchase,sintetico_gerado_por_IA,plesae assist because the laptop dock needs a purchase request,medicao,Hardware,0.6764832028987873,alta,False,direto_fila_errada,False,direto_fila_errada
R0430,erros_de_digitacao,ingles,Please assist because the laptop dock should be ordered by procurmeent.,Purchase,sintetico_gerado_por_IA,please assist because the laptop dock should be ordered by procurmeent,medicao,Hardware,0.8060819471625048,alta,False,direto_fila_errada,False,direto_fila_errada
R0431,erros_de_digitacao,ingles,Plesae assist because the laptop dock requires buying approval.,Purchase,sintetico_gerado_por_IA,plesae assist because the laptop dock requires buying approval,medicao,Hardware,0.5457159900741474,alta,False,direto_fila_errada,False,direto_fila_errada
R0432,erros_de_digitacao,ingles,Plesae assist because the laptop dock must be acquired for work.,Purchase,sintetico_gerado_por_IA,plesae assist because the laptop dock must be acquired for work,medicao,Hardware,0.9001463741009226,alta,False,direto_fila_errada,False,direto_fila_errada
R0433,erros_de_digitacao,ingles,Please assist because the office phone needs a purcahse request.,Purchase,sintetico_gerado_por_IA,please assist because the office phone needs a purcahse request,calibracao,Hardware,0.7336635719865121,alta,False,direto_fila_errada,False,direto_fila_errada
R0434,erros_de_digitacao,ingles,Please assist because the offcie phone should be ordered by procurement.,Purchase,sintetico_gerado_por_IA,please assist because the offcie phone should be ordered by procurement,medicao,Hardware,0.6013589827988893,alta,False,direto_fila_errada,False,direto_fila_errada
R0435,erros_de_digitacao,ingles,Please assist because the office phone requries buying approval.,Purchase,sintetico_gerado_por_IA,please assist because the office phone requries buying approval,medicao,Miscellaneous,0.8388355531429076,alta,False,direto_fila_errada,False,direto_fila_errada
R0436,erros_de_digitacao,ingles,Please assist because the office phone must be acquried for work.,Purchase,sintetico_gerado_por_IA,please assist because the office phone must be acquried for work,medicao,Hardware,0.831033360401058,alta,False,direto_fila_errada,False,direto_fila_errada
R0437,textos_curtos,ingles,headset blocked,Purchase,sintetico_gerado_por_IA,headset blocked,calibracao,Access,0.3730569346342013,baixa,False,desviado_para_pessoa,False,desviado_para_pessoa
R0438,mistura_de_idiomas,misto,No puedo noise cancelling headset because it needs a purchase request,Purchase,sintetico_gerado_por_IA,no puedo noise cancelling headset because it needs a purchase request,calibracao,Purchase,0.5479077589681839,alta,False,direto_certo,False,direto_certo
R0439,textos_curtos,ingles,webcam unavailable,Purchase,sintetico_gerado_por_IA,webcam unavailable,calibracao,Hardware,0.5143535927384442,baixa,False,desviado_para_pessoa,False,desviado_para_pessoa
R0440,mistura_de_idiomas,misto,Necesito ayuda para conference webcam because it should be ordered by procurement,Purchase,sintetico_gerado_por_IA,necesito ayuda para conference webcam because it should be ordered by procurement,calibracao,Hardware,0.42359654844001604,baixa,True,desviado_para_pessoa,False,desviado_para_pessoa
R0441,textos_curtos,ingles,license problem,Purchase,sintetico_gerado_por_IA,license problem,calibracao,Access,0.9908343735213082,alta,False,direto_fila_errada,False,direto_fila_errada
R0442,mistura_de_idiomas,misto,Por favor necesito design license because it requires buying approval,Purchase,sintetico_gerado_por_IA,por favor necesito design license because it requires buying approval,medicao,Access,0.6431656147490546,alta,True,desviado_para_pessoa,False,desviado_para_pessoa
R0443,textos_curtos,ingles,dock request,Purchase,sintetico_gerado_por_IA,dock request,medicao,Miscellaneous,0.26551717886390924,baixa,False,desviado_para_pessoa,False,desviado_para_pessoa
R0444,mistura_de_idiomas,misto,Mi equipo dice que laptop dock because it must be acquired for work,Purchase,sintetico_gerado_por_IA,mi equipo dice que laptop dock because it must be acquired for work,medicao,Hardware,0.8594204498865845,alta,True,desviado_para_pessoa,False,desviado_para_pessoa
R0445,textos_curtos,ingles,phone needed,Purchase,sintetico_gerado_por_IA,phone needed,calibracao,Hardware,0.890697781546164,alta,False,direto_fila_errada,False,direto_fila_errada
R0446,mistura_de_idiomas,misto,Hoje não consigo office phone because it needs a purchase request,Purchase,sintetico_gerado_por_IA,hoje nao consigo office phone because it needs a purchase request,medicao,Purchase,0.8726752198097493,alta,True,desviado_para_pessoa,False,desviado_para_pessoa
R0447,textos_curtos,ingles,adapter failed,Purchase,sintetico_gerado_por_IA,adapter failed,calibracao,Hardware,0.8690938051280914,alta,False,direto_fila_errada,False,direto_fila_errada
R0448,mistura_de_idiomas,misto,Preciso resolver noise cancelling headset because it should be ordered by procurement,Purchase,sintetico_gerado_por_IA,preciso resolver noise cancelling headset because it should be ordered by procurement,calibracao,Hardware,0.35881559847616595,baixa,False,desviado_para_pessoa,False,desviado_para_pessoa
R0449,textos_curtos,ingles,tablet urgent,Purchase,sintetico_gerado_por_IA,tablet urgent,medicao,Hardware,0.29499110191516076,baixa,False,desviado_para_pessoa,False,desviado_para_pessoa
R0450,mistura_de_idiomas,misto,Pode ajudar com conference webcam because it requires buying approval,Purchase,sintetico_gerado_por_IA,pode ajudar com conference webcam because it requires buying approval,calibracao,Miscellaneous,0.8916675271304914,alta,True,desviado_para_pessoa,False,desviado_para_pessoa
R0451,textos_curtos,ingles,headset incorrect,Purchase,sintetico_gerado_por_IA,headset incorrect,calibracao,Hardware,0.444445391868956,baixa,False,desviado_para_pessoa,False,desviado_para_pessoa
R0452,mistura_de_idiomas,misto,Meu colega reportou que design license because it must be acquired for work,Purchase,sintetico_gerado_por_IA,meu colega reportou que design license because it must be acquired for work,calibracao,Access,0.8382067521910664,alta,True,desviado_para_pessoa,False,desviado_para_pessoa
R0453,textos_curtos,ingles,webcam missing,Purchase,sintetico_gerado_por_IA,webcam missing,calibracao,Hardware,0.25130306370627753,baixa,False,desviado_para_pessoa,False,desviado_para_pessoa
R0454,mistura_de_idiomas,misto,La oficina informa que laptop dock because it needs a purchase request,Purchase,sintetico_gerado_por_IA,la oficina informa que laptop dock because it needs a purchase request,calibracao,Hardware,0.652647285244928,alta,True,desviado_para_pessoa,False,desviado_para_pessoa
R0455,textos_curtos,ingles,license full,Purchase,sintetico_gerado_por_IA,license full,medicao,Access,0.991926454730639,alta,False,direto_fila_errada,False,direto_fila_errada
R0456,mistura_de_idiomas,misto,Quiero corregir office phone because it should be ordered by procurement,Purchase,sintetico_gerado_por_IA,quiero corregir office phone because it should be ordered by procurement,medicao,Hardware,0.555675010113704,alta,True,desviado_para_pessoa,False,desviado_para_pessoa
R0457,textos_curtos,ingles,dock broken,Purchase,sintetico_gerado_por_IA,dock broken,medicao,Hardware,0.5596343435445524,alta,False,direto_fila_errada,False,direto_fila_errada
R0458,mistura_de_idiomas,misto,Não funciona noise cancelling headset because it requires buying approval,Purchase,sintetico_gerado_por_IA,nao funciona noise cancelling headset because it requires buying approval,calibracao,Miscellaneous,0.8219094653223212,alta,True,desviado_para_pessoa,False,desviado_para_pessoa
R0459,textos_curtos,ingles,phone approval,Purchase,sintetico_gerado_por_IA,phone approval,medicao,Miscellaneous,0.9894902930544056,alta,False,direto_fila_errada,False,direto_fila_errada
R0460,mistura_de_idiomas,misto,Tenemos un problema con conference webcam because it must be acquired for work,Purchase,sintetico_gerado_por_IA,tenemos un problema con conference webcam because it must be acquired for work,calibracao,Hardware,0.59140410209381,alta,True,desviado_para_pessoa,False,desviado_para_pessoa
R0461,textos_curtos,ingles,adapter support,Purchase,sintetico_gerado_por_IA,adapter support,medicao,Hardware,0.7012981347543248,alta,False,direto_fila_errada,False,direto_fila_errada
R0462,mistura_de_idiomas,misto,Favor verificar design license because it needs a purchase request,Purchase,sintetico_gerado_por_IA,favor verificar design license because it needs a purchase request,calibracao,Access,0.6050142992271595,alta,False,direto_fila_errada,False,direto_fila_errada
R0463,reformulacoes_8_filas,ingles,The OneDrive account has reached its quota.,Storage,sintetico_gerado_por_IA,the onedrive account has reached its quota,calibracao,Access,0.8882070687586645,alta,False,direto_fila_errada,False,direto_fila_errada
R0464,reformulacoes_8_filas,ingles,The OneDrive account needs more capacity.,Storage,sintetico_gerado_por_IA,the onedrive account needs more capacity,calibracao,Access,0.8754853548527324,alta,True,desviado_para_pessoa,False,desviado_para_pessoa
R0465,reformulacoes_8_filas,ingles,The OneDrive account is out of space.,Storage,sintetico_gerado_por_IA,the onedrive account is out of space,medicao,Access,0.8273450385733204,alta,False,direto_fila_errada,False,direto_fila_errada
R0466,reformulacoes_8_filas,ingles,The OneDrive account requires a storage increase.,Storage,sintetico_gerado_por_IA,the onedrive account requires a storage increase,medicao,Storage,0.8060679045321018,alta,True,desviado_para_pessoa,False,desviado_para_pessoa
R0467,reformulacoes_8_filas,ingles,The SharePoint library has reached its quota.,Storage,sintetico_gerado_por_IA,the sharepoint library has reached its quota,calibracao,Storage,0.47605533486367596,baixa,False,desviado_para_pessoa,False,desviado_para_pessoa
R0468,reformulacoes_8_filas,ingles,The SharePoint library needs more capacity.,Storage,sintetico_gerado_por_IA,the sharepoint library needs more capacity,medicao,Storage,0.48702420762083537,baixa,True,desviado_para_pessoa,False,desviado_para_pessoa
R0469,reformulacoes_8_filas,ingles,The SharePoint library is out of space.,Storage,sintetico_gerado_por_IA,the sharepoint library is out of space,calibracao,Storage,0.5503806991730218,alta,False,direto_certo,False,direto_certo
R0470,reformulacoes_8_filas,ingles,The SharePoint library requires a storage increase.,Storage,sintetico_gerado_por_IA,the sharepoint library requires a storage increase,medicao,Storage,0.995627083508815,alta,True,desviado_para_pessoa,False,desviado_para_pessoa
R0471,reformulacoes_8_filas,ingles,The network folder has reached its quota.,Storage,sintetico_gerado_por_IA,the network folder has reached its quota,medicao,Storage,0.9258422213487931,alta,False,direto_certo,False,direto_certo
R0472,reformulacoes_8_filas,ingles,The network folder needs more capacity.,Storage,sintetico_gerado_por_IA,the network folder needs more capacity,calibracao,Storage,0.8904935010787796,alta,False,direto_certo,False,direto_certo
R0473,reformulacoes_8_filas,ingles,The network folder is out of space.,Storage,sintetico_gerado_por_IA,the network folder is out of space,medicao,Storage,0.9314020526861824,alta,False,direto_certo,False,direto_certo
R0474,reformulacoes_8_filas,ingles,The network folder requires a storage increase.,Storage,sintetico_gerado_por_IA,the network folder requires a storage increase,calibracao,Storage,0.9986650563269646,alta,False,direto_certo,False,direto_certo
R0475,reformulacoes_8_filas,ingles,The email mailbox has reached its quota.,Storage,sintetico_gerado_por_IA,the email mailbox has reached its quota,medicao,Storage,0.9344330855514508,alta,False,direto_certo,False,direto_certo
R0476,reformulacoes_8_filas,ingles,The email mailbox needs more capacity.,Storage,sintetico_gerado_por_IA,the email mailbox needs more capacity,calibracao,Storage,0.9694658828352947,alta,True,desviado_para_pessoa,False,desviado_para_pessoa
R0477,reformulacoes_8_filas,ingles,The email mailbox is out of space.,Storage,sintetico_gerado_por_IA,the email mailbox is out of space,medicao,Storage,0.9439888671668762,alta,False,direto_certo,False,direto_certo
R0478,reformulacoes_8_filas,ingles,The email mailbox requires a storage increase.,Storage,sintetico_gerado_por_IA,the email mailbox requires a storage increase,medicao,Storage,0.9998490478717454,alta,True,desviado_para_pessoa,False,desviado_para_pessoa
R0479,reformulacoes_8_filas,ingles,The project drive has reached its quota.,Storage,sintetico_gerado_por_IA,the project drive has reached its quota,calibracao,Internal Project,0.4076533493117462,baixa,False,desviado_para_pessoa,False,desviado_para_pessoa
R0480,reformulacoes_8_filas,ingles,The project drive needs more capacity.,Storage,sintetico_gerado_por_IA,the project drive needs more capacity,medicao,Internal Project,0.5826593493851218,alta,False,direto_fila_errada,False,direto_fila_errada
R0481,reformulacoes_8_filas,ingles,The project drive is out of space.,Storage,sintetico_gerado_por_IA,the project drive is out of space,calibracao,Internal Project,0.46820565416903154,baixa,False,desviado_para_pessoa,False,desviado_para_pessoa
R0482,reformulacoes_8_filas,ingles,The project drive requires a storage increase.,Storage,sintetico_gerado_por_IA,the project drive requires a storage increase,calibracao,Storage,0.9543120698247097,alta,False,direto_certo,False,direto_certo
R0483,erros_de_digitacao,ingles,Plesae assist because the onedrive account has reached its quota.,Storage,sintetico_gerado_por_IA,plesae assist because the onedrive account has reached its quota,calibracao,Access,0.867134853151158,alta,True,desviado_para_pessoa,False,desviado_para_pessoa
R0484,erros_de_digitacao,ingles,Please asssit because the onedrive account needs more capacity.,Storage,sintetico_gerado_por_IA,please asssit because the onedrive account needs more capacity,medicao,Access,0.840344536255337,alta,False,direto_fila_errada,False,direto_fila_errada
R0485,erros_de_digitacao,ingles,Please assist becuase the onedrive account is out of space.,Storage,sintetico_gerado_por_IA,please assist becuase the onedrive account is out of space,medicao,Access,0.8396234029454678,alta,False,direto_fila_errada,False,direto_fila_errada
R0486,erros_de_digitacao,ingles,Please assist because the onedirve account requires a storage increase.,Storage,sintetico_gerado_por_IA,please assist because the onedirve account requires a storage increase,medicao,Storage,0.7352759168579235,alta,False,direto_certo,False,direto_certo
R0487,erros_de_digitacao,ingles,Please assist because the sharepoint libarry has reached its quota.,Storage,sintetico_gerado_por_IA,please assist because the sharepoint libarry has reached its quota,calibracao,Hardware,0.21873178724924472,baixa,False,desviado_para_pessoa,False,desviado_para_pessoa
R0488,erros_de_digitacao,ingles,Please assist because the sharepoint library needs more capaicty.,Storage,sintetico_gerado_por_IA,please assist because the sharepoint library needs more capaicty,calibracao,Storage,0.38706373235274577,baixa,False,desviado_para_pessoa,False,desviado_para_pessoa
R0489,erros_de_digitacao,ingles,Please asssit because the sharepoint library is out of space.,Storage,sintetico_gerado_por_IA,please asssit because the sharepoint library is out of space,medicao,Storage,0.5279091895721701,media,False,desviado_para_pessoa,False,desviado_para_pessoa
R0490,erros_de_digitacao,ingles,Please assist because the sharepoint library requires a storage incraese.,Storage,sintetico_gerado_por_IA,please assist because the sharepoint library requires a storage incraese,calibracao,Storage,0.9801353939997437,alta,False,direto_certo,False,direto_certo
R0491,erros_de_digitacao,ingles,Please assist becuase the network folder has reached its quota.,Storage,sintetico_gerado_por_IA,please assist becuase the network folder has reached its quota,medicao,Storage,0.9132576654775191,alta,False,direto_certo,False,direto_certo
R0492,erros_de_digitacao,ingles,Please assist because the netowrk folder needs more capacity.,Storage,sintetico_gerado_por_IA,please assist because the netowrk folder needs more capacity,medicao,Storage,0.9572632908012446,alta,False,direto_certo,False,direto_certo
R0493,erros_de_digitacao,ingles,Plesae assist because the network folder is out of space.,Storage,sintetico_gerado_por_IA,plesae assist because the network folder is out of space,calibracao,Storage,0.9159006557064652,alta,False,direto_certo,False,direto_certo
R0494,erros_de_digitacao,ingles,Please assist because the netowrk folder requires a storage increase.,Storage,sintetico_gerado_por_IA,please assist because the netowrk folder requires a storage increase,medicao,Storage,0.9998125103801736,alta,False,direto_certo,False,direto_certo
R0495,erros_de_digitacao,ingles,Please assist becuase the email mailbox has reached its quota.,Storage,sintetico_gerado_por_IA,please assist becuase the email mailbox has reached its quota,calibracao,Storage,0.9134285251276031,alta,False,direto_certo,False,direto_certo
R0496,erros_de_digitacao,ingles,Please assist because the email maiblox needs more capacity.,Storage,sintetico_gerado_por_IA,please assist because the email maiblox needs more capacity,medicao,Hardware,0.47518783369282164,baixa,False,desviado_para_pessoa,False,desviado_para_pessoa
R0497,erros_de_digitacao,ingles,Please assist becuase the email mailbox is out of space.,Storage,sintetico_gerado_por_IA,please assist becuase the email mailbox is out of space,medicao,Storage,0.9241771678817963,alta,False,direto_certo,False,direto_certo
R0498,erros_de_digitacao,ingles,Please asssit because the email mailbox requires a storage increase.,Storage,sintetico_gerado_por_IA,please asssit because the email mailbox requires a storage increase,medicao,Storage,0.9997818769403087,alta,False,direto_certo,False,direto_certo
R0499,erros_de_digitacao,ingles,Please asssit because the project drive has reached its quota.,Storage,sintetico_gerado_por_IA,please asssit because the project drive has reached its quota,medicao,Internal Project,0.4013031152741099,baixa,False,desviado_para_pessoa,False,desviado_para_pessoa
R0500,erros_de_digitacao,ingles,Please assist becuase the project drive needs more capacity.,Storage,sintetico_gerado_por_IA,please assist becuase the project drive needs more capacity,medicao,Internal Project,0.5436384733282862,alta,False,direto_fila_errada,False,direto_fila_errada
R0501,erros_de_digitacao,ingles,Please assist becuase the project drive is out of space.,Storage,sintetico_gerado_por_IA,please assist becuase the project drive is out of space,medicao,Internal Project,0.4403337836215176,baixa,False,desviado_para_pessoa,False,desviado_para_pessoa
R0502,erros_de_digitacao,ingles,Please assist because the project drive requires a stoarge increase.,Storage,sintetico_gerado_por_IA,please assist because the project drive requires a stoarge increase,medicao,Storage,0.6074676141179779,alta,False,direto_certo,False,direto_certo
R0503,textos_curtos,ingles,OneDrive blocked,Storage,sintetico_gerado_por_IA,onedrive blocked,medicao,Access,0.7572651245043251,alta,False,direto_fila_errada,False,direto_fila_errada
R0504,mistura_de_idiomas,misto,No puedo OneDrive account because it has reached its quota,Storage,sintetico_gerado_por_IA,no puedo onedrive account because it has reached its quota,medicao,Access,0.8430940674511402,alta,True,desviado_para_pessoa,False,desviado_para_pessoa
R0505,textos_curtos,ingles,SharePoint unavailable,Storage,sintetico_gerado_por_IA,sharepoint unavailable,calibracao,Hardware,0.5143535927384442,baixa,False,desviado_para_pessoa,False,desviado_para_pessoa
R0506,mistura_de_idiomas,misto,Necesito ayuda para SharePoint library because it needs more capacity,Storage,sintetico_gerado_por_IA,necesito ayuda para sharepoint library because it needs more capacity,medicao,Storage,0.38014127590794283,baixa,True,desviado_para_pessoa,False,desviado_para_pessoa
R0507,textos_curtos,ingles,folder problem,Storage,sintetico_gerado_por_IA,folder problem,calibracao,Storage,0.9999904614541575,alta,False,direto_certo,False,direto_certo
R0508,mistura_de_idiomas,misto,Por favor necesito network folder because it is out of space,Storage,sintetico_gerado_por_IA,por favor necesito network folder because it is out of space,medicao,Storage,0.8836418899718779,alta,True,desviado_para_pessoa,False,desviado_para_pessoa
R0509,textos_curtos,ingles,mailbox request,Storage,sintetico_gerado_por_IA,mailbox request,medicao,Storage,0.9999495182926252,alta,False,direto_certo,False,direto_certo
R0510,mistura_de_idiomas,misto,Mi equipo dice que email mailbox because it requires a storage increase,Storage,sintetico_gerado_por_IA,mi equipo dice que email mailbox because it requires a storage increase,calibracao,Storage,0.9989596591720119,alta,True,desviado_para_pessoa,False,desviado_para_pessoa
R0511,textos_curtos,ingles,drive needed,Storage,sintetico_gerado_por_IA,drive needed,medicao,Storage,0.7024405271105377,alta,False,direto_certo,False,direto_certo
R0512,mistura_de_idiomas,misto,Hoje não consigo project drive because it has reached its quota,Storage,sintetico_gerado_por_IA,hoje nao consigo project drive because it has reached its quota,calibracao,Internal Project,0.37654489669445584,baixa,True,desviado_para_pessoa,False,desviado_para_pessoa
R0513,textos_curtos,ingles,quota failed,Storage,sintetico_gerado_por_IA,quota failed,calibracao,Storage,0.29951075853136244,baixa,False,desviado_para_pessoa,False,desviado_para_pessoa
R0514,mistura_de_idiomas,misto,Preciso resolver OneDrive account because it needs more capacity,Storage,sintetico_gerado_por_IA,preciso resolver onedrive account because it needs more capacity,calibracao,Access,0.7804896144099589,alta,True,desviado_para_pessoa,False,desviado_para_pessoa
R0515,textos_curtos,ingles,storage urgent,Storage,sintetico_gerado_por_IA,storage urgent,calibracao,Storage,0.9947081162936665,alta,False,direto_certo,False,direto_certo
R0516,mistura_de_idiomas,misto,Pode ajudar com SharePoint library because it is out of space,Storage,sintetico_gerado_por_IA,pode ajudar com sharepoint library because it is out of space,medicao,Storage,0.416730507937294,baixa,True,desviado_para_pessoa,False,desviado_para_pessoa
R0517,textos_curtos,ingles,OneDrive incorrect,Storage,sintetico_gerado_por_IA,onedrive incorrect,calibracao,Miscellaneous,0.36292741433544257,baixa,False,desviado_para_pessoa,False,desviado_para_pessoa
R0518,mistura_de_idiomas,misto,Meu colega reportou que network folder because it requires a storage increase,Storage,sintetico_gerado_por_IA,meu colega reportou que network folder because it requires a storage increase,calibracao,Storage,0.9979945310114351,alta,True,desviado_para_pessoa,False,desviado_para_pessoa
R0519,textos_curtos,ingles,SharePoint missing,Storage,sintetico_gerado_por_IA,sharepoint missing,calibracao,Hardware,0.25130306370627753,baixa,False,desviado_para_pessoa,False,desviado_para_pessoa
R0520,mistura_de_idiomas,misto,La oficina informa que email mailbox because it has reached its quota,Storage,sintetico_gerado_por_IA,la oficina informa que email mailbox because it has reached its quota,calibracao,Storage,0.8949185079776123,alta,True,desviado_para_pessoa,False,desviado_para_pessoa
R0521,textos_curtos,ingles,folder full,Storage,sintetico_gerado_por_IA,folder full,medicao,Storage,0.9999997826270264,alta,False,direto_certo,False,direto_certo
R0522,mistura_de_idiomas,misto,Quiero corregir project drive because it needs more capacity,Storage,sintetico_gerado_por_IA,quiero corregir project drive because it needs more capacity,calibracao,Internal Project,0.472043681647963,baixa,True,desviado_para_pessoa,False,desviado_para_pessoa
R0523,textos_curtos,ingles,mailbox broken,Storage,sintetico_gerado_por_IA,mailbox broken,medicao,Storage,0.9995011297927232,alta,False,direto_certo,False,direto_certo
R0524,mistura_de_idiomas,misto,Não funciona OneDrive account because it is out of space,Storage,sintetico_gerado_por_IA,nao funciona onedrive account because it is out of space,calibracao,Access,0.7679460219549784,alta,True,desviado_para_pessoa,False,desviado_para_pessoa
R0525,textos_curtos,ingles,drive approval,Storage,sintetico_gerado_por_IA,drive approval,medicao,Miscellaneous,0.9824127187221938,alta,False,direto_fila_errada,False,direto_fila_errada
R0526,mistura_de_idiomas,misto,Tenemos un problema con SharePoint library because it requires a storage increase,Storage,sintetico_gerado_por_IA,tenemos un problema con sharepoint library because it requires a storage increase,medicao,Storage,0.9852265167128322,alta,True,desviado_para_pessoa,False,desviado_para_pessoa
R0527,textos_curtos,ingles,quota support,Storage,sintetico_gerado_por_IA,quota support,medicao,Storage,0.3257168743337285,baixa,False,desviado_para_pessoa,False,desviado_para_pessoa
R0528,mistura_de_idiomas,misto,Favor verificar network folder because it has reached its quota,Storage,sintetico_gerado_por_IA,favor verificar network folder because it has reached its quota,calibracao,Storage,0.9226030976127152,alta,False,direto_certo,False,direto_certo
R0529,fora_do_escopo,ingles,Please review refund a duplicate order.,fora_do_escopo,sintetico_gerado_por_IA,please review refund a duplicate order,calibracao,Miscellaneous,0.22931267726413893,baixa,False,desviado_para_pessoa,True,desviado_para_pessoa
R0530,fora_do_escopo,ingles,Please review refund a returned product.,fora_do_escopo,sintetico_gerado_por_IA,please review refund a returned product,calibracao,Hardware,0.23825115450927087,baixa,False,desviado_para_pessoa,True,desviado_para_pessoa
R0531,fora_do_escopo,ingles,Please review refund a cancelled booking.,fora_do_escopo,sintetico_gerado_por_IA,please review refund a cancelled booking,calibracao,Hardware,0.3606758050641584,baixa,False,desviado_para_pessoa,True,desviado_para_pessoa
R0532,fora_do_escopo,ingles,Please review refund my original card.,fora_do_escopo,sintetico_gerado_por_IA,please review refund my original card,medicao,Access,0.9020841904171458,alta,False,direto_fila_errada,True,desviado_para_pessoa
R0533,fora_do_escopo,ingles,I need help with refund a duplicate order.,fora_do_escopo,sintetico_gerado_por_IA,i need help with refund a duplicate order,calibracao,Hardware,0.38935993797974555,baixa,False,desviado_para_pessoa,True,desviado_para_pessoa
R0534,fora_do_escopo,ingles,I need help with refund a returned product.,fora_do_escopo,sintetico_gerado_por_IA,i need help with refund a returned product,calibracao,Hardware,0.4080847921102672,baixa,False,desviado_para_pessoa,True,desviado_para_pessoa
R0535,fora_do_escopo,ingles,I need help with refund a cancelled booking.,fora_do_escopo,sintetico_gerado_por_IA,i need help with refund a cancelled booking,medicao,Hardware,0.5698891254711762,alta,False,direto_fila_errada,True,desviado_para_pessoa
R0536,fora_do_escopo,ingles,I need help with refund my original card.,fora_do_escopo,sintetico_gerado_por_IA,i need help with refund my original card,medicao,Access,0.861678321595507,alta,False,direto_fila_errada,True,desviado_para_pessoa
R0537,fora_do_escopo,ingles,Can someone resolve refund a duplicate order.,fora_do_escopo,sintetico_gerado_por_IA,can someone resolve refund a duplicate order,calibracao,Hardware,0.2939710834922429,baixa,False,desviado_para_pessoa,True,desviado_para_pessoa
R0538,fora_do_escopo,ingles,Can someone resolve refund a returned product.,fora_do_escopo,sintetico_gerado_por_IA,can someone resolve refund a returned product,medicao,Hardware,0.31197486160963644,baixa,False,desviado_para_pessoa,True,desviado_para_pessoa
R0539,fora_do_escopo,ingles,Can someone resolve refund a cancelled booking.,fora_do_escopo,sintetico_gerado_por_IA,can someone resolve refund a cancelled booking,calibracao,Hardware,0.4648199362175653,baixa,False,desviado_para_pessoa,True,desviado_para_pessoa
R0540,fora_do_escopo,ingles,Can someone resolve refund my original card.,fora_do_escopo,sintetico_gerado_por_IA,can someone resolve refund my original card,calibracao,Access,0.8224686652055666,alta,False,direto_fila_errada,True,desviado_para_pessoa
R0541,fora_do_escopo,ingles,The customer reported refund a duplicate order.,fora_do_escopo,sintetico_gerado_por_IA,the customer reported refund a duplicate order,medicao,Miscellaneous,0.3312087944756751,baixa,False,desviado_para_pessoa,True,desviado_para_pessoa
R0542,fora_do_escopo,ingles,The customer reported refund a returned product.,fora_do_escopo,sintetico_gerado_por_IA,the customer reported refund a returned product,medicao,Miscellaneous,0.28076529309688963,baixa,False,desviado_para_pessoa,True,desviado_para_pessoa
R0543,fora_do_escopo,ingles,The customer reported refund a cancelled booking.,fora_do_escopo,sintetico_gerado_por_IA,the customer reported refund a cancelled booking,calibracao,Miscellaneous,0.3555029281385668,baixa,False,desviado_para_pessoa,True,desviado_para_pessoa
R0544,fora_do_escopo,ingles,The customer reported refund my original card.,fora_do_escopo,sintetico_gerado_por_IA,the customer reported refund my original card,medicao,Access,0.7976922527698959,alta,False,direto_fila_errada,True,desviado_para_pessoa
R0545,fora_do_escopo,ingles,Our store received refund a duplicate order.,fora_do_escopo,sintetico_gerado_por_IA,our store received refund a duplicate order,medicao,Hardware,0.2390589404983491,baixa,False,desviado_para_pessoa,True,desviado_para_pessoa
R0546,fora_do_escopo,ingles,Our store received refund a returned product.,fora_do_escopo,sintetico_gerado_por_IA,our store received refund a returned product,calibracao,Hardware,0.2789593823065757,baixa,False,desviado_para_pessoa,True,desviado_para_pessoa
R0547,fora_do_escopo,ingles,Our store received refund a cancelled booking.,fora_do_escopo,sintetico_gerado_por_IA,our store received refund a cancelled booking,calibracao,Hardware,0.42581410137163156,baixa,False,desviado_para_pessoa,True,desviado_para_pessoa
R0548,fora_do_escopo,ingles,Our store received refund my original card.,fora_do_escopo,sintetico_gerado_por_IA,our store received refund my original card,medicao,Access,0.923366158227397,alta,False,direto_fila_errada,True,desviado_para_pessoa
R0549,fora_do_escopo,ingles,I am contacting support about refund a duplicate order.,fora_do_escopo,sintetico_gerado_por_IA,i am contacting support about refund a duplicate order,medicao,Hardware,0.37974327707300837,baixa,False,desviado_para_pessoa,True,desviado_para_pessoa
R0550,fora_do_escopo,ingles,I am contacting support about refund a returned product.,fora_do_escopo,sintetico_gerado_por_IA,i am contacting support about refund a returned product,calibracao,Hardware,0.4083613379263421,baixa,False,desviado_para_pessoa,True,desviado_para_pessoa
R0551,fora_do_escopo,ingles,I am contacting support about refund a cancelled booking.,fora_do_escopo,sintetico_gerado_por_IA,i am contacting support about refund a cancelled booking,calibracao,Hardware,0.529200515934068,media,False,desviado_para_pessoa,True,desviado_para_pessoa
R0552,fora_do_escopo,ingles,I am contacting support about refund my original card.,fora_do_escopo,sintetico_gerado_por_IA,i am contacting support about refund my original card,calibracao,Access,0.8889903978707407,alta,False,direto_fila_errada,True,desviado_para_pessoa
R0553,fora_do_escopo,ingles,Please investigate refund a duplicate order.,fora_do_escopo,sintetico_gerado_por_IA,please investigate refund a duplicate order,calibracao,Hardware,0.3211028820063788,baixa,False,desviado_para_pessoa,True,desviado_para_pessoa
R0554,fora_do_escopo,ingles,Please investigate refund a returned product.,fora_do_escopo,sintetico_gerado_por_IA,please investigate refund a returned product,medicao,Hardware,0.3624237524648228,baixa,False,desviado_para_pessoa,True,desviado_para_pessoa
R0555,fora_do_escopo,ingles,Please investigate refund a cancelled booking.,fora_do_escopo,sintetico_gerado_por_IA,please investigate refund a cancelled booking,calibracao,Hardware,0.486644470529022,baixa,False,desviado_para_pessoa,True,desviado_para_pessoa
R0556,fora_do_escopo,ingles,Please investigate refund my original card.,fora_do_escopo,sintetico_gerado_por_IA,please investigate refund my original card,calibracao,Access,0.9328649323098204,alta,False,direto_fila_errada,True,desviado_para_pessoa
R0557,fora_do_escopo,ingles,The account shows refund a duplicate order.,fora_do_escopo,sintetico_gerado_por_IA,the account shows refund a duplicate order,calibracao,Access,0.8933891664999275,alta,False,direto_fila_errada,True,desviado_para_pessoa
R0558,fora_do_escopo,ingles,The account shows refund a returned product.,fora_do_escopo,sintetico_gerado_por_IA,the account shows refund a returned product,calibracao,Access,0.9095912519148611,alta,False,direto_fila_errada,True,desviado_para_pessoa
R0559,fora_do_escopo,ingles,The account shows refund a cancelled booking.,fora_do_escopo,sintetico_gerado_por_IA,the account shows refund a cancelled booking,calibracao,Access,0.8267348437125623,alta,False,direto_fila_errada,True,desviado_para_pessoa
R0560,fora_do_escopo,ingles,The account shows refund my original card.,fora_do_escopo,sintetico_gerado_por_IA,the account shows refund my original card,calibracao,Access,0.9966579753010074,alta,False,direto_fila_errada,True,desviado_para_pessoa
R0561,fora_do_escopo,ingles,I want assistance with refund a duplicate order.,fora_do_escopo,sintetico_gerado_por_IA,i want assistance with refund a duplicate order,calibracao,Hardware,0.33917457170947685,baixa,False,desviado_para_pessoa,True,desviado_para_pessoa
R0562,fora_do_escopo,ingles,I want assistance with refund a returned product.,fora_do_escopo,sintetico_gerado_por_IA,i want assistance with refund a returned product,calibracao,Hardware,0.3567129315359544,baixa,False,desviado_para_pessoa,True,desviado_para_pessoa
R0563,fora_do_escopo,ingles,I want assistance with refund a cancelled booking.,fora_do_escopo,sintetico_gerado_por_IA,i want assistance with refund a cancelled booking,medicao,Hardware,0.5190937127629249,baixa,False,desviado_para_pessoa,True,desviado_para_pessoa
R0564,fora_do_escopo,ingles,I want assistance with refund my original card.,fora_do_escopo,sintetico_gerado_por_IA,i want assistance with refund my original card,calibracao,Access,0.8708350194405541,alta,False,direto_fila_errada,True,desviado_para_pessoa
R0565,fora_do_escopo,ingles,The sales team escalated refund a duplicate order.,fora_do_escopo,sintetico_gerado_por_IA,the sales team escalated refund a duplicate order,medicao,Miscellaneous,0.3542451726741135,baixa,False,desviado_para_pessoa,True,desviado_para_pessoa
R0566,fora_do_escopo,ingles,The sales team escalated refund a returned product.,fora_do_escopo,sintetico_gerado_por_IA,the sales team escalated refund a returned product,medicao,Miscellaneous,0.29705982517496327,baixa,False,desviado_para_pessoa,True,desviado_para_pessoa
R0567,fora_do_escopo,ingles,The sales team escalated refund a cancelled booking.,fora_do_escopo,sintetico_gerado_por_IA,the sales team escalated refund a cancelled booking,medicao,Miscellaneous,0.35840710290145034,baixa,False,desviado_para_pessoa,True,desviado_para_pessoa
R0568,fora_do_escopo,ingles,The sales team escalated refund my original card.,fora_do_escopo,sintetico_gerado_por_IA,the sales team escalated refund my original card,medicao,Access,0.8085523746990089,alta,False,direto_fila_errada,True,desviado_para_pessoa
R0569,fora_do_escopo,ingles,Please review billing a statement charge.,fora_do_escopo,sintetico_gerado_por_IA,please review billing a statement charge,medicao,Access,0.2289364659253736,baixa,False,desviado_para_pessoa,True,desviado_para_pessoa
R0570,fora_do_escopo,ingles,Please review billing an invoice address.,fora_do_escopo,sintetico_gerado_por_IA,please review billing an invoice address,calibracao,Hardware,0.34307444632033113,baixa,True,desviado_para_pessoa,True,desviado_para_pessoa
R0571,fora_do_escopo,ingles,Please review billing my subscription cycle.,fora_do_escopo,sintetico_gerado_por_IA,please review billing my subscription cycle,medicao,Access,0.39507628838531944,baixa,False,desviado_para_pessoa,True,desviado_para_pessoa
R0572,fora_do_escopo,ingles,Please review billing this month dispute.,fora_do_escopo,sintetico_gerado_por_IA,please review billing this month dispute,calibracao,Hardware,0.2343667547670209,baixa,False,desviado_para_pessoa,True,desviado_para_pessoa
R0573,fora_do_escopo,ingles,I need help with billing a statement charge.,fora_do_escopo,sintetico_gerado_por_IA,i need help with billing a statement charge,medicao,Hardware,0.3913745234238029,baixa,False,desviado_para_pessoa,True,desviado_para_pessoa
R0574,fora_do_escopo,ingles,I need help with billing an invoice address.,fora_do_escopo,sintetico_gerado_por_IA,i need help with billing an invoice address,calibracao,Hardware,0.5585826426518977,alta,False,direto_fila_errada,True,desviado_para_pessoa
R0575,fora_do_escopo,ingles,I need help with billing my subscription cycle.,fora_do_escopo,sintetico_gerado_por_IA,i need help with billing my subscription cycle,medicao,Hardware,0.3795590482010849,baixa,False,desviado_para_pessoa,True,desviado_para_pessoa
R0576,fora_do_escopo,ingles,I need help with billing this month dispute.,fora_do_escopo,sintetico_gerado_por_IA,i need help with billing this month dispute,calibracao,Hardware,0.39460639872795056,baixa,False,desviado_para_pessoa,True,desviado_para_pessoa
R0577,fora_do_escopo,ingles,Can someone resolve billing a statement charge.,fora_do_escopo,sintetico_gerado_por_IA,can someone resolve billing a statement charge,medicao,Hardware,0.32228249139721193,baixa,False,desviado_para_pessoa,True,desviado_para_pessoa
R0578,fora_do_escopo,ingles,Can someone resolve billing an invoice address.,fora_do_escopo,sintetico_gerado_por_IA,can someone resolve billing an invoice address,calibracao,Hardware,0.4519897550734779,baixa,False,desviado_para_pessoa,True,desviado_para_pessoa
R0579,fora_do_escopo,ingles,Can someone resolve billing my subscription cycle.,fora_do_escopo,sintetico_gerado_por_IA,can someone resolve billing my subscription cycle,medicao,Hardware,0.3262865199926827,baixa,False,desviado_para_pessoa,True,desviado_para_pessoa
R0580,fora_do_escopo,ingles,Can someone resolve billing this month dispute.,fora_do_escopo,sintetico_gerado_por_IA,can someone resolve billing this month dispute,calibracao,Hardware,0.3233282218896952,baixa,False,desviado_para_pessoa,True,desviado_para_pessoa
R0581,fora_do_escopo,ingles,The customer reported billing a statement charge.,fora_do_escopo,sintetico_gerado_por_IA,the customer reported billing a statement charge,medicao,Access,0.22444696970815478,baixa,False,desviado_para_pessoa,True,desviado_para_pessoa
R0582,fora_do_escopo,ingles,The customer reported billing an invoice address.,fora_do_escopo,sintetico_gerado_por_IA,the customer reported billing an invoice address,calibracao,Miscellaneous,0.30385990244735833,baixa,False,desviado_para_pessoa,True,desviado_para_pessoa
R0583,fora_do_escopo,ingles,The customer reported billing my subscription cycle.,fora_do_escopo,sintetico_gerado_por_IA,the customer reported billing my subscription cycle,medicao,Access,0.34356390939260806,baixa,False,desviado_para_pessoa,True,desviado_para_pessoa
R0584,fora_do_escopo,ingles,The customer reported billing this month dispute.,fora_do_escopo,sintetico_gerado_por_IA,the customer reported billing this month dispute,calibracao,Miscellaneous,0.2718426438038128,baixa,False,desviado_para_pessoa,True,desviado_para_pessoa
R0585,fora_do_escopo,ingles,Our store received billing a statement charge.,fora_do_escopo,sintetico_gerado_por_IA,our store received billing a statement charge,medicao,Access,0.2718263341248867,baixa,False,desviado_para_pessoa,True,desviado_para_pessoa
R0586,fora_do_escopo,ingles,Our store received billing an invoice address.,fora_do_escopo,sintetico_gerado_por_IA,our store received billing an invoice address,calibracao,Hardware,0.3935716980852176,baixa,False,desviado_para_pessoa,True,desviado_para_pessoa
R0587,fora_do_escopo,ingles,Our store received billing my subscription cycle.,fora_do_escopo,sintetico_gerado_por_IA,our store received billing my subscription cycle,medicao,Access,0.4276740646476841,baixa,False,desviado_para_pessoa,True,desviado_para_pessoa
R0588,fora_do_escopo,ingles,Our store received billing this month dispute.,fora_do_escopo,sintetico_gerado_por_IA,our store received billing this month dispute,medicao,Hardware,0.279997839538657,baixa,False,desviado_para_pessoa,True,desviado_para_pessoa
R0589,fora_do_escopo,ingles,I am contacting support about billing a statement charge.,fora_do_escopo,sintetico_gerado_por_IA,i am contacting support about billing a statement charge,medicao,Hardware,0.392414162148854,baixa,False,desviado_para_pessoa,True,desviado_para_pessoa
R0590,fora_do_escopo,ingles,I am contacting support about billing an invoice address.,fora_do_escopo,sintetico_gerado_por_IA,i am contacting support about billing an invoice address,medicao,Hardware,0.53394681183284,media,False,desviado_para_pessoa,True,desviado_para_pessoa
R0591,fora_do_escopo,ingles,I am contacting support about billing my subscription cycle.,fora_do_escopo,sintetico_gerado_por_IA,i am contacting support about billing my subscription cycle,medicao,Access,0.3942678004455482,baixa,False,desviado_para_pessoa,True,desviado_para_pessoa
R0592,fora_do_escopo,ingles,I am contacting support about billing this month dispute.,fora_do_escopo,sintetico_gerado_por_IA,i am contacting support about billing this month dispute,medicao,Hardware,0.3893148142099222,baixa,False,desviado_para_pessoa,True,desviado_para_pessoa
R0593,fora_do_escopo,ingles,Please investigate billing a statement charge.,fora_do_escopo,sintetico_gerado_por_IA,please investigate billing a statement charge,calibracao,Hardware,0.351902378961082,baixa,False,desviado_para_pessoa,True,desviado_para_pessoa
R0594,fora_do_escopo,ingles,Please investigate billing an invoice address.,fora_do_escopo,sintetico_gerado_por_IA,please investigate billing an invoice address,medicao,Hardware,0.501615085148633,baixa,True,desviado_para_pessoa,True,desviado_para_pessoa
R0595,fora_do_escopo,ingles,Please investigate billing my subscription cycle.,fora_do_escopo,sintetico_gerado_por_IA,please investigate billing my subscription cycle,medicao,Access,0.4262076154454192,baixa,False,desviado_para_pessoa,True,desviado_para_pessoa
R0596,fora_do_escopo,ingles,Please investigate billing this month dispute.,fora_do_escopo,sintetico_gerado_por_IA,please investigate billing this month dispute,calibracao,Hardware,0.346905211596309,baixa,False,desviado_para_pessoa,True,desviado_para_pessoa
R0597,fora_do_escopo,ingles,The account shows billing a statement charge.,fora_do_escopo,sintetico_gerado_por_IA,the account shows billing a statement charge,calibracao,Access,0.9315858156607882,alta,False,direto_fila_errada,True,desviado_para_pessoa
R0598,fora_do_escopo,ingles,The account shows billing an invoice address.,fora_do_escopo,sintetico_gerado_por_IA,the account shows billing an invoice address,medicao,Access,0.8778161596636491,alta,False,direto_fila_errada,True,desviado_para_pessoa
R0599,fora_do_escopo,ingles,The account shows billing my subscription cycle.,fora_do_escopo,sintetico_gerado_por_IA,the account shows billing my subscription cycle,medicao,Access,0.9670637812110093,alta,False,direto_fila_errada,True,desviado_para_pessoa
R0600,fora_do_escopo,ingles,The account shows billing this month dispute.,fora_do_escopo,sintetico_gerado_por_IA,the account shows billing this month dispute,calibracao,Access,0.863221104416793,alta,False,direto_fila_errada,True,desviado_para_pessoa
R0601,fora_do_escopo,ingles,I want assistance with billing a statement charge.,fora_do_escopo,sintetico_gerado_por_IA,i want assistance with billing a statement charge,calibracao,Hardware,0.34723321968388754,baixa,False,desviado_para_pessoa,True,desviado_para_pessoa
R0602,fora_do_escopo,ingles,I want assistance with billing an invoice address.,fora_do_escopo,sintetico_gerado_por_IA,i want assistance with billing an invoice address,calibracao,Hardware,0.4993229273285914,baixa,False,desviado_para_pessoa,True,desviado_para_pessoa
R0603,fora_do_escopo,ingles,I want assistance with billing my subscription cycle.,fora_do_escopo,sintetico_gerado_por_IA,i want assistance with billing my subscription cycle,medicao,Access,0.33827194088095225,baixa,False,desviado_para_pessoa,True,desviado_para_pessoa
R0604,fora_do_escopo,ingles,I want assistance with billing this month dispute.,fora_do_escopo,sintetico_gerado_por_IA,i want assistance with billing this month dispute,medicao,Hardware,0.3548692776999979,baixa,False,desviado_para_pessoa,True,desviado_para_pessoa
R0605,fora_do_escopo,ingles,The sales team escalated billing a statement charge.,fora_do_escopo,sintetico_gerado_por_IA,the sales team escalated billing a statement charge,medicao,Hardware,0.25601374286264156,baixa,False,desviado_para_pessoa,True,desviado_para_pessoa
R0606,fora_do_escopo,ingles,The sales team escalated billing an invoice address.,fora_do_escopo,sintetico_gerado_por_IA,the sales team escalated billing an invoice address,calibracao,Hardware,0.32661215060217935,baixa,False,desviado_para_pessoa,True,desviado_para_pessoa
R0607,fora_do_escopo,ingles,The sales team escalated billing my subscription cycle.,fora_do_escopo,sintetico_gerado_por_IA,the sales team escalated billing my subscription cycle,medicao,Access,0.32408538846382456,baixa,False,desviado_para_pessoa,True,desviado_para_pessoa
R0608,fora_do_escopo,ingles,The sales team escalated billing this month dispute.,fora_do_escopo,sintetico_gerado_por_IA,the sales team escalated billing this month dispute,medicao,Miscellaneous,0.28238851666015513,baixa,False,desviado_para_pessoa,True,desviado_para_pessoa
R0609,fora_do_escopo,ingles,Please review charged twice for one order.,fora_do_escopo,sintetico_gerado_por_IA,please review charged twice for one order,medicao,Hardware,0.3130685393645329,baixa,False,desviado_para_pessoa,True,desviado_para_pessoa
R0610,fora_do_escopo,ingles,Please review charged after cancelling service.,fora_do_escopo,sintetico_gerado_por_IA,please review charged after cancelling service,calibracao,Miscellaneous,0.5281064164209123,media,False,desviado_para_pessoa,True,desviado_para_pessoa
R0611,fora_do_escopo,ingles,Please review charged the wrong amount.,fora_do_escopo,sintetico_gerado_por_IA,please review charged the wrong amount,medicao,Miscellaneous,0.3036082378458746,baixa,False,desviado_para_pessoa,True,desviado_para_pessoa
R0612,fora_do_escopo,ingles,Please review charged for a returned item.,fora_do_escopo,sintetico_gerado_por_IA,please review charged for a returned item,medicao,Hardware,0.2248086069324248,baixa,False,desviado_para_pessoa,True,desviado_para_pessoa
R0613,fora_do_escopo,ingles,I need help with charged twice for one order.,fora_do_escopo,sintetico_gerado_por_IA,i need help with charged twice for one order,calibracao,Hardware,0.4687849702589386,baixa,False,desviado_para_pessoa,True,desviado_para_pessoa
R0614,fora_do_escopo,ingles,I need help with charged after cancelling service.,fora_do_escopo,sintetico_gerado_por_IA,i need help with charged after cancelling service,medicao,Hardware,0.29730748307239585,baixa,False,desviado_para_pessoa,True,desviado_para_pessoa
R0615,fora_do_escopo,ingles,I need help with charged the wrong amount.,fora_do_escopo,sintetico_gerado_por_IA,i need help with charged the wrong amount,medicao,Hardware,0.3833292952438803,baixa,False,desviado_para_pessoa,True,desviado_para_pessoa
R0616,fora_do_escopo,ingles,I need help with charged for a returned item.,fora_do_escopo,sintetico_gerado_por_IA,i need help with charged for a returned item,medicao,Hardware,0.43752774192823046,baixa,False,desviado_para_pessoa,True,desviado_para_pessoa
R0617,fora_do_escopo,ingles,Can someone resolve charged twice for one order.,fora_do_escopo,sintetico_gerado_por_IA,can someone resolve charged twice for one order,calibracao,Hardware,0.4004565167237259,baixa,False,desviado_para_pessoa,True,desviado_para_pessoa
R0618,fora_do_escopo,ingles,Can someone resolve charged after cancelling service.,fora_do_escopo,sintetico_gerado_por_IA,can someone resolve charged after cancelling service,calibracao,Miscellaneous,0.38002165432477397,baixa,False,desviado_para_pessoa,True,desviado_para_pessoa
R0619,fora_do_escopo,ingles,Can someone resolve charged the wrong amount.,fora_do_escopo,sintetico_gerado_por_IA,can someone resolve charged the wrong amount,calibracao,Hardware,0.29278099241843014,baixa,False,desviado_para_pessoa,True,desviado_para_pessoa
R0620,fora_do_escopo,ingles,Can someone resolve charged for a returned item.,fora_do_escopo,sintetico_gerado_por_IA,can someone resolve charged for a returned item,calibracao,Hardware,0.33490852097993723,baixa,False,desviado_para_pessoa,True,desviado_para_pessoa
R0621,fora_do_escopo,ingles,The customer reported charged twice for one order.,fora_do_escopo,sintetico_gerado_por_IA,the customer reported charged twice for one order,calibracao,Miscellaneous,0.2788366687577195,baixa,False,desviado_para_pessoa,True,desviado_para_pessoa
R0622,fora_do_escopo,ingles,The customer reported charged after cancelling service.,fora_do_escopo,sintetico_gerado_por_IA,the customer reported charged after cancelling service,medicao,Miscellaneous,0.5852278853267847,alta,False,direto_fila_errada,True,desviado_para_pessoa
R0623,fora_do_escopo,ingles,The customer reported charged the wrong amount.,fora_do_escopo,sintetico_gerado_por_IA,the customer reported charged the wrong amount,medicao,Miscellaneous,0.3834777590718279,baixa,False,desviado_para_pessoa,True,desviado_para_pessoa
R0624,fora_do_escopo,ingles,The customer reported charged for a returned item.,fora_do_escopo,sintetico_gerado_por_IA,the customer reported charged for a returned item,medicao,Miscellaneous,0.31454827748169367,baixa,False,desviado_para_pessoa,True,desviado_para_pessoa
R0625,fora_do_escopo,ingles,Our store received charged twice for one order.,fora_do_escopo,sintetico_gerado_por_IA,our store received charged twice for one order,medicao,Hardware,0.3544113154727208,baixa,False,desviado_para_pessoa,True,desviado_para_pessoa
R0626,fora_do_escopo,ingles,Our store received charged after cancelling service.,fora_do_escopo,sintetico_gerado_por_IA,our store received charged after cancelling service,calibracao,Miscellaneous,0.46266909701537356,baixa,False,desviado_para_pessoa,True,desviado_para_pessoa
R0627,fora_do_escopo,ingles,Our store received charged the wrong amount.,fora_do_escopo,sintetico_gerado_por_IA,our store received charged the wrong amount,calibracao,Miscellaneous,0.2654144894911981,baixa,False,desviado_para_pessoa,True,desviado_para_pessoa
R0628,fora_do_escopo,ingles,Our store received charged for a returned item.,fora_do_escopo,sintetico_gerado_por_IA,our store received charged for a returned item,calibracao,Hardware,0.2737414778753553,baixa,False,desviado_para_pessoa,True,desviado_para_pessoa
R0629,fora_do_escopo,ingles,I am contacting support about charged twice for one order.,fora_do_escopo,sintetico_gerado_por_IA,i am contacting support about charged twice for one order,calibracao,Hardware,0.4568212688339663,baixa,False,desviado_para_pessoa,True,desviado_para_pessoa
R0630,fora_do_escopo,ingles,I am contacting support about charged after cancelling service.,fora_do_escopo,sintetico_gerado_por_IA,i am contacting support about charged after cancelling service,medicao,Miscellaneous,0.47390215908377753,baixa,False,desviado_para_pessoa,True,desviado_para_pessoa
R0631,fora_do_escopo,ingles,I am contacting support about charged the wrong amount.,fora_do_escopo,sintetico_gerado_por_IA,i am contacting support about charged the wrong amount,medicao,Hardware,0.35922642200989885,baixa,False,desviado_para_pessoa,True,desviado_para_pessoa
R0632,fora_do_escopo,ingles,I am contacting support about charged for a returned item.,fora_do_escopo,sintetico_gerado_por_IA,i am contacting support about charged for a returned item,medicao,Hardware,0.42866016064257606,baixa,False,desviado_para_pessoa,True,desviado_para_pessoa
R0633,fora_do_escopo,ingles,Please investigate charged twice for one order.,fora_do_escopo,sintetico_gerado_por_IA,please investigate charged twice for one order,medicao,Hardware,0.4155444271746108,baixa,False,desviado_para_pessoa,True,desviado_para_pessoa
R0634,fora_do_escopo,ingles,Please investigate charged after cancelling service.,fora_do_escopo,sintetico_gerado_por_IA,please investigate charged after cancelling service,medicao,Miscellaneous,0.5875452733741461,alta,False,direto_fila_errada,True,desviado_para_pessoa
R0635,fora_do_escopo,ingles,Please investigate charged the wrong amount.,fora_do_escopo,sintetico_gerado_por_IA,please investigate charged the wrong amount,medicao,Miscellaneous,0.347601703339116,baixa,False,desviado_para_pessoa,True,desviado_para_pessoa
R0636,fora_do_escopo,ingles,Please investigate charged for a returned item.,fora_do_escopo,sintetico_gerado_por_IA,please investigate charged for a returned item,calibracao,Hardware,0.37189671484612086,baixa,False,desviado_para_pessoa,True,desviado_para_pessoa
R0637,fora_do_escopo,ingles,The account shows charged twice for one order.,fora_do_escopo,sintetico_gerado_por_IA,the account shows charged twice for one order,calibracao,Access,0.7120554286986247,alta,False,direto_fila_errada,True,desviado_para_pessoa
R0638,fora_do_escopo,ingles,The account shows charged after cancelling service.,fora_do_escopo,sintetico_gerado_por_IA,the account shows charged after cancelling service,medicao,Access,0.7958679198479851,alta,False,direto_fila_errada,True,desviado_para_pessoa
R0639,fora_do_escopo,ingles,The account shows charged the wrong amount.,fora_do_escopo,sintetico_gerado_por_IA,the account shows charged the wrong amount,medicao,Access,0.7193079154227647,alta,False,direto_fila_errada,True,desviado_para_pessoa
R0640,fora_do_escopo,ingles,The account shows charged for a returned item.,fora_do_escopo,sintetico_gerado_por_IA,the account shows charged for a returned item,medicao,Access,0.8999756703035193,alta,False,direto_fila_errada,True,desviado_para_pessoa
R0641,fora_do_escopo,ingles,I want assistance with charged twice for one order.,fora_do_escopo,sintetico_gerado_por_IA,i want assistance with charged twice for one order,medicao,Hardware,0.4368495174522885,baixa,False,desviado_para_pessoa,True,desviado_para_pessoa
R0642,fora_do_escopo,ingles,I want assistance with charged after cancelling service.,fora_do_escopo,sintetico_gerado_por_IA,i want assistance with charged after cancelling service,medicao,Miscellaneous,0.33613240325417093,baixa,False,desviado_para_pessoa,True,desviado_para_pessoa
R0643,fora_do_escopo,ingles,I want assistance with charged the wrong amount.,fora_do_escopo,sintetico_gerado_por_IA,i want assistance with charged the wrong amount,calibracao,Hardware,0.3439186700997219,baixa,False,desviado_para_pessoa,True,desviado_para_pessoa
R0644,fora_do_escopo,ingles,I want assistance with charged for a returned item.,fora_do_escopo,sintetico_gerado_por_IA,i want assistance with charged for a returned item,medicao,Hardware,0.3882994126652714,baixa,False,desviado_para_pessoa,True,desviado_para_pessoa
R0645,fora_do_escopo,ingles,The sales team escalated charged twice for one order.,fora_do_escopo,sintetico_gerado_por_IA,the sales team escalated charged twice for one order,calibracao,Hardware,0.315125600083681,baixa,False,desviado_para_pessoa,True,desviado_para_pessoa
R0646,fora_do_escopo,ingles,The sales team escalated charged after cancelling service.,fora_do_escopo,sintetico_gerado_por_IA,the sales team escalated charged after cancelling service,medicao,Miscellaneous,0.6192034598249306,alta,False,direto_fila_errada,True,desviado_para_pessoa
R0647,fora_do_escopo,ingles,The sales team escalated charged the wrong amount.,fora_do_escopo,sintetico_gerado_por_IA,the sales team escalated charged the wrong amount,calibracao,Miscellaneous,0.39972105791923446,baixa,False,desviado_para_pessoa,True,desviado_para_pessoa
R0648,fora_do_escopo,ingles,The sales team escalated charged for a returned item.,fora_do_escopo,sintetico_gerado_por_IA,the sales team escalated charged for a returned item,medicao,Miscellaneous,0.33454704226464316,baixa,False,desviado_para_pessoa,True,desviado_para_pessoa
R0649,fora_do_escopo,ingles,Please review delivery past its promised date.,fora_do_escopo,sintetico_gerado_por_IA,please review delivery past its promised date,calibracao,HR Support,0.4164552239802321,baixa,False,desviado_para_pessoa,True,desviado_para_pessoa
R0650,fora_do_escopo,ingles,Please review delivery sent to a wrong address.,fora_do_escopo,sintetico_gerado_por_IA,please review delivery sent to a wrong address,medicao,Miscellaneous,0.3164839889665896,baixa,False,desviado_para_pessoa,True,desviado_para_pessoa
R0651,fora_do_escopo,ingles,Please review delivery with damaged contents.,fora_do_escopo,sintetico_gerado_por_IA,please review delivery with damaged contents,medicao,Hardware,0.27906141312866,baixa,False,desviado_para_pessoa,True,desviado_para_pessoa
R0652,fora_do_escopo,ingles,Please review delivery that never arrived.,fora_do_escopo,sintetico_gerado_por_IA,please review delivery that never arrived,medicao,Hardware,0.30821059661454203,baixa,False,desviado_para_pessoa,True,desviado_para_pessoa
R0653,fora_do_escopo,ingles,I need help with delivery past its promised date.,fora_do_escopo,sintetico_gerado_por_IA,i need help with delivery past its promised date,calibracao,Hardware,0.29411393067680497,baixa,False,desviado_para_pessoa,True,desviado_para_pessoa
R0654,fora_do_escopo,ingles,I need help with delivery sent to a wrong address.,fora_do_escopo,sintetico_gerado_por_IA,i need help with delivery sent to a wrong address,medicao,Hardware,0.445281160272464,baixa,False,desviado_para_pessoa,True,desviado_para_pessoa
R0655,fora_do_escopo,ingles,I need help with delivery with damaged contents.,fora_do_escopo,sintetico_gerado_por_IA,i need help with delivery with damaged contents,calibracao,Hardware,0.4297505942792222,baixa,False,desviado_para_pessoa,True,desviado_para_pessoa
R0656,fora_do_escopo,ingles,I need help with delivery that never arrived.,fora_do_escopo,sintetico_gerado_por_IA,i need help with delivery that never arrived,medicao,Hardware,0.49069067826000556,baixa,False,desviado_para_pessoa,True,desviado_para_pessoa
R0657,fora_do_escopo,ingles,Can someone resolve delivery past its promised date.,fora_do_escopo,sintetico_gerado_por_IA,can someone resolve delivery past its promised date,medicao,HR Support,0.23127363112235047,baixa,False,desviado_para_pessoa,True,desviado_para_pessoa
R0658,fora_do_escopo,ingles,Can someone resolve delivery sent to a wrong address.,fora_do_escopo,sintetico_gerado_por_IA,can someone resolve delivery sent to a wrong address,calibracao,Hardware,0.35389531817611736,baixa,False,desviado_para_pessoa,True,desviado_para_pessoa
R0659,fora_do_escopo,ingles,Can someone resolve delivery with damaged contents.,fora_do_escopo,sintetico_gerado_por_IA,can someone resolve delivery with damaged contents,medicao,Hardware,0.3389619137625822,baixa,False,desviado_para_pessoa,True,desviado_para_pessoa
R0660,fora_do_escopo,ingles,Can someone resolve delivery that never arrived.,fora_do_escopo,sintetico_gerado_por_IA,can someone resolve delivery that never arrived,medicao,Hardware,0.39104897802722455,baixa,False,desviado_para_pessoa,True,desviado_para_pessoa
R0661,fora_do_escopo,ingles,The customer reported delivery past its promised date.,fora_do_escopo,sintetico_gerado_por_IA,the customer reported delivery past its promised date,calibracao,Miscellaneous,0.30766454661616,baixa,False,desviado_para_pessoa,True,desviado_para_pessoa
R0662,fora_do_escopo,ingles,The customer reported delivery sent to a wrong address.,fora_do_escopo,sintetico_gerado_por_IA,the customer reported delivery sent to a wrong address,medicao,Miscellaneous,0.4130115237344056,baixa,False,desviado_para_pessoa,True,desviado_para_pessoa
R0663,fora_do_escopo,ingles,The customer reported delivery with damaged contents.,fora_do_escopo,sintetico_gerado_por_IA,the customer reported delivery with damaged contents,calibracao,Hardware,0.22278892382032062,baixa,False,desviado_para_pessoa,True,desviado_para_pessoa
R0664,fora_do_escopo,ingles,The customer reported delivery that never arrived.,fora_do_escopo,sintetico_gerado_por_IA,the customer reported delivery that never arrived,medicao,Miscellaneous,0.26178866041238,baixa,False,desviado_para_pessoa,True,desviado_para_pessoa
R0665,fora_do_escopo,ingles,Our store received delivery past its promised date.,fora_do_escopo,sintetico_gerado_por_IA,our store received delivery past its promised date,calibracao,Hardware,0.19734961867910827,baixa,False,desviado_para_pessoa,True,desviado_para_pessoa
R0666,fora_do_escopo,ingles,Our store received delivery sent to a wrong address.,fora_do_escopo,sintetico_gerado_por_IA,our store received delivery sent to a wrong address,medicao,Hardware,0.3228103471849847,baixa,False,desviado_para_pessoa,True,desviado_para_pessoa
R0667,fora_do_escopo,ingles,Our store received delivery with damaged contents.,fora_do_escopo,sintetico_gerado_por_IA,our store received delivery with damaged contents,medicao,Hardware,0.30387968875956817,baixa,False,desviado_para_pessoa,True,desviado_para_pessoa
R0668,fora_do_escopo,ingles,Our store received delivery that never arrived.,fora_do_escopo,sintetico_gerado_por_IA,our store received delivery that never arrived,calibracao,Hardware,0.35547067034070556,baixa,False,desviado_para_pessoa,True,desviado_para_pessoa
R0669,fora_do_escopo,ingles,I am contacting support about delivery past its promised date.,fora_do_escopo,sintetico_gerado_por_IA,i am contacting support about delivery past its promised date,calibracao,Hardware,0.3032227550975377,baixa,False,desviado_para_pessoa,True,desviado_para_pessoa
R0670,fora_do_escopo,ingles,I am contacting support about delivery sent to a wrong address.,fora_do_escopo,sintetico_gerado_por_IA,i am contacting support about delivery sent to a wrong address,medicao,Hardware,0.42227718315055324,baixa,False,desviado_para_pessoa,True,desviado_para_pessoa
R0671,fora_do_escopo,ingles,I am contacting support about delivery with damaged contents.,fora_do_escopo,sintetico_gerado_por_IA,i am contacting support about delivery with damaged contents,calibracao,Hardware,0.45560460920116874,baixa,False,desviado_para_pessoa,True,desviado_para_pessoa
R0672,fora_do_escopo,ingles,I am contacting support about delivery that never arrived.,fora_do_escopo,sintetico_gerado_por_IA,i am contacting support about delivery that never arrived,calibracao,Hardware,0.4949979888449827,baixa,False,desviado_para_pessoa,True,desviado_para_pessoa
R0673,fora_do_escopo,ingles,Please investigate delivery past its promised date.,fora_do_escopo,sintetico_gerado_por_IA,please investigate delivery past its promised date,medicao,Miscellaneous,0.26289432807159013,baixa,False,desviado_para_pessoa,True,desviado_para_pessoa
R0674,fora_do_escopo,ingles,Please investigate delivery sent to a wrong address.,fora_do_escopo,sintetico_gerado_por_IA,please investigate delivery sent to a wrong address,calibracao,Hardware,0.36211764137260244,baixa,False,desviado_para_pessoa,True,desviado_para_pessoa
R0675,fora_do_escopo,ingles,Please investigate delivery with damaged contents.,fora_do_escopo,sintetico_gerado_por_IA,please investigate delivery with damaged contents,medicao,Hardware,0.4217882228047238,baixa,False,desviado_para_pessoa,True,desviado_para_pessoa
R0676,fora_do_escopo,ingles,Please investigate delivery that never arrived.,fora_do_escopo,sintetico_gerado_por_IA,please investigate delivery that never arrived,medicao,Hardware,0.4520046231860936,baixa,False,desviado_para_pessoa,True,desviado_para_pessoa
R0677,fora_do_escopo,ingles,The account shows delivery past its promised date.,fora_do_escopo,sintetico_gerado_por_IA,the account shows delivery past its promised date,medicao,Access,0.771772171964777,alta,False,direto_fila_errada,True,desviado_para_pessoa
R0678,fora_do_escopo,ingles,The account shows delivery sent to a wrong address.,fora_do_escopo,sintetico_gerado_por_IA,the account shows delivery sent to a wrong address,medicao,Access,0.5698608078113464,alta,False,direto_fila_errada,True,desviado_para_pessoa
R0679,fora_do_escopo,ingles,The account shows delivery with damaged contents.,fora_do_escopo,sintetico_gerado_por_IA,the account shows delivery with damaged contents,medicao,Access,0.9159632525306394,alta,False,direto_fila_errada,True,desviado_para_pessoa
R0680,fora_do_escopo,ingles,The account shows delivery that never arrived.,fora_do_escopo,sintetico_gerado_por_IA,the account shows delivery that never arrived,calibracao,Access,0.8134448808624801,alta,False,direto_fila_errada,True,desviado_para_pessoa
R0681,fora_do_escopo,ingles,I want assistance with delivery past its promised date.,fora_do_escopo,sintetico_gerado_por_IA,i want assistance with delivery past its promised date,calibracao,Hardware,0.2767786812116993,baixa,False,desviado_para_pessoa,True,desviado_para_pessoa
R0682,fora_do_escopo,ingles,I want assistance with delivery sent to a wrong address.,fora_do_escopo,sintetico_gerado_por_IA,i want assistance with delivery sent to a wrong address,medicao,Hardware,0.40408153554048476,baixa,False,desviado_para_pessoa,True,desviado_para_pessoa
R0683,fora_do_escopo,ingles,I want assistance with delivery with damaged contents.,fora_do_escopo,sintetico_gerado_por_IA,i want assistance with delivery with damaged contents,calibracao,Hardware,0.3778500159923589,baixa,False,desviado_para_pessoa,True,desviado_para_pessoa
R0684,fora_do_escopo,ingles,I want assistance with delivery that never arrived.,fora_do_escopo,sintetico_gerado_por_IA,i want assistance with delivery that never arrived,medicao,Hardware,0.4422128336463495,baixa,False,desviado_para_pessoa,True,desviado_para_pessoa
R0685,fora_do_escopo,ingles,The sales team escalated delivery past its promised date.,fora_do_escopo,sintetico_gerado_por_IA,the sales team escalated delivery past its promised date,calibracao,Miscellaneous,0.3282699304295219,baixa,False,desviado_para_pessoa,True,desviado_para_pessoa
R0686,fora_do_escopo,ingles,The sales team escalated delivery sent to a wrong address.,fora_do_escopo,sintetico_gerado_por_IA,the sales team escalated delivery sent to a wrong address,medicao,Miscellaneous,0.42415969915236584,baixa,False,desviado_para_pessoa,True,desviado_para_pessoa
R0687,fora_do_escopo,ingles,The sales team escalated delivery with damaged contents.,fora_do_escopo,sintetico_gerado_por_IA,the sales team escalated delivery with damaged contents,calibracao,Hardware,0.29117340124535446,baixa,False,desviado_para_pessoa,True,desviado_para_pessoa
R0688,fora_do_escopo,ingles,The sales team escalated delivery that never arrived.,fora_do_escopo,sintetico_gerado_por_IA,the sales team escalated delivery that never arrived,medicao,Hardware,0.3115124291311324,baixa,False,desviado_para_pessoa,True,desviado_para_pessoa
R0689,fora_do_escopo,ingles,Please review shipment with frozen tracking.,fora_do_escopo,sintetico_gerado_por_IA,please review shipment with frozen tracking,calibracao,Hardware,0.2574074848013097,baixa,False,desviado_para_pessoa,True,desviado_para_pessoa
R0690,fora_do_escopo,ingles,Please review shipment held by the carrier.,fora_do_escopo,sintetico_gerado_por_IA,please review shipment held by the carrier,calibracao,Hardware,0.28729833683115696,baixa,False,desviado_para_pessoa,True,desviado_para_pessoa
R0691,fora_do_escopo,ingles,Please review shipment missing one package.,fora_do_escopo,sintetico_gerado_por_IA,please review shipment missing one package,medicao,Hardware,0.2852915780114606,baixa,False,desviado_para_pessoa,True,desviado_para_pessoa
R0692,fora_do_escopo,ingles,Please review shipment routed to another city.,fora_do_escopo,sintetico_gerado_por_IA,please review shipment routed to another city,medicao,HR Support,0.31752575761866564,baixa,False,desviado_para_pessoa,True,desviado_para_pessoa
R0693,fora_do_escopo,ingles,I need help with shipment with frozen tracking.,fora_do_escopo,sintetico_gerado_por_IA,i need help with shipment with frozen tracking,medicao,Hardware,0.4218716438718812,baixa,False,desviado_para_pessoa,True,desviado_para_pessoa
R0694,fora_do_escopo,ingles,I need help with shipment held by the carrier.,fora_do_escopo,sintetico_gerado_por_IA,i need help with shipment held by the carrier,calibracao,Hardware,0.4658191728393545,baixa,False,desviado_para_pessoa,True,desviado_para_pessoa
R0695,fora_do_escopo,ingles,I need help with shipment missing one package.,fora_do_escopo,sintetico_gerado_por_IA,i need help with shipment missing one package,medicao,Hardware,0.4661075978576773,baixa,False,desviado_para_pessoa,True,desviado_para_pessoa
R0696,fora_do_escopo,ingles,I need help with shipment routed to another city.,fora_do_escopo,sintetico_gerado_por_IA,i need help with shipment routed to another city,medicao,Hardware,0.32181807411296753,baixa,False,desviado_para_pessoa,True,desviado_para_pessoa
R0697,fora_do_escopo,ingles,Can someone resolve shipment with frozen tracking.,fora_do_escopo,sintetico_gerado_por_IA,can someone resolve shipment with frozen tracking,medicao,Hardware,0.3373804828753164,baixa,False,desviado_para_pessoa,True,desviado_para_pessoa
R0698,fora_do_escopo,ingles,Can someone resolve shipment held by the carrier.,fora_do_escopo,sintetico_gerado_por_IA,can someone resolve shipment held by the carrier,medicao,Hardware,0.38632926546965,baixa,False,desviado_para_pessoa,True,desviado_para_pessoa
R0699,fora_do_escopo,ingles,Can someone resolve shipment missing one package.,fora_do_escopo,sintetico_gerado_por_IA,can someone resolve shipment missing one package,medicao,Hardware,0.37699477612938875,baixa,False,desviado_para_pessoa,True,desviado_para_pessoa
R0700,fora_do_escopo,ingles,Can someone resolve shipment routed to another city.,fora_do_escopo,sintetico_gerado_por_IA,can someone resolve shipment routed to another city,calibracao,Hardware,0.2564911046487358,baixa,False,desviado_para_pessoa,True,desviado_para_pessoa
R0701,fora_do_escopo,ingles,The customer reported shipment with frozen tracking.,fora_do_escopo,sintetico_gerado_por_IA,the customer reported shipment with frozen tracking,medicao,Hardware,0.22212918427249947,baixa,False,desviado_para_pessoa,True,desviado_para_pessoa
R0702,fora_do_escopo,ingles,The customer reported shipment held by the carrier.,fora_do_escopo,sintetico_gerado_por_IA,the customer reported shipment held by the carrier,calibracao,Miscellaneous,0.2955620699511242,baixa,False,desviado_para_pessoa,True,desviado_para_pessoa
R0703,fora_do_escopo,ingles,The customer reported shipment missing one package.,fora_do_escopo,sintetico_gerado_por_IA,the customer reported shipment missing one package,calibracao,Hardware,0.24064781182312117,baixa,False,desviado_para_pessoa,True,desviado_para_pessoa
R0704,fora_do_escopo,ingles,The customer reported shipment routed to another city.,fora_do_escopo,sintetico_gerado_por_IA,the customer reported shipment routed to another city,medicao,Miscellaneous,0.29665249871717625,baixa,False,desviado_para_pessoa,True,desviado_para_pessoa
R0705,fora_do_escopo,ingles,Our store received shipment with frozen tracking.,fora_do_escopo,sintetico_gerado_por_IA,our store received shipment with frozen tracking,calibracao,Hardware,0.2909911818264619,baixa,False,desviado_para_pessoa,True,desviado_para_pessoa
R0706,fora_do_escopo,ingles,Our store received shipment held by the carrier.,fora_do_escopo,sintetico_gerado_por_IA,our store received shipment held by the carrier,calibracao,Hardware,0.31412515036567495,baixa,False,desviado_para_pessoa,True,desviado_para_pessoa
R0707,fora_do_escopo,ingles,Our store received shipment missing one package.,fora_do_escopo,sintetico_gerado_por_IA,our store received shipment missing one package,medicao,Hardware,0.28015813371936005,baixa,False,desviado_para_pessoa,True,desviado_para_pessoa
R0708,fora_do_escopo,ingles,Our store received shipment routed to another city.,fora_do_escopo,sintetico_gerado_por_IA,our store received shipment routed to another city,medicao,Hardware,0.2107266572236254,baixa,False,desviado_para_pessoa,True,desviado_para_pessoa
R0709,fora_do_escopo,ingles,I am contacting support about shipment with frozen tracking.,fora_do_escopo,sintetico_gerado_por_IA,i am contacting support about shipment with frozen tracking,medicao,Hardware,0.46652928085698536,baixa,False,desviado_para_pessoa,True,desviado_para_pessoa
R0710,fora_do_escopo,ingles,I am contacting support about shipment held by the carrier.,fora_do_escopo,sintetico_gerado_por_IA,i am contacting support about shipment held by the carrier,calibracao,Hardware,0.4531983351523256,baixa,False,desviado_para_pessoa,True,desviado_para_pessoa
R0711,fora_do_escopo,ingles,I am contacting support about shipment missing one package.,fora_do_escopo,sintetico_gerado_por_IA,i am contacting support about shipment missing one package,medicao,Hardware,0.4888196402725059,baixa,False,desviado_para_pessoa,True,desviado_para_pessoa
R0712,fora_do_escopo,ingles,I am contacting support about shipment routed to another city.,fora_do_escopo,sintetico_gerado_por_IA,i am contacting support about shipment routed to another city,medicao,Hardware,0.32969523421413505,baixa,False,desviado_para_pessoa,True,desviado_para_pessoa
R0713,fora_do_escopo,ingles,Please investigate shipment with frozen tracking.,fora_do_escopo,sintetico_gerado_por_IA,please investigate shipment with frozen tracking,calibracao,Hardware,0.41243402615134067,baixa,False,desviado_para_pessoa,True,desviado_para_pessoa
R0714,fora_do_escopo,ingles,Please investigate shipment held by the carrier.,fora_do_escopo,sintetico_gerado_por_IA,please investigate shipment held by the carrier,calibracao,Hardware,0.4012988671851599,baixa,False,desviado_para_pessoa,True,desviado_para_pessoa
R0715,fora_do_escopo,ingles,Please investigate shipment missing one package.,fora_do_escopo,sintetico_gerado_por_IA,please investigate shipment missing one package,medicao,Hardware,0.4557452453693836,baixa,False,desviado_para_pessoa,True,desviado_para_pessoa
R0716,fora_do_escopo,ingles,Please investigate shipment routed to another city.,fora_do_escopo,sintetico_gerado_por_IA,please investigate shipment routed to another city,calibracao,Hardware,0.26778375805611565,baixa,False,desviado_para_pessoa,True,desviado_para_pessoa
R0717,fora_do_escopo,ingles,The account shows shipment with frozen tracking.,fora_do_escopo,sintetico_gerado_por_IA,the account shows shipment with frozen tracking,medicao,Access,0.7701972560133745,alta,False,direto_fila_errada,True,desviado_para_pessoa
R0718,fora_do_escopo,ingles,The account shows shipment held by the carrier.,fora_do_escopo,sintetico_gerado_por_IA,the account shows shipment held by the carrier,calibracao,Access,0.6723710785678395,alta,False,direto_fila_errada,True,desviado_para_pessoa
R0719,fora_do_escopo,ingles,The account shows shipment missing one package.,fora_do_escopo,sintetico_gerado_por_IA,the account shows shipment missing one package,medicao,Access,0.8710818455149165,alta,False,direto_fila_errada,True,desviado_para_pessoa
R0720,fora_do_escopo,ingles,The account shows shipment routed to another city.,fora_do_escopo,sintetico_gerado_por_IA,the account shows shipment routed to another city,medicao,Access,0.7335929060814281,alta,False,direto_fila_errada,True,desviado_para_pessoa
R0721,fora_do_escopo,ingles,I want assistance with shipment with frozen tracking.,fora_do_escopo,sintetico_gerado_por_IA,i want assistance with shipment with frozen tracking,calibracao,Hardware,0.3855113019611933,baixa,False,desviado_para_pessoa,True,desviado_para_pessoa
R0722,fora_do_escopo,ingles,I want assistance with shipment held by the carrier.,fora_do_escopo,sintetico_gerado_por_IA,i want assistance with shipment held by the carrier,medicao,Hardware,0.431897510221757,baixa,False,desviado_para_pessoa,True,desviado_para_pessoa
R0723,fora_do_escopo,ingles,I want assistance with shipment missing one package.,fora_do_escopo,sintetico_gerado_por_IA,i want assistance with shipment missing one package,calibracao,Hardware,0.41651753209076525,baixa,False,desviado_para_pessoa,True,desviado_para_pessoa
R0724,fora_do_escopo,ingles,I want assistance with shipment routed to another city.,fora_do_escopo,sintetico_gerado_por_IA,i want assistance with shipment routed to another city,medicao,Hardware,0.29797392198038863,baixa,False,desviado_para_pessoa,True,desviado_para_pessoa
R0725,fora_do_escopo,ingles,The sales team escalated shipment with frozen tracking.,fora_do_escopo,sintetico_gerado_por_IA,the sales team escalated shipment with frozen tracking,calibracao,Hardware,0.2837849666832103,baixa,False,desviado_para_pessoa,True,desviado_para_pessoa
R0726,fora_do_escopo,ingles,The sales team escalated shipment held by the carrier.,fora_do_escopo,sintetico_gerado_por_IA,the sales team escalated shipment held by the carrier,medicao,Miscellaneous,0.3021173573477515,baixa,False,desviado_para_pessoa,True,desviado_para_pessoa
R0727,fora_do_escopo,ingles,The sales team escalated shipment missing one package.,fora_do_escopo,sintetico_gerado_por_IA,the sales team escalated shipment missing one package,medicao,Hardware,0.3122308307903832,baixa,False,desviado_para_pessoa,True,desviado_para_pessoa
R0728,fora_do_escopo,ingles,The sales team escalated shipment routed to another city.,fora_do_escopo,sintetico_gerado_por_IA,the sales team escalated shipment routed to another city,medicao,Miscellaneous,0.31292547025629913,baixa,False,desviado_para_pessoa,True,desviado_para_pessoa
R0729,fora_do_escopo,ingles,Please review cancel subscription before renewal.,fora_do_escopo,sintetico_gerado_por_IA,please review cancel subscription before renewal,medicao,Access,0.35597890372799934,baixa,False,desviado_para_pessoa,True,desviado_para_pessoa
R0730,fora_do_escopo,ingles,Please review cancel subscription and confirm the end date.,fora_do_escopo,sintetico_gerado_por_IA,please review cancel subscription and confirm the end date,calibracao,HR Support,0.43930268484277674,baixa,False,desviado_para_pessoa,True,desviado_para_pessoa
R0731,fora_do_escopo,ingles,Please review cancel subscription because I no longer use it.,fora_do_escopo,sintetico_gerado_por_IA,please review cancel subscription because i no longer use it,calibracao,Hardware,0.3384782960806561,baixa,False,desviado_para_pessoa,True,desviado_para_pessoa
R0732,fora_do_escopo,ingles,Please review cancel subscription without another fee.,fora_do_escopo,sintetico_gerado_por_IA,please review cancel subscription without another fee,medicao,Hardware,0.23377706238561896,baixa,False,desviado_para_pessoa,True,desviado_para_pessoa
R0733,fora_do_escopo,ingles,I need help with cancel subscription before renewal.,fora_do_escopo,sintetico_gerado_por_IA,i need help with cancel subscription before renewal,calibracao,Access,0.329153732369891,baixa,False,desviado_para_pessoa,True,desviado_para_pessoa
R0734,fora_do_escopo,ingles,I need help with cancel subscription and confirm the end date.,fora_do_escopo,sintetico_gerado_por_IA,i need help with cancel subscription and confirm the end date,calibracao,HR Support,0.29480324830054516,baixa,False,desviado_para_pessoa,True,desviado_para_pessoa
R0735,fora_do_escopo,ingles,I need help with cancel subscription because I no longer use it.,fora_do_escopo,sintetico_gerado_por_IA,i need help with cancel subscription because i no longer use it,medicao,Hardware,0.4826374042023062,baixa,False,desviado_para_pessoa,True,desviado_para_pessoa
R0736,fora_do_escopo,ingles,I need help with cancel subscription without another fee.,fora_do_escopo,sintetico_gerado_por_IA,i need help with cancel subscription without another fee,medicao,Hardware,0.3958205567025082,baixa,False,desviado_para_pessoa,True,desviado_para_pessoa
R0737,fora_do_escopo,ingles,Can someone resolve cancel subscription before renewal.,fora_do_escopo,sintetico_gerado_por_IA,can someone resolve cancel subscription before renewal,calibracao,Access,0.27749921945876466,baixa,False,desviado_para_pessoa,True,desviado_para_pessoa
R0738,fora_do_escopo,ingles,Can someone resolve cancel subscription and confirm the end date.,fora_do_escopo,sintetico_gerado_por_IA,can someone resolve cancel subscription and confirm the end date,calibracao,HR Support,0.28489022420375393,baixa,False,desviado_para_pessoa,True,desviado_para_pessoa
R0739,fora_do_escopo,ingles,Can someone resolve cancel subscription because I no longer use it.,fora_do_escopo,sintetico_gerado_por_IA,can someone resolve cancel subscription because i no longer use it,medicao,Hardware,0.41035799728055394,baixa,False,desviado_para_pessoa,True,desviado_para_pessoa
R0740,fora_do_escopo,ingles,Can someone resolve cancel subscription without another fee.,fora_do_escopo,sintetico_gerado_por_IA,can someone resolve cancel subscription without another fee,medicao,Hardware,0.3129465862602912,baixa,False,desviado_para_pessoa,True,desviado_para_pessoa
R0741,fora_do_escopo,ingles,The customer reported cancel subscription before renewal.,fora_do_escopo,sintetico_gerado_por_IA,the customer reported cancel subscription before renewal,medicao,Access,0.3000749572304619,baixa,False,desviado_para_pessoa,True,desviado_para_pessoa
R0742,fora_do_escopo,ingles,The customer reported cancel subscription and confirm the end date.,fora_do_escopo,sintetico_gerado_por_IA,the customer reported cancel subscription and confirm the end date,medicao,HR Support,0.2994592923774549,baixa,False,desviado_para_pessoa,True,desviado_para_pessoa
R0743,fora_do_escopo,ingles,The customer reported cancel subscription because I no longer use it.,fora_do_escopo,sintetico_gerado_por_IA,the customer reported cancel subscription because i no longer use it,calibracao,Hardware,0.2811914326726045,baixa,False,desviado_para_pessoa,True,desviado_para_pessoa
R0744,fora_do_escopo,ingles,The customer reported cancel subscription without another fee.,fora_do_escopo,sintetico_gerado_por_IA,the customer reported cancel subscription without another fee,calibracao,Miscellaneous,0.2898575101639319,baixa,False,desviado_para_pessoa,True,desviado_para_pessoa
R0745,fora_do_escopo,ingles,Our store received cancel subscription before renewal.,fora_do_escopo,sintetico_gerado_por_IA,our store received cancel subscription before renewal,medicao,Access,0.42032672979963054,baixa,False,desviado_para_pessoa,True,desviado_para_pessoa
R0746,fora_do_escopo,ingles,Our store received cancel subscription and confirm the end date.,fora_do_escopo,sintetico_gerado_por_IA,our store received cancel subscription and confirm the end date,medicao,HR Support,0.22098935811900736,baixa,False,desviado_para_pessoa,True,desviado_para_pessoa
R0747,fora_do_escopo,ingles,Our store received cancel subscription because I no longer use it.,fora_do_escopo,sintetico_gerado_por_IA,our store received cancel subscription because i no longer use it,medicao,Hardware,0.3777549449951381,baixa,False,desviado_para_pessoa,True,desviado_para_pessoa
R0748,fora_do_escopo,ingles,Our store received cancel subscription without another fee.,fora_do_escopo,sintetico_gerado_por_IA,our store received cancel subscription without another fee,medicao,Access,0.2729593750780763,baixa,False,desviado_para_pessoa,True,desviado_para_pessoa
R0749,fora_do_escopo,ingles,I am contacting support about cancel subscription before renewal.,fora_do_escopo,sintetico_gerado_por_IA,i am contacting support about cancel subscription before renewal,medicao,Access,0.3827046067371645,baixa,False,desviado_para_pessoa,True,desviado_para_pessoa
R0750,fora_do_escopo,ingles,I am contacting support about cancel subscription and confirm the end date.,fora_do_escopo,sintetico_gerado_por_IA,i am contacting support about cancel subscription and confirm the end date,calibracao,Miscellaneous,0.24412585282263274,baixa,False,desviado_para_pessoa,True,desviado_para_pessoa
R0751,fora_do_escopo,ingles,I am contacting support about cancel subscription because I no longer use it.,fora_do_escopo,sintetico_gerado_por_IA,i am contacting support about cancel subscription because i no longer use it,calibracao,Hardware,0.47112693353641827,baixa,False,desviado_para_pessoa,True,desviado_para_pessoa
R0752,fora_do_escopo,ingles,I am contacting support about cancel subscription without another fee.,fora_do_escopo,sintetico_gerado_por_IA,i am contacting support about cancel subscription without another fee,calibracao,Hardware,0.38120719764029837,baixa,False,desviado_para_pessoa,True,desviado_para_pessoa
R0753,fora_do_escopo,ingles,Please investigate cancel subscription before renewal.,fora_do_escopo,sintetico_gerado_por_IA,please investigate cancel subscription before renewal,calibracao,Access,0.3903338587710689,baixa,False,desviado_para_pessoa,True,desviado_para_pessoa
R0754,fora_do_escopo,ingles,Please investigate cancel subscription and confirm the end date.,fora_do_escopo,sintetico_gerado_por_IA,please investigate cancel subscription and confirm the end date,medicao,HR Support,0.2893427658455895,baixa,False,desviado_para_pessoa,True,desviado_para_pessoa
R0755,fora_do_escopo,ingles,Please investigate cancel subscription because I no longer use it.,fora_do_escopo,sintetico_gerado_por_IA,please investigate cancel subscription because i no longer use it,calibracao,Hardware,0.435089478246761,baixa,False,desviado_para_pessoa,True,desviado_para_pessoa
R0756,fora_do_escopo,ingles,Please investigate cancel subscription without another fee.,fora_do_escopo,sintetico_gerado_por_IA,please investigate cancel subscription without another fee,medicao,Hardware,0.3351968387491276,baixa,False,desviado_para_pessoa,True,desviado_para_pessoa
R0757,fora_do_escopo,ingles,The account shows cancel subscription before renewal.,fora_do_escopo,sintetico_gerado_por_IA,the account shows cancel subscription before renewal,calibracao,Access,0.959573683278785,alta,False,direto_fila_errada,True,desviado_para_pessoa
R0758,fora_do_escopo,ingles,The account shows cancel subscription and confirm the end date.,fora_do_escopo,sintetico_gerado_por_IA,the account shows cancel subscription and confirm the end date,medicao,Access,0.7921525079705681,alta,False,direto_fila_errada,True,desviado_para_pessoa
R0759,fora_do_escopo,ingles,The account shows cancel subscription because I no longer use it.,fora_do_escopo,sintetico_gerado_por_IA,the account shows cancel subscription because i no longer use it,calibracao,Access,0.8107791769804654,alta,False,direto_fila_errada,True,desviado_para_pessoa
R0760,fora_do_escopo,ingles,The account shows cancel subscription without another fee.,fora_do_escopo,sintetico_gerado_por_IA,the account shows cancel subscription without another fee,medicao,Access,0.9165874450251904,alta,False,direto_fila_errada,True,desviado_para_pessoa
R0761,fora_do_escopo,ingles,I want assistance with cancel subscription before renewal.,fora_do_escopo,sintetico_gerado_por_IA,i want assistance with cancel subscription before renewal,medicao,Access,0.3419606132263356,baixa,False,desviado_para_pessoa,True,desviado_para_pessoa
R0762,fora_do_escopo,ingles,I want assistance with cancel subscription and confirm the end date.,fora_do_escopo,sintetico_gerado_por_IA,i want assistance with cancel subscription and confirm the end date,medicao,HR Support,0.21050020061323055,baixa,False,desviado_para_pessoa,True,desviado_para_pessoa
R0763,fora_do_escopo,ingles,I want assistance with cancel subscription because I no longer use it.,fora_do_escopo,sintetico_gerado_por_IA,i want assistance with cancel subscription because i no longer use it,medicao,Hardware,0.4464613874792316,baixa,False,desviado_para_pessoa,True,desviado_para_pessoa
R0764,fora_do_escopo,ingles,I want assistance with cancel subscription without another fee.,fora_do_escopo,sintetico_gerado_por_IA,i want assistance with cancel subscription without another fee,medicao,Hardware,0.35219063052661626,baixa,False,desviado_para_pessoa,True,desviado_para_pessoa
R0765,fora_do_escopo,ingles,The sales team escalated cancel subscription before renewal.,fora_do_escopo,sintetico_gerado_por_IA,the sales team escalated cancel subscription before renewal,medicao,Miscellaneous,0.29795976160210147,baixa,False,desviado_para_pessoa,True,desviado_para_pessoa
R0766,fora_do_escopo,ingles,The sales team escalated cancel subscription and confirm the end date.,fora_do_escopo,sintetico_gerado_por_IA,the sales team escalated cancel subscription and confirm the end date,medicao,Miscellaneous,0.29904169241889467,baixa,False,desviado_para_pessoa,True,desviado_para_pessoa
R0767,fora_do_escopo,ingles,The sales team escalated cancel subscription because I no longer use it.,fora_do_escopo,sintetico_gerado_por_IA,the sales team escalated cancel subscription because i no longer use it,calibracao,Hardware,0.3379299102054709,baixa,False,desviado_para_pessoa,True,desviado_para_pessoa
R0768,fora_do_escopo,ingles,The sales team escalated cancel subscription without another fee.,fora_do_escopo,sintetico_gerado_por_IA,the sales team escalated cancel subscription without another fee,calibracao,Miscellaneous,0.3053180253732768,baixa,False,desviado_para_pessoa,True,desviado_para_pessoa
R0769,fora_do_escopo,ingles,Please review cancel my order before dispatch.,fora_do_escopo,sintetico_gerado_por_IA,please review cancel my order before dispatch,calibracao,Miscellaneous,0.21365401792930228,baixa,False,desviado_para_pessoa,True,desviado_para_pessoa
R0770,fora_do_escopo,ingles,Please review cancel my order because it was a mistake.,fora_do_escopo,sintetico_gerado_por_IA,please review cancel my order because it was a mistake,calibracao,Miscellaneous,0.345538634300673,baixa,False,desviado_para_pessoa,True,desviado_para_pessoa
R0771,fora_do_escopo,ingles,Please review cancel my order and release the card hold.,fora_do_escopo,sintetico_gerado_por_IA,please review cancel my order and release the card hold,calibracao,Access,0.8036300640550171,alta,False,direto_fila_errada,True,desviado_para_pessoa
R0772,fora_do_escopo,ingles,Please review cancel my order because the address is wrong.,fora_do_escopo,sintetico_gerado_por_IA,please review cancel my order because the address is wrong,calibracao,Hardware,0.3589219794426745,baixa,False,desviado_para_pessoa,True,desviado_para_pessoa
R0773,fora_do_escopo,ingles,I need help with cancel my order before dispatch.,fora_do_escopo,sintetico_gerado_por_IA,i need help with cancel my order before dispatch,medicao,Hardware,0.38253893761624175,baixa,False,desviado_para_pessoa,True,desviado_para_pessoa
R0774,fora_do_escopo,ingles,I need help with cancel my order because it was a mistake.,fora_do_escopo,sintetico_gerado_por_IA,i need help with cancel my order because it was a mistake,calibracao,Hardware,0.3822358882430521,baixa,False,desviado_para_pessoa,True,desviado_para_pessoa
R0775,fora_do_escopo,ingles,I need help with cancel my order and release the card hold.,fora_do_escopo,sintetico_gerado_por_IA,i need help with cancel my order and release the card hold,calibracao,Access,0.7845699337051385,alta,False,direto_fila_errada,True,desviado_para_pessoa
R0776,fora_do_escopo,ingles,I need help with cancel my order because the address is wrong.,fora_do_escopo,sintetico_gerado_por_IA,i need help with cancel my order because the address is wrong,medicao,Hardware,0.5316635041092727,media,False,desviado_para_pessoa,True,desviado_para_pessoa
R0777,fora_do_escopo,ingles,Can someone resolve cancel my order before dispatch.,fora_do_escopo,sintetico_gerado_por_IA,can someone resolve cancel my order before dispatch,medicao,Hardware,0.2956989004879286,baixa,False,desviado_para_pessoa,True,desviado_para_pessoa
R0778,fora_do_escopo,ingles,Can someone resolve cancel my order because it was a mistake.,fora_do_escopo,sintetico_gerado_por_IA,can someone resolve cancel my order because it was a mistake,calibracao,Hardware,0.2982934084696405,baixa,False,desviado_para_pessoa,True,desviado_para_pessoa
R0779,fora_do_escopo,ingles,Can someone resolve cancel my order and release the card hold.,fora_do_escopo,sintetico_gerado_por_IA,can someone resolve cancel my order and release the card hold,medicao,Access,0.7214773328605893,alta,False,direto_fila_errada,True,desviado_para_pessoa
R0780,fora_do_escopo,ingles,Can someone resolve cancel my order because the address is wrong.,fora_do_escopo,sintetico_gerado_por_IA,can someone resolve cancel my order because the address is wrong,medicao,Hardware,0.4418285917068961,baixa,False,desviado_para_pessoa,True,desviado_para_pessoa
R0781,fora_do_escopo,ingles,The customer reported cancel my order before dispatch.,fora_do_escopo,sintetico_gerado_por_IA,the customer reported cancel my order before dispatch,calibracao,Miscellaneous,0.31977419055394046,baixa,False,desviado_para_pessoa,True,desviado_para_pessoa
R0782,fora_do_escopo,ingles,The customer reported cancel my order because it was a mistake.,fora_do_escopo,sintetico_gerado_por_IA,the customer reported cancel my order because it was a mistake,medicao,Miscellaneous,0.4373266327613104,baixa,False,desviado_para_pessoa,True,desviado_para_pessoa
R0783,fora_do_escopo,ingles,The customer reported cancel my order and release the card hold.,fora_do_escopo,sintetico_gerado_por_IA,the customer reported cancel my order and release the card hold,calibracao,Access,0.6777505517059125,alta,False,direto_fila_errada,True,desviado_para_pessoa
R0784,fora_do_escopo,ingles,The customer reported cancel my order because the address is wrong.,fora_do_escopo,sintetico_gerado_por_IA,the customer reported cancel my order because the address is wrong,medicao,Miscellaneous,0.3261353890630295,baixa,False,desviado_para_pessoa,True,desviado_para_pessoa
R0785,fora_do_escopo,ingles,Our store received cancel my order before dispatch.,fora_do_escopo,sintetico_gerado_por_IA,our store received cancel my order before dispatch,calibracao,Hardware,0.238094610426933,baixa,False,desviado_para_pessoa,True,desviado_para_pessoa
R0786,fora_do_escopo,ingles,Our store received cancel my order because it was a mistake.,fora_do_escopo,sintetico_gerado_por_IA,our store received cancel my order because it was a mistake,calibracao,Miscellaneous,0.2775040925952852,baixa,False,desviado_para_pessoa,True,desviado_para_pessoa
R0787,fora_do_escopo,ingles,Our store received cancel my order and release the card hold.,fora_do_escopo,sintetico_gerado_por_IA,our store received cancel my order and release the card hold,calibracao,Access,0.8306068666068844,alta,False,direto_fila_errada,True,desviado_para_pessoa
R0788,fora_do_escopo,ingles,Our store received cancel my order because the address is wrong.,fora_do_escopo,sintetico_gerado_por_IA,our store received cancel my order because the address is wrong,calibracao,Hardware,0.4203341153102146,baixa,False,desviado_para_pessoa,True,desviado_para_pessoa
R0789,fora_do_escopo,ingles,I am contacting support about cancel my order before dispatch.,fora_do_escopo,sintetico_gerado_por_IA,i am contacting support about cancel my order before dispatch,medicao,Hardware,0.37680681123707105,baixa,False,desviado_para_pessoa,True,desviado_para_pessoa
R0790,fora_do_escopo,ingles,I am contacting support about cancel my order because it was a mistake.,fora_do_escopo,sintetico_gerado_por_IA,i am contacting support about cancel my order because it was a mistake,medicao,Hardware,0.35052067785234015,baixa,False,desviado_para_pessoa,True,desviado_para_pessoa
R0791,fora_do_escopo,ingles,I am contacting support about cancel my order and release the card hold.,fora_do_escopo,sintetico_gerado_por_IA,i am contacting support about cancel my order and release the card hold,medicao,Access,0.8103355656249135,alta,False,direto_fila_errada,True,desviado_para_pessoa
R0792,fora_do_escopo,ingles,I am contacting support about cancel my order because the address is wrong.,fora_do_escopo,sintetico_gerado_por_IA,i am contacting support about cancel my order because the address is wrong,calibracao,Hardware,0.5127825857551005,baixa,False,desviado_para_pessoa,True,desviado_para_pessoa
R0793,fora_do_escopo,ingles,Please investigate cancel my order before dispatch.,fora_do_escopo,sintetico_gerado_por_IA,please investigate cancel my order before dispatch,calibracao,Hardware,0.31508974542490065,baixa,False,desviado_para_pessoa,True,desviado_para_pessoa
R0794,fora_do_escopo,ingles,Please investigate cancel my order because it was a mistake.,fora_do_escopo,sintetico_gerado_por_IA,please investigate cancel my order because it was a mistake,medicao,Miscellaneous,0.38805519355354795,baixa,False,desviado_para_pessoa,True,desviado_para_pessoa
R0795,fora_do_escopo,ingles,Please investigate cancel my order and release the card hold.,fora_do_escopo,sintetico_gerado_por_IA,please investigate cancel my order and release the card hold,medicao,Access,0.8469544449475885,alta,False,direto_fila_errada,True,desviado_para_pessoa
R0796,fora_do_escopo,ingles,Please investigate cancel my order because the address is wrong.,fora_do_escopo,sintetico_gerado_por_IA,please investigate cancel my order because the address is wrong,calibracao,Hardware,0.46391241902334807,baixa,False,desviado_para_pessoa,True,desviado_para_pessoa
R0797,fora_do_escopo,ingles,The account shows cancel my order before dispatch.,fora_do_escopo,sintetico_gerado_por_IA,the account shows cancel my order before dispatch,calibracao,Access,0.8648104788481544,alta,False,direto_fila_errada,True,desviado_para_pessoa
R0798,fora_do_escopo,ingles,The account shows cancel my order because it was a mistake.,fora_do_escopo,sintetico_gerado_por_IA,the account shows cancel my order because it was a mistake,medicao,Access,0.7426396363213676,alta,False,direto_fila_errada,True,desviado_para_pessoa
R0799,fora_do_escopo,ingles,The account shows cancel my order and release the card hold.,fora_do_escopo,sintetico_gerado_por_IA,the account shows cancel my order and release the card hold,medicao,Access,0.9904259705060615,alta,False,direto_fila_errada,True,desviado_para_pessoa
R0800,fora_do_escopo,ingles,The account shows cancel my order because the address is wrong.,fora_do_escopo,sintetico_gerado_por_IA,the account shows cancel my order because the address is wrong,medicao,Access,0.5627246697526173,alta,False,direto_fila_errada,True,desviado_para_pessoa
R0801,fora_do_escopo,ingles,I want assistance with cancel my order before dispatch.,fora_do_escopo,sintetico_gerado_por_IA,i want assistance with cancel my order before dispatch,medicao,Hardware,0.342083871514724,baixa,False,desviado_para_pessoa,True,desviado_para_pessoa
R0802,fora_do_escopo,ingles,I want assistance with cancel my order because it was a mistake.,fora_do_escopo,sintetico_gerado_por_IA,i want assistance with cancel my order because it was a mistake,medicao,Hardware,0.3406039971175708,baixa,False,desviado_para_pessoa,True,desviado_para_pessoa
R0803,fora_do_escopo,ingles,I want assistance with cancel my order and release the card hold.,fora_do_escopo,sintetico_gerado_por_IA,i want assistance with cancel my order and release the card hold,calibracao,Access,0.7851745925271412,alta,False,direto_fila_errada,True,desviado_para_pessoa
R0804,fora_do_escopo,ingles,I want assistance with cancel my order because the address is wrong.,fora_do_escopo,sintetico_gerado_por_IA,i want assistance with cancel my order because the address is wrong,calibracao,Hardware,0.4950693533637939,baixa,False,desviado_para_pessoa,True,desviado_para_pessoa
R0805,fora_do_escopo,ingles,The sales team escalated cancel my order before dispatch.,fora_do_escopo,sintetico_gerado_por_IA,the sales team escalated cancel my order before dispatch,calibracao,Miscellaneous,0.34135747774265185,baixa,False,desviado_para_pessoa,True,desviado_para_pessoa
R0806,fora_do_escopo,ingles,The sales team escalated cancel my order because it was a mistake.,fora_do_escopo,sintetico_gerado_por_IA,the sales team escalated cancel my order because it was a mistake,medicao,Miscellaneous,0.45811108397525024,baixa,False,desviado_para_pessoa,True,desviado_para_pessoa
R0807,fora_do_escopo,ingles,The sales team escalated cancel my order and release the card hold.,fora_do_escopo,sintetico_gerado_por_IA,the sales team escalated cancel my order and release the card hold,medicao,Access,0.6853104957280824,alta,False,direto_fila_errada,True,desviado_para_pessoa
R0808,fora_do_escopo,ingles,The sales team escalated cancel my order because the address is wrong.,fora_do_escopo,sintetico_gerado_por_IA,the sales team escalated cancel my order because the address is wrong,calibracao,Hardware,0.3462841256275168,baixa,False,desviado_para_pessoa,True,desviado_para_pessoa
R0809,fora_do_escopo,ingles,Please review complaint about rude store service.,fora_do_escopo,sintetico_gerado_por_IA,please review complaint about rude store service,calibracao,Miscellaneous,0.5225435812192044,media,False,desviado_para_pessoa,True,desviado_para_pessoa
R0810,fora_do_escopo,ingles,Please review complaint about a damaged parcel.,fora_do_escopo,sintetico_gerado_por_IA,please review complaint about a damaged parcel,medicao,Hardware,0.321395379683902,baixa,False,desviado_para_pessoa,True,desviado_para_pessoa
R0811,fora_do_escopo,ingles,Please review complaint about repeated sales calls.,fora_do_escopo,sintetico_gerado_por_IA,please review complaint about repeated sales calls,calibracao,Hardware,0.6705663018562346,alta,False,direto_fila_errada,True,desviado_para_pessoa
R0812,fora_do_escopo,ingles,Please review complaint about the return process.,fora_do_escopo,sintetico_gerado_por_IA,please review complaint about the return process,medicao,Hardware,0.44379818960442285,baixa,False,desviado_para_pessoa,True,desviado_para_pessoa
R0813,fora_do_escopo,ingles,I need help with complaint about rude store service.,fora_do_escopo,sintetico_gerado_por_IA,i need help with complaint about rude store service,calibracao,Hardware,0.3320188993875402,baixa,False,desviado_para_pessoa,True,desviado_para_pessoa
R0814,fora_do_escopo,ingles,I need help with complaint about a damaged parcel.,fora_do_escopo,sintetico_gerado_por_IA,i need help with complaint about a damaged parcel,medicao,Hardware,0.5014973418921309,baixa,False,desviado_para_pessoa,True,desviado_para_pessoa
R0815,fora_do_escopo,ingles,I need help with complaint about repeated sales calls.,fora_do_escopo,sintetico_gerado_por_IA,i need help with complaint about repeated sales calls,calibracao,Hardware,0.7972483621171684,alta,False,direto_fila_errada,True,desviado_para_pessoa
R0816,fora_do_escopo,ingles,I need help with complaint about the return process.,fora_do_escopo,sintetico_gerado_por_IA,i need help with complaint about the return process,medicao,Hardware,0.6693254710879651,alta,False,direto_fila_errada,True,desviado_para_pessoa
R0817,fora_do_escopo,ingles,Can someone resolve complaint about rude store service.,fora_do_escopo,sintetico_gerado_por_IA,can someone resolve complaint about rude store service,medicao,Miscellaneous,0.38125643972957446,baixa,False,desviado_para_pessoa,True,desviado_para_pessoa
R0818,fora_do_escopo,ingles,Can someone resolve complaint about a damaged parcel.,fora_do_escopo,sintetico_gerado_por_IA,can someone resolve complaint about a damaged parcel,medicao,Hardware,0.4193143240039657,baixa,False,desviado_para_pessoa,True,desviado_para_pessoa
R0819,fora_do_escopo,ingles,Can someone resolve complaint about repeated sales calls.,fora_do_escopo,sintetico_gerado_por_IA,can someone resolve complaint about repeated sales calls,medicao,Hardware,0.7349199416682155,alta,False,direto_fila_errada,True,desviado_para_pessoa
R0820,fora_do_escopo,ingles,Can someone resolve complaint about the return process.,fora_do_escopo,sintetico_gerado_por_IA,can someone resolve complaint about the return process,medicao,Hardware,0.5638380720350337,alta,False,direto_fila_errada,True,desviado_para_pessoa
R0821,fora_do_escopo,ingles,The customer reported complaint about rude store service.,fora_do_escopo,sintetico_gerado_por_IA,the customer reported complaint about rude store service,medicao,Miscellaneous,0.5809802675436112,alta,False,direto_fila_errada,True,desviado_para_pessoa
R0822,fora_do_escopo,ingles,The customer reported complaint about a damaged parcel.,fora_do_escopo,sintetico_gerado_por_IA,the customer reported complaint about a damaged parcel,calibracao,Miscellaneous,0.30944049751013053,baixa,False,desviado_para_pessoa,True,desviado_para_pessoa
R0823,fora_do_escopo,ingles,The customer reported complaint about repeated sales calls.,fora_do_escopo,sintetico_gerado_por_IA,the customer reported complaint about repeated sales calls,calibracao,Hardware,0.5373750155135818,media,False,desviado_para_pessoa,True,desviado_para_pessoa
R0824,fora_do_escopo,ingles,The customer reported complaint about the return process.,fora_do_escopo,sintetico_gerado_por_IA,the customer reported complaint about the return process,medicao,Hardware,0.330869409311299,baixa,False,desviado_para_pessoa,True,desviado_para_pessoa
R0825,fora_do_escopo,ingles,Our store received complaint about rude store service.,fora_do_escopo,sintetico_gerado_por_IA,our store received complaint about rude store service,medicao,Miscellaneous,0.3649681215698298,baixa,False,desviado_para_pessoa,True,desviado_para_pessoa
R0826,fora_do_escopo,ingles,Our store received complaint about a damaged parcel.,fora_do_escopo,sintetico_gerado_por_IA,our store received complaint about a damaged parcel,medicao,Hardware,0.3701630033401135,baixa,False,desviado_para_pessoa,True,desviado_para_pessoa
R0827,fora_do_escopo,ingles,Our store received complaint about repeated sales calls.,fora_do_escopo,sintetico_gerado_por_IA,our store received complaint about repeated sales calls,medicao,Hardware,0.6728332142053668,alta,False,direto_fila_errada,True,desviado_para_pessoa
R0828,fora_do_escopo,ingles,Our store received complaint about the return process.,fora_do_escopo,sintetico_gerado_por_IA,our store received complaint about the return process,calibracao,Hardware,0.5049121018435235,baixa,False,desviado_para_pessoa,True,desviado_para_pessoa
R0829,fora_do_escopo,ingles,I am contacting support about complaint about rude store service.,fora_do_escopo,sintetico_gerado_por_IA,i am contacting support about complaint about rude store service,medicao,Miscellaneous,0.4581545541255459,baixa,False,desviado_para_pessoa,True,desviado_para_pessoa
R0830,fora_do_escopo,ingles,I am contacting support about complaint about a damaged parcel.,fora_do_escopo,sintetico_gerado_por_IA,i am contacting support about complaint about a damaged parcel,calibracao,Hardware,0.43034149887190426,baixa,False,desviado_para_pessoa,True,desviado_para_pessoa
R0831,fora_do_escopo,ingles,I am contacting support about complaint about repeated sales calls.,fora_do_escopo,sintetico_gerado_por_IA,i am contacting support about complaint about repeated sales calls,calibracao,Hardware,0.7342346789017719,alta,False,direto_fila_errada,True,desviado_para_pessoa
R0832,fora_do_escopo,ingles,I am contacting support about complaint about the return process.,fora_do_escopo,sintetico_gerado_por_IA,i am contacting support about complaint about the return process,calibracao,Hardware,0.5785757697571009,alta,False,direto_fila_errada,True,desviado_para_pessoa
R0833,fora_do_escopo,ingles,Please investigate complaint about rude store service.,fora_do_escopo,sintetico_gerado_por_IA,please investigate complaint about rude store service,calibracao,Miscellaneous,0.5769631993714732,alta,False,direto_fila_errada,True,desviado_para_pessoa
R0834,fora_do_escopo,ingles,Please investigate complaint about a damaged parcel.,fora_do_escopo,sintetico_gerado_por_IA,please investigate complaint about a damaged parcel,calibracao,Hardware,0.43398967583565595,baixa,False,desviado_para_pessoa,True,desviado_para_pessoa
R0835,fora_do_escopo,ingles,Please investigate complaint about repeated sales calls.,fora_do_escopo,sintetico_gerado_por_IA,please investigate complaint about repeated sales calls,medicao,Hardware,0.7703862351985549,alta,False,direto_fila_errada,True,desviado_para_pessoa
R0836,fora_do_escopo,ingles,Please investigate complaint about the return process.,fora_do_escopo,sintetico_gerado_por_IA,please investigate complaint about the return process,medicao,Hardware,0.6057236203708534,alta,False,direto_fila_errada,True,desviado_para_pessoa
R0837,fora_do_escopo,ingles,The account shows complaint about rude store service.,fora_do_escopo,sintetico_gerado_por_IA,the account shows complaint about rude store service,medicao,Access,0.8454701636834153,alta,False,direto_fila_errada,True,desviado_para_pessoa
R0838,fora_do_escopo,ingles,The account shows complaint about a damaged parcel.,fora_do_escopo,sintetico_gerado_por_IA,the account shows complaint about a damaged parcel,medicao,Access,0.8516287011670812,alta,False,direto_fila_errada,True,desviado_para_pessoa
R0839,fora_do_escopo,ingles,The account shows complaint about repeated sales calls.,fora_do_escopo,sintetico_gerado_por_IA,the account shows complaint about repeated sales calls,calibracao,Access,0.634812975031191,alta,False,direto_fila_errada,True,desviado_para_pessoa
R0840,fora_do_escopo,ingles,The account shows complaint about the return process.,fora_do_escopo,sintetico_gerado_por_IA,the account shows complaint about the return process,calibracao,Access,0.7612969352510267,alta,False,direto_fila_errada,True,desviado_para_pessoa
R0841,fora_do_escopo,ingles,I want assistance with complaint about rude store service.,fora_do_escopo,sintetico_gerado_por_IA,i want assistance with complaint about rude store service,calibracao,Miscellaneous,0.3076285133077592,baixa,False,desviado_para_pessoa,True,desviado_para_pessoa
R0842,fora_do_escopo,ingles,I want assistance with complaint about a damaged parcel.,fora_do_escopo,sintetico_gerado_por_IA,i want assistance with complaint about a damaged parcel,medicao,Hardware,0.45770486742469757,baixa,False,desviado_para_pessoa,True,desviado_para_pessoa
R0843,fora_do_escopo,ingles,I want assistance with complaint about repeated sales calls.,fora_do_escopo,sintetico_gerado_por_IA,i want assistance with complaint about repeated sales calls,calibracao,Hardware,0.766983103560208,alta,False,direto_fila_errada,True,desviado_para_pessoa
R0844,fora_do_escopo,ingles,I want assistance with complaint about the return process.,fora_do_escopo,sintetico_gerado_por_IA,i want assistance with complaint about the return process,medicao,Hardware,0.624314728574612,alta,False,direto_fila_errada,True,desviado_para_pessoa
R0845,fora_do_escopo,ingles,The sales team escalated complaint about rude store service.,fora_do_escopo,sintetico_gerado_por_IA,the sales team escalated complaint about rude store service,calibracao,Miscellaneous,0.609879350560099,alta,False,direto_fila_errada,True,desviado_para_pessoa
R0846,fora_do_escopo,ingles,The sales team escalated complaint about a damaged parcel.,fora_do_escopo,sintetico_gerado_por_IA,the sales team escalated complaint about a damaged parcel,calibracao,Miscellaneous,0.3140584773526021,baixa,False,desviado_para_pessoa,True,desviado_para_pessoa
R0847,fora_do_escopo,ingles,The sales team escalated complaint about repeated sales calls.,fora_do_escopo,sintetico_gerado_por_IA,the sales team escalated complaint about repeated sales calls,calibracao,Hardware,0.5911033302694646,alta,False,direto_fila_errada,True,desviado_para_pessoa
R0848,fora_do_escopo,ingles,The sales team escalated complaint about the return process.,fora_do_escopo,sintetico_gerado_por_IA,the sales team escalated complaint about the return process,calibracao,Hardware,0.40259458343949395,baixa,False,desviado_para_pessoa,True,desviado_para_pessoa
R0849,fora_do_escopo,ingles,Please review chargeback for an unauthorized purchase.,fora_do_escopo,sintetico_gerado_por_IA,please review chargeback for an unauthorized purchase,calibracao,Purchase,0.7117203969350441,alta,False,direto_fila_errada,True,desviado_para_pessoa
R0850,fora_do_escopo,ingles,Please review chargeback evidence for my bank.,fora_do_escopo,sintetico_gerado_por_IA,please review chargeback evidence for my bank,medicao,HR Support,0.2806121758917056,baixa,False,desviado_para_pessoa,True,desviado_para_pessoa
R0851,fora_do_escopo,ingles,Please review chargeback status after the dispute.,fora_do_escopo,sintetico_gerado_por_IA,please review chargeback status after the dispute,calibracao,Miscellaneous,0.3376967548093084,baixa,False,desviado_para_pessoa,True,desviado_para_pessoa
R0852,fora_do_escopo,ingles,Please review chargeback deadline for this transaction.,fora_do_escopo,sintetico_gerado_por_IA,please review chargeback deadline for this transaction,calibracao,Miscellaneous,0.2877993581967136,baixa,False,desviado_para_pessoa,True,desviado_para_pessoa
R0853,fora_do_escopo,ingles,I need help with chargeback for an unauthorized purchase.,fora_do_escopo,sintetico_gerado_por_IA,i need help with chargeback for an unauthorized purchase,medicao,Purchase,0.44911905387540196,baixa,False,desviado_para_pessoa,True,desviado_para_pessoa
R0854,fora_do_escopo,ingles,I need help with chargeback evidence for my bank.,fora_do_escopo,sintetico_gerado_por_IA,i need help with chargeback evidence for my bank,calibracao,Hardware,0.4491565752059134,baixa,False,desviado_para_pessoa,True,desviado_para_pessoa
R0855,fora_do_escopo,ingles,I need help with chargeback status after the dispute.,fora_do_escopo,sintetico_gerado_por_IA,i need help with chargeback status after the dispute,calibracao,Hardware,0.3156963024976022,baixa,False,desviado_para_pessoa,True,desviado_para_pessoa
R0856,fora_do_escopo,ingles,I need help with chargeback deadline for this transaction.,fora_do_escopo,sintetico_gerado_por_IA,i need help with chargeback deadline for this transaction,medicao,Hardware,0.3284925577682814,baixa,False,desviado_para_pessoa,True,desviado_para_pessoa
R0857,fora_do_escopo,ingles,Can someone resolve chargeback for an unauthorized purchase.,fora_do_escopo,sintetico_gerado_por_IA,can someone resolve chargeback for an unauthorized purchase,medicao,Purchase,0.46031473739312573,baixa,True,desviado_para_pessoa,True,desviado_para_pessoa
R0858,fora_do_escopo,ingles,Can someone resolve chargeback evidence for my bank.,fora_do_escopo,sintetico_gerado_por_IA,can someone resolve chargeback evidence for my bank,calibracao,Hardware,0.3289925440642054,baixa,False,desviado_para_pessoa,True,desviado_para_pessoa
R0859,fora_do_escopo,ingles,Can someone resolve chargeback status after the dispute.,fora_do_escopo,sintetico_gerado_por_IA,can someone resolve chargeback status after the dispute,medicao,Miscellaneous,0.2655429506868143,baixa,False,desviado_para_pessoa,True,desviado_para_pessoa
R0860,fora_do_escopo,ingles,Can someone resolve chargeback deadline for this transaction.,fora_do_escopo,sintetico_gerado_por_IA,can someone resolve chargeback deadline for this transaction,calibracao,Hardware,0.2581811126037506,baixa,False,desviado_para_pessoa,True,desviado_para_pessoa
R0861,fora_do_escopo,ingles,The customer reported chargeback for an unauthorized purchase.,fora_do_escopo,sintetico_gerado_por_IA,the customer reported chargeback for an unauthorized purchase,calibracao,Purchase,0.41378183415560266,baixa,False,desviado_para_pessoa,True,desviado_para_pessoa
R0862,fora_do_escopo,ingles,The customer reported chargeback evidence for my bank.,fora_do_escopo,sintetico_gerado_por_IA,the customer reported chargeback evidence for my bank,calibracao,Miscellaneous,0.3628260265455965,baixa,False,desviado_para_pessoa,True,desviado_para_pessoa
R0863,fora_do_escopo,ingles,The customer reported chargeback status after the dispute.,fora_do_escopo,sintetico_gerado_por_IA,the customer reported chargeback status after the dispute,calibracao,Miscellaneous,0.4095375364037272,baixa,False,desviado_para_pessoa,True,desviado_para_pessoa
R0864,fora_do_escopo,ingles,The customer reported chargeback deadline for this transaction.,fora_do_escopo,sintetico_gerado_por_IA,the customer reported chargeback deadline for this transaction,calibracao,Miscellaneous,0.37699605959253757,baixa,False,desviado_para_pessoa,True,desviado_para_pessoa
R0865,fora_do_escopo,ingles,Our store received chargeback for an unauthorized purchase.,fora_do_escopo,sintetico_gerado_por_IA,our store received chargeback for an unauthorized purchase,calibracao,Purchase,0.8085580272243345,alta,True,desviado_para_pessoa,True,desviado_para_pessoa
R0866,fora_do_escopo,ingles,Our store received chargeback evidence for my bank.,fora_do_escopo,sintetico_gerado_por_IA,our store received chargeback evidence for my bank,medicao,Hardware,0.2954577208152664,baixa,False,desviado_para_pessoa,True,desviado_para_pessoa
R0867,fora_do_escopo,ingles,Our store received chargeback status after the dispute.,fora_do_escopo,sintetico_gerado_por_IA,our store received chargeback status after the dispute,calibracao,Miscellaneous,0.3128719385319042,baixa,False,desviado_para_pessoa,True,desviado_para_pessoa
R0868,fora_do_escopo,ingles,Our store received chargeback deadline for this transaction.,fora_do_escopo,sintetico_gerado_por_IA,our store received chargeback deadline for this transaction,calibracao,Miscellaneous,0.2587954110127747,baixa,False,desviado_para_pessoa,True,desviado_para_pessoa
R0869,fora_do_escopo,ingles,I am contacting support about chargeback for an unauthorized purchase.,fora_do_escopo,sintetico_gerado_por_IA,i am contacting support about chargeback for an unauthorized purchase,medicao,Purchase,0.3333798026499153,baixa,False,desviado_para_pessoa,True,desviado_para_pessoa
R0870,fora_do_escopo,ingles,I am contacting support about chargeback evidence for my bank.,fora_do_escopo,sintetico_gerado_por_IA,i am contacting support about chargeback evidence for my bank,calibracao,Hardware,0.4327861244922619,baixa,False,desviado_para_pessoa,True,desviado_para_pessoa
R0871,fora_do_escopo,ingles,I am contacting support about chargeback status after the dispute.,fora_do_escopo,sintetico_gerado_por_IA,i am contacting support about chargeback status after the dispute,calibracao,Miscellaneous,0.3374202734737218,baixa,False,desviado_para_pessoa,True,desviado_para_pessoa
R0872,fora_do_escopo,ingles,I am contacting support about chargeback deadline for this transaction.,fora_do_escopo,sintetico_gerado_por_IA,i am contacting support about chargeback deadline for this transaction,calibracao,Hardware,0.3189283977138406,baixa,False,desviado_para_pessoa,True,desviado_para_pessoa
R0873,fora_do_escopo,ingles,Please investigate chargeback for an unauthorized purchase.,fora_do_escopo,sintetico_gerado_por_IA,please investigate chargeback for an unauthorized purchase,medicao,Purchase,0.560800707776723,alta,False,direto_fila_errada,True,desviado_para_pessoa
R0874,fora_do_escopo,ingles,Please investigate chargeback evidence for my bank.,fora_do_escopo,sintetico_gerado_por_IA,please investigate chargeback evidence for my bank,medicao,Hardware,0.36240332367892814,baixa,False,desviado_para_pessoa,True,desviado_para_pessoa
R0875,fora_do_escopo,ingles,Please investigate chargeback status after the dispute.,fora_do_escopo,sintetico_gerado_por_IA,please investigate chargeback status after the dispute,medicao,Miscellaneous,0.39272243511207505,baixa,False,desviado_para_pessoa,True,desviado_para_pessoa
R0876,fora_do_escopo,ingles,Please investigate chargeback deadline for this transaction.,fora_do_escopo,sintetico_gerado_por_IA,please investigate chargeback deadline for this transaction,calibracao,Miscellaneous,0.3336566140340678,baixa,False,desviado_para_pessoa,True,desviado_para_pessoa
R0877,fora_do_escopo,ingles,The account shows chargeback for an unauthorized purchase.,fora_do_escopo,sintetico_gerado_por_IA,the account shows chargeback for an unauthorized purchase,calibracao,Access,0.8632837031554098,alta,False,direto_fila_errada,True,desviado_para_pessoa
R0878,fora_do_escopo,ingles,The account shows chargeback evidence for my bank.,fora_do_escopo,sintetico_gerado_por_IA,the account shows chargeback evidence for my bank,calibracao,Access,0.918724620167074,alta,False,direto_fila_errada,True,desviado_para_pessoa
R0879,fora_do_escopo,ingles,The account shows chargeback status after the dispute.,fora_do_escopo,sintetico_gerado_por_IA,the account shows chargeback status after the dispute,medicao,Access,0.6843735720206962,alta,False,direto_fila_errada,True,desviado_para_pessoa
R0880,fora_do_escopo,ingles,The account shows chargeback deadline for this transaction.,fora_do_escopo,sintetico_gerado_por_IA,the account shows chargeback deadline for this transaction,calibracao,Access,0.6692608846500744,alta,False,direto_fila_errada,True,desviado_para_pessoa
R0881,fora_do_escopo,ingles,I want assistance with chargeback for an unauthorized purchase.,fora_do_escopo,sintetico_gerado_por_IA,i want assistance with chargeback for an unauthorized purchase,medicao,Purchase,0.48103959430257365,baixa,False,desviado_para_pessoa,True,desviado_para_pessoa
R0882,fora_do_escopo,ingles,I want assistance with chargeback evidence for my bank.,fora_do_escopo,sintetico_gerado_por_IA,i want assistance with chargeback evidence for my bank,calibracao,Hardware,0.3984809187079388,baixa,False,desviado_para_pessoa,True,desviado_para_pessoa
R0883,fora_do_escopo,ingles,I want assistance with chargeback status after the dispute.,fora_do_escopo,sintetico_gerado_por_IA,i want assistance with chargeback status after the dispute,calibracao,Hardware,0.2851079928877391,baixa,False,desviado_para_pessoa,True,desviado_para_pessoa
R0884,fora_do_escopo,ingles,I want assistance with chargeback deadline for this transaction.,fora_do_escopo,sintetico_gerado_por_IA,i want assistance with chargeback deadline for this transaction,calibracao,Hardware,0.2980259665434718,baixa,False,desviado_para_pessoa,True,desviado_para_pessoa
R0885,fora_do_escopo,ingles,The sales team escalated chargeback for an unauthorized purchase.,fora_do_escopo,sintetico_gerado_por_IA,the sales team escalated chargeback for an unauthorized purchase,calibracao,Purchase,0.3604671104269342,baixa,False,desviado_para_pessoa,True,desviado_para_pessoa
R0886,fora_do_escopo,ingles,The sales team escalated chargeback evidence for my bank.,fora_do_escopo,sintetico_gerado_por_IA,the sales team escalated chargeback evidence for my bank,calibracao,Miscellaneous,0.3866150015620136,baixa,False,desviado_para_pessoa,True,desviado_para_pessoa
R0887,fora_do_escopo,ingles,The sales team escalated chargeback status after the dispute.,fora_do_escopo,sintetico_gerado_por_IA,the sales team escalated chargeback status after the dispute,medicao,Miscellaneous,0.42961696654103004,baixa,False,desviado_para_pessoa,True,desviado_para_pessoa
R0888,fora_do_escopo,ingles,The sales team escalated chargeback deadline for this transaction.,fora_do_escopo,sintetico_gerado_por_IA,the sales team escalated chargeback deadline for this transaction,calibracao,Miscellaneous,0.3938900711705746,baixa,False,desviado_para_pessoa,True,desviado_para_pessoa
R0889,fora_do_escopo,ingles,Please review complain about misleading pricing.,fora_do_escopo,sintetico_gerado_por_IA,please review complain about misleading pricing,calibracao,Hardware,0.3843568118890404,baixa,False,desviado_para_pessoa,True,desviado_para_pessoa
R0890,fora_do_escopo,ingles,Please review complain about courier behavior.,fora_do_escopo,sintetico_gerado_por_IA,please review complain about courier behavior,calibracao,Hardware,0.3398217893829642,baixa,False,desviado_para_pessoa,True,desviado_para_pessoa
R0891,fora_do_escopo,ingles,Please review complain about a missing refund.,fora_do_escopo,sintetico_gerado_por_IA,please review complain about a missing refund,calibracao,Hardware,0.38886511659977874,baixa,False,desviado_para_pessoa,True,desviado_para_pessoa
R0892,fora_do_escopo,ingles,Please review complain about cancellation handling.,fora_do_escopo,sintetico_gerado_por_IA,please review complain about cancellation handling,calibracao,Hardware,0.39568746506886604,baixa,False,desviado_para_pessoa,True,desviado_para_pessoa
R0893,fora_do_escopo,ingles,I need help with complain about misleading pricing.,fora_do_escopo,sintetico_gerado_por_IA,i need help with complain about misleading pricing,calibracao,Hardware,0.5481040129510171,alta,False,direto_fila_errada,True,desviado_para_pessoa
R0894,fora_do_escopo,ingles,I need help with complain about courier behavior.,fora_do_escopo,sintetico_gerado_por_IA,i need help with complain about courier behavior,calibracao,Hardware,0.5179944484573549,baixa,False,desviado_para_pessoa,True,desviado_para_pessoa
R0895,fora_do_escopo,ingles,I need help with complain about a missing refund.,fora_do_escopo,sintetico_gerado_por_IA,i need help with complain about a missing refund,medicao,Hardware,0.5577406439477564,alta,False,direto_fila_errada,True,desviado_para_pessoa
R0896,fora_do_escopo,ingles,I need help with complain about cancellation handling.,fora_do_escopo,sintetico_gerado_por_IA,i need help with complain about cancellation handling,calibracao,Hardware,0.5664694074941283,alta,False,direto_fila_errada,True,desviado_para_pessoa
R0897,fora_do_escopo,ingles,Can someone resolve complain about misleading pricing.,fora_do_escopo,sintetico_gerado_por_IA,can someone resolve complain about misleading pricing,calibracao,Hardware,0.47891330713271246,baixa,False,desviado_para_pessoa,True,desviado_para_pessoa
R0898,fora_do_escopo,ingles,Can someone resolve complain about courier behavior.,fora_do_escopo,sintetico_gerado_por_IA,can someone resolve complain about courier behavior,medicao,Hardware,0.4371292272579394,baixa,False,desviado_para_pessoa,True,desviado_para_pessoa
R0899,fora_do_escopo,ingles,Can someone resolve complain about a missing refund.,fora_do_escopo,sintetico_gerado_por_IA,can someone resolve complain about a missing refund,medicao,Hardware,0.483743871634396,baixa,False,desviado_para_pessoa,True,desviado_para_pessoa
R0900,fora_do_escopo,ingles,Can someone resolve complain about cancellation handling.,fora_do_escopo,sintetico_gerado_por_IA,can someone resolve complain about cancellation handling,medicao,Hardware,0.48953145147235205,baixa,False,desviado_para_pessoa,True,desviado_para_pessoa
R0901,fora_do_escopo,ingles,The customer reported complain about misleading pricing.,fora_do_escopo,sintetico_gerado_por_IA,the customer reported complain about misleading pricing,medicao,Hardware,0.32150872726021984,baixa,False,desviado_para_pessoa,True,desviado_para_pessoa
R0902,fora_do_escopo,ingles,The customer reported complain about courier behavior.,fora_do_escopo,sintetico_gerado_por_IA,the customer reported complain about courier behavior,calibracao,Miscellaneous,0.31099179381809466,baixa,False,desviado_para_pessoa,True,desviado_para_pessoa
R0903,fora_do_escopo,ingles,The customer reported complain about a missing refund.,fora_do_escopo,sintetico_gerado_por_IA,the customer reported complain about a missing refund,medicao,Hardware,0.32123714458935626,baixa,False,desviado_para_pessoa,True,desviado_para_pessoa
R0904,fora_do_escopo,ingles,The customer reported complain about cancellation handling.,fora_do_escopo,sintetico_gerado_por_IA,the customer reported complain about cancellation handling,calibracao,Hardware,0.32158943346182833,baixa,False,desviado_para_pessoa,True,desviado_para_pessoa
R0905,fora_do_escopo,ingles,Our store received complain about misleading pricing.,fora_do_escopo,sintetico_gerado_por_IA,our store received complain about misleading pricing,calibracao,Hardware,0.44666482943486446,baixa,False,desviado_para_pessoa,True,desviado_para_pessoa
R0906,fora_do_escopo,ingles,Our store received complain about courier behavior.,fora_do_escopo,sintetico_gerado_por_IA,our store received complain about courier behavior,medicao,Hardware,0.4074589588215875,baixa,False,desviado_para_pessoa,True,desviado_para_pessoa
R0907,fora_do_escopo,ingles,Our store received complain about a missing refund.,fora_do_escopo,sintetico_gerado_por_IA,our store received complain about a missing refund,medicao,Hardware,0.44740902068738186,baixa,False,desviado_para_pessoa,True,desviado_para_pessoa
R0908,fora_do_escopo,ingles,Our store received complain about cancellation handling.,fora_do_escopo,sintetico_gerado_por_IA,our store received complain about cancellation handling,medicao,Hardware,0.45764654253129977,baixa,False,desviado_para_pessoa,True,desviado_para_pessoa
R0909,fora_do_escopo,ingles,I am contacting support about complain about misleading pricing.,fora_do_escopo,sintetico_gerado_por_IA,i am contacting support about complain about misleading pricing,calibracao,Hardware,0.4991947718116214,baixa,False,desviado_para_pessoa,True,desviado_para_pessoa
R0910,fora_do_escopo,ingles,I am contacting support about complain about courier behavior.,fora_do_escopo,sintetico_gerado_por_IA,i am contacting support about complain about courier behavior,medicao,Hardware,0.4585351970620433,baixa,False,desviado_para_pessoa,True,desviado_para_pessoa
R0911,fora_do_escopo,ingles,I am contacting support about complain about a missing refund.,fora_do_escopo,sintetico_gerado_por_IA,i am contacting support about complain about a missing refund,calibracao,Hardware,0.506447788806516,baixa,False,desviado_para_pessoa,True,desviado_para_pessoa
R0912,fora_do_escopo,ingles,I am contacting support about complain about cancellation handling.,fora_do_escopo,sintetico_gerado_por_IA,i am contacting support about complain about cancellation handling,medicao,Hardware,0.5060526744495312,baixa,False,desviado_para_pessoa,True,desviado_para_pessoa
R0913,fora_do_escopo,ingles,Please investigate complain about misleading pricing.,fora_do_escopo,sintetico_gerado_por_IA,please investigate complain about misleading pricing,calibracao,Hardware,0.5053409605985284,baixa,False,desviado_para_pessoa,True,desviado_para_pessoa
R0914,fora_do_escopo,ingles,Please investigate complain about courier behavior.,fora_do_escopo,sintetico_gerado_por_IA,please investigate complain about courier behavior,medicao,Hardware,0.45479138818445675,baixa,False,desviado_para_pessoa,True,desviado_para_pessoa
R0915,fora_do_escopo,ingles,Please investigate complain about a missing refund.,fora_do_escopo,sintetico_gerado_por_IA,please investigate complain about a missing refund,calibracao,Hardware,0.5152832463551419,baixa,False,desviado_para_pessoa,True,desviado_para_pessoa
R0916,fora_do_escopo,ingles,Please investigate complain about cancellation handling.,fora_do_escopo,sintetico_gerado_por_IA,please investigate complain about cancellation handling,calibracao,Hardware,0.5120858219736937,baixa,False,desviado_para_pessoa,True,desviado_para_pessoa
R0917,fora_do_escopo,ingles,The account shows complain about misleading pricing.,fora_do_escopo,sintetico_gerado_por_IA,the account shows complain about misleading pricing,calibracao,Access,0.742935260792319,alta,False,direto_fila_errada,True,desviado_para_pessoa
R0918,fora_do_escopo,ingles,The account shows complain about courier behavior.,fora_do_escopo,sintetico_gerado_por_IA,the account shows complain about courier behavior,calibracao,Access,0.7073602435383316,alta,False,direto_fila_errada,True,desviado_para_pessoa
R0919,fora_do_escopo,ingles,The account shows complain about a missing refund.,fora_do_escopo,sintetico_gerado_por_IA,the account shows complain about a missing refund,medicao,Access,0.7490688367243249,alta,False,direto_fila_errada,True,desviado_para_pessoa
R0920,fora_do_escopo,ingles,The account shows complain about cancellation handling.,fora_do_escopo,sintetico_gerado_por_IA,the account shows complain about cancellation handling,medicao,Access,0.7198641993999122,alta,False,direto_fila_errada,True,desviado_para_pessoa
R0921,fora_do_escopo,ingles,I want assistance with complain about misleading pricing.,fora_do_escopo,sintetico_gerado_por_IA,i want assistance with complain about misleading pricing,calibracao,Hardware,0.5174239764376383,baixa,False,desviado_para_pessoa,True,desviado_para_pessoa
R0922,fora_do_escopo,ingles,I want assistance with complain about courier behavior.,fora_do_escopo,sintetico_gerado_por_IA,i want assistance with complain about courier behavior,calibracao,Hardware,0.48354382350134434,baixa,False,desviado_para_pessoa,True,desviado_para_pessoa
R0923,fora_do_escopo,ingles,I want assistance with complain about a missing refund.,fora_do_escopo,sintetico_gerado_por_IA,i want assistance with complain about a missing refund,calibracao,Hardware,0.5230129567168051,media,False,desviado_para_pessoa,True,desviado_para_pessoa
R0924,fora_do_escopo,ingles,I want assistance with complain about cancellation handling.,fora_do_escopo,sintetico_gerado_por_IA,i want assistance with complain about cancellation handling,medicao,Hardware,0.5313630890425961,media,False,desviado_para_pessoa,True,desviado_para_pessoa
R0925,fora_do_escopo,ingles,The sales team escalated complain about misleading pricing.,fora_do_escopo,sintetico_gerado_por_IA,the sales team escalated complain about misleading pricing,medicao,Hardware,0.3820188104159373,baixa,False,desviado_para_pessoa,True,desviado_para_pessoa
R0926,fora_do_escopo,ingles,The sales team escalated complain about courier behavior.,fora_do_escopo,sintetico_gerado_por_IA,the sales team escalated complain about courier behavior,calibracao,Hardware,0.33213272113082043,baixa,False,desviado_para_pessoa,True,desviado_para_pessoa
R0927,fora_do_escopo,ingles,The sales team escalated complain about a missing refund.,fora_do_escopo,sintetico_gerado_por_IA,the sales team escalated complain about a missing refund,medicao,Hardware,0.38434264429335246,baixa,False,desviado_para_pessoa,True,desviado_para_pessoa
R0928,fora_do_escopo,ingles,The sales team escalated complain about cancellation handling.,fora_do_escopo,sintetico_gerado_por_IA,the sales team escalated complain about cancellation handling,medicao,Hardware,0.38105453271037387,baixa,False,desviado_para_pessoa,True,desviado_para_pessoa
R0929,fora_do_escopo,portugues,Preciso de reembolso por uma compra duplicada na compra desta semana.,fora_do_escopo,sintetico_gerado_por_IA,preciso de reembolso por uma compra duplicada na compra desta semana,medicao,Hardware,0.6095290858648417,alta,True,desviado_para_pessoa,False,desviado_para_pessoa
R0930,fora_do_escopo,portugues,Preciso de reembolso por uma compra duplicada no pedido feito pelo aplicativo.,fora_do_escopo,sintetico_gerado_por_IA,preciso de reembolso por uma compra duplicada no pedido feito pelo aplicativo,medicao,Hardware,0.5901511244929074,alta,True,desviado_para_pessoa,False,desviado_para_pessoa
R0931,fora_do_escopo,portugues,Preciso de reembolso por uma compra duplicada na conta usada pela família.,fora_do_escopo,sintetico_gerado_por_IA,preciso de reembolso por uma compra duplicada na conta usada pela familia,medicao,Hardware,0.6095290858648417,alta,True,desviado_para_pessoa,False,desviado_para_pessoa
R0932,fora_do_escopo,portugues,Preciso de reembolso por uma compra duplicada durante o atendimento da loja.,fora_do_escopo,sintetico_gerado_por_IA,preciso de reembolso por uma compra duplicada durante o atendimento da loja,calibracao,Hardware,0.6095290858648417,alta,True,desviado_para_pessoa,False,desviado_para_pessoa
R0933,fora_do_escopo,portugues,Preciso de reembolso por uma compra duplicada na transação mais recente.,fora_do_escopo,sintetico_gerado_por_IA,preciso de reembolso por uma compra duplicada na transacao mais recente,calibracao,Hardware,0.6095290858648417,alta,True,desviado_para_pessoa,False,desviado_para_pessoa
R0934,fora_do_escopo,portugues,Preciso de reembolso por uma compra duplicada no contrato do cliente.,fora_do_escopo,sintetico_gerado_por_IA,preciso de reembolso por uma compra duplicada no contrato do cliente,medicao,Hardware,0.4185762603667325,baixa,True,desviado_para_pessoa,False,desviado_para_pessoa
R0935,fora_do_escopo,portugues,Quero reembolso depois de devolver o produto na compra desta semana.,fora_do_escopo,sintetico_gerado_por_IA,quero reembolso depois de devolver o produto na compra desta semana,medicao,Hardware,0.6095290858648417,alta,True,desviado_para_pessoa,False,desviado_para_pessoa
R0936,fora_do_escopo,portugues,Quero reembolso depois de devolver o produto no pedido feito pelo aplicativo.,fora_do_escopo,sintetico_gerado_por_IA,quero reembolso depois de devolver o produto no pedido feito pelo aplicativo,medicao,Hardware,0.5901511244929074,alta,True,desviado_para_pessoa,False,desviado_para_pessoa
R0937,fora_do_escopo,portugues,Quero reembolso depois de devolver o produto na conta usada pela família.,fora_do_escopo,sintetico_gerado_por_IA,quero reembolso depois de devolver o produto na conta usada pela familia,medicao,Hardware,0.6095290858648417,alta,True,desviado_para_pessoa,False,desviado_para_pessoa
R0938,fora_do_escopo,portugues,Quero reembolso depois de devolver o produto durante o atendimento da loja.,fora_do_escopo,sintetico_gerado_por_IA,quero reembolso depois de devolver o produto durante o atendimento da loja,medicao,Hardware,0.6095290858648417,alta,True,desviado_para_pessoa,False,desviado_para_pessoa
R0939,fora_do_escopo,portugues,Quero reembolso depois de devolver o produto na transação mais recente.,fora_do_escopo,sintetico_gerado_por_IA,quero reembolso depois de devolver o produto na transacao mais recente,medicao,Hardware,0.6095290858648417,alta,True,desviado_para_pessoa,False,desviado_para_pessoa
R0940,fora_do_escopo,portugues,Quero reembolso depois de devolver o produto no contrato do cliente.,fora_do_escopo,sintetico_gerado_por_IA,quero reembolso depois de devolver o produto no contrato do cliente,medicao,Hardware,0.4185762603667325,baixa,True,desviado_para_pessoa,False,desviado_para_pessoa
R0941,fora_do_escopo,portugues,A cobrança no meu cartão está errada na compra desta semana.,fora_do_escopo,sintetico_gerado_por_IA,a cobranca no meu cartao esta errada na compra desta semana,medicao,Hardware,0.3370263151271268,baixa,True,desviado_para_pessoa,False,desviado_para_pessoa
R0942,fora_do_escopo,portugues,A cobrança no meu cartão está errada no pedido feito pelo aplicativo.,fora_do_escopo,sintetico_gerado_por_IA,a cobranca no meu cartao esta errada no pedido feito pelo aplicativo,medicao,Hardware,0.3370263151271268,baixa,True,desviado_para_pessoa,False,desviado_para_pessoa
R0943,fora_do_escopo,portugues,A cobrança no meu cartão está errada na conta usada pela família.,fora_do_escopo,sintetico_gerado_por_IA,a cobranca no meu cartao esta errada na conta usada pela familia,medicao,Hardware,0.3370263151271268,baixa,True,desviado_para_pessoa,False,desviado_para_pessoa
R0944,fora_do_escopo,portugues,A cobrança no meu cartão está errada durante o atendimento da loja.,fora_do_escopo,sintetico_gerado_por_IA,a cobranca no meu cartao esta errada durante o atendimento da loja,calibracao,Hardware,0.3370263151271268,baixa,True,desviado_para_pessoa,False,desviado_para_pessoa
R0945,fora_do_escopo,portugues,A cobrança no meu cartão está errada na transação mais recente.,fora_do_escopo,sintetico_gerado_por_IA,a cobranca no meu cartao esta errada na transacao mais recente,medicao,Hardware,0.3370263151271268,baixa,True,desviado_para_pessoa,False,desviado_para_pessoa
R0946,fora_do_escopo,portugues,A cobrança no meu cartão está errada no contrato do cliente.,fora_do_escopo,sintetico_gerado_por_IA,a cobranca no meu cartao esta errada no contrato do cliente,medicao,Hardware,0.2622399937134299,baixa,True,desviado_para_pessoa,False,desviado_para_pessoa
R0947,fora_do_escopo,portugues,Fui cobrado mesmo após cancelar o serviço na compra desta semana.,fora_do_escopo,sintetico_gerado_por_IA,fui cobrado mesmo apos cancelar o servico na compra desta semana,medicao,Hardware,0.2696593905367138,baixa,True,desviado_para_pessoa,False,desviado_para_pessoa
R0948,fora_do_escopo,portugues,Fui cobrado mesmo após cancelar o serviço no pedido feito pelo aplicativo.,fora_do_escopo,sintetico_gerado_por_IA,fui cobrado mesmo apos cancelar o servico no pedido feito pelo aplicativo,medicao,Hardware,0.3370263151271268,baixa,True,desviado_para_pessoa,False,desviado_para_pessoa
R0949,fora_do_escopo,portugues,Fui cobrado mesmo após cancelar o serviço na conta usada pela família.,fora_do_escopo,sintetico_gerado_por_IA,fui cobrado mesmo apos cancelar o servico na conta usada pela familia,medicao,Hardware,0.2696593905367138,baixa,True,desviado_para_pessoa,False,desviado_para_pessoa
R0950,fora_do_escopo,portugues,Fui cobrado mesmo após cancelar o serviço durante o atendimento da loja.,fora_do_escopo,sintetico_gerado_por_IA,fui cobrado mesmo apos cancelar o servico durante o atendimento da loja,medicao,Hardware,0.2696593905367138,baixa,True,desviado_para_pessoa,False,desviado_para_pessoa
R0951,fora_do_escopo,portugues,Fui cobrado mesmo após cancelar o serviço na transação mais recente.,fora_do_escopo,sintetico_gerado_por_IA,fui cobrado mesmo apos cancelar o servico na transacao mais recente,medicao,Hardware,0.2696593905367138,baixa,True,desviado_para_pessoa,False,desviado_para_pessoa
R0952,fora_do_escopo,portugues,Fui cobrado mesmo após cancelar o serviço no contrato do cliente.,fora_do_escopo,sintetico_gerado_por_IA,fui cobrado mesmo apos cancelar o servico no contrato do cliente,medicao,Hardware,0.2328612474138704,baixa,True,desviado_para_pessoa,False,desviado_para_pessoa
R0953,fora_do_escopo,portugues,Minha entrega passou da data prometida na compra desta semana.,fora_do_escopo,sintetico_gerado_por_IA,minha entrega passou da data prometida na compra desta semana,calibracao,Miscellaneous,0.1811803264942222,baixa,True,desviado_para_pessoa,False,desviado_para_pessoa
R0954,fora_do_escopo,portugues,Minha entrega passou da data prometida no pedido feito pelo aplicativo.,fora_do_escopo,sintetico_gerado_por_IA,minha entrega passou da data prometida no pedido feito pelo aplicativo,medicao,Hardware,0.2539899140870804,baixa,True,desviado_para_pessoa,False,desviado_para_pessoa
R0955,fora_do_escopo,portugues,Minha entrega passou da data prometida na conta usada pela família.,fora_do_escopo,sintetico_gerado_por_IA,minha entrega passou da data prometida na conta usada pela familia,calibracao,Miscellaneous,0.1811803264942222,baixa,True,desviado_para_pessoa,False,desviado_para_pessoa
R0956,fora_do_escopo,portugues,Minha entrega passou da data prometida durante o atendimento da loja.,fora_do_escopo,sintetico_gerado_por_IA,minha entrega passou da data prometida durante o atendimento da loja,calibracao,Miscellaneous,0.1811803264942222,baixa,True,desviado_para_pessoa,False,desviado_para_pessoa
R0957,fora_do_escopo,portugues,Minha entrega passou da data prometida na transação mais recente.,fora_do_escopo,sintetico_gerado_por_IA,minha entrega passou da data prometida na transacao mais recente,medicao,Miscellaneous,0.1811803264942222,baixa,True,desviado_para_pessoa,False,desviado_para_pessoa
R0958,fora_do_escopo,portugues,Minha entrega passou da data prometida no contrato do cliente.,fora_do_escopo,sintetico_gerado_por_IA,minha entrega passou da data prometida no contrato do cliente,medicao,Administrative rights,0.22551409509537848,baixa,True,desviado_para_pessoa,False,desviado_para_pessoa
R0959,fora_do_escopo,portugues,A entrega foi enviada ao endereço errado na compra desta semana.,fora_do_escopo,sintetico_gerado_por_IA,a entrega foi enviada ao endereco errado na compra desta semana,medicao,Hardware,0.2696593905367138,baixa,True,desviado_para_pessoa,False,desviado_para_pessoa
R0960,fora_do_escopo,portugues,A entrega foi enviada ao endereço errado no pedido feito pelo aplicativo.,fora_do_escopo,sintetico_gerado_por_IA,a entrega foi enviada ao endereco errado no pedido feito pelo aplicativo,calibracao,Hardware,0.3370263151271268,baixa,True,desviado_para_pessoa,False,desviado_para_pessoa
R0961,fora_do_escopo,portugues,A entrega foi enviada ao endereço errado na conta usada pela família.,fora_do_escopo,sintetico_gerado_por_IA,a entrega foi enviada ao endereco errado na conta usada pela familia,calibracao,Hardware,0.2696593905367138,baixa,True,desviado_para_pessoa,False,desviado_para_pessoa
R0962,fora_do_escopo,portugues,A entrega foi enviada ao endereço errado durante o atendimento da loja.,fora_do_escopo,sintetico_gerado_por_IA,a entrega foi enviada ao endereco errado durante o atendimento da loja,calibracao,Hardware,0.2696593905367138,baixa,True,desviado_para_pessoa,False,desviado_para_pessoa
R0963,fora_do_escopo,portugues,A entrega foi enviada ao endereço errado na transação mais recente.,fora_do_escopo,sintetico_gerado_por_IA,a entrega foi enviada ao endereco errado na transacao mais recente,medicao,Hardware,0.2696593905367138,baixa,True,desviado_para_pessoa,False,desviado_para_pessoa
R0964,fora_do_escopo,portugues,A entrega foi enviada ao endereço errado no contrato do cliente.,fora_do_escopo,sintetico_gerado_por_IA,a entrega foi enviada ao endereco errado no contrato do cliente,calibracao,Hardware,0.2328612474138704,baixa,True,desviado_para_pessoa,False,desviado_para_pessoa
R0965,fora_do_escopo,portugues,O rastreamento do pedido não muda há uma semana na compra desta semana.,fora_do_escopo,sintetico_gerado_por_IA,o rastreamento do pedido nao muda ha uma semana na compra desta semana,medicao,Administrative rights,0.23563910891515133,baixa,True,desviado_para_pessoa,False,desviado_para_pessoa
R0966,fora_do_escopo,portugues,O rastreamento do pedido não muda há uma semana no pedido feito pelo aplicativo.,fora_do_escopo,sintetico_gerado_por_IA,o rastreamento do pedido nao muda ha uma semana no pedido feito pelo aplicativo,medicao,Hardware,0.2328612474138704,baixa,True,desviado_para_pessoa,False,desviado_para_pessoa
R0967,fora_do_escopo,portugues,O rastreamento do pedido não muda há uma semana na conta usada pela família.,fora_do_escopo,sintetico_gerado_por_IA,o rastreamento do pedido nao muda ha uma semana na conta usada pela familia,medicao,Administrative rights,0.23563910891515133,baixa,True,desviado_para_pessoa,False,desviado_para_pessoa
R0968,fora_do_escopo,portugues,O rastreamento do pedido não muda há uma semana durante o atendimento da loja.,fora_do_escopo,sintetico_gerado_por_IA,o rastreamento do pedido nao muda ha uma semana durante o atendimento da loja,medicao,Administrative rights,0.23563910891515133,baixa,True,desviado_para_pessoa,False,desviado_para_pessoa
R0969,fora_do_escopo,portugues,O rastreamento do pedido não muda há uma semana na transação mais recente.,fora_do_escopo,sintetico_gerado_por_IA,o rastreamento do pedido nao muda ha uma semana na transacao mais recente,calibracao,Administrative rights,0.23563910891515133,baixa,True,desviado_para_pessoa,False,desviado_para_pessoa
R0970,fora_do_escopo,portugues,O rastreamento do pedido não muda há uma semana no contrato do cliente.,fora_do_escopo,sintetico_gerado_por_IA,o rastreamento do pedido nao muda ha uma semana no contrato do cliente,calibracao,Hardware,0.21019292828033262,baixa,True,desviado_para_pessoa,False,desviado_para_pessoa
R0971,fora_do_escopo,portugues,Meu pedido chegou com um item faltando na compra desta semana.,fora_do_escopo,sintetico_gerado_por_IA,meu pedido chegou com um item faltando na compra desta semana,calibracao,Purchase,0.3221394574972355,baixa,True,desviado_para_pessoa,False,desviado_para_pessoa
R0972,fora_do_escopo,portugues,Meu pedido chegou com um item faltando no pedido feito pelo aplicativo.,fora_do_escopo,sintetico_gerado_por_IA,meu pedido chegou com um item faltando no pedido feito pelo aplicativo,medicao,Miscellaneous,0.3288895710290641,baixa,True,desviado_para_pessoa,False,desviado_para_pessoa
R0973,fora_do_escopo,portugues,Meu pedido chegou com um item faltando na conta usada pela família.,fora_do_escopo,sintetico_gerado_por_IA,meu pedido chegou com um item faltando na conta usada pela familia,calibracao,Purchase,0.3221394574972355,baixa,True,desviado_para_pessoa,False,desviado_para_pessoa
R0974,fora_do_escopo,portugues,Meu pedido chegou com um item faltando durante o atendimento da loja.,fora_do_escopo,sintetico_gerado_por_IA,meu pedido chegou com um item faltando durante o atendimento da loja,medicao,Purchase,0.3221394574972355,baixa,True,desviado_para_pessoa,False,desviado_para_pessoa
R0975,fora_do_escopo,portugues,Meu pedido chegou com um item faltando na transação mais recente.,fora_do_escopo,sintetico_gerado_por_IA,meu pedido chegou com um item faltando na transacao mais recente,medicao,Purchase,0.3221394574972355,baixa,True,desviado_para_pessoa,False,desviado_para_pessoa
R0976,fora_do_escopo,portugues,Meu pedido chegou com um item faltando no contrato do cliente.,fora_do_escopo,sintetico_gerado_por_IA,meu pedido chegou com um item faltando no contrato do cliente,medicao,Miscellaneous,0.265067334334404,baixa,True,desviado_para_pessoa,False,desviado_para_pessoa
R0977,fora_do_escopo,portugues,Quero cancelar minha assinatura antes da renovação na compra desta semana.,fora_do_escopo,sintetico_gerado_por_IA,quero cancelar minha assinatura antes da renovacao na compra desta semana,medicao,Hardware,0.2696593905367138,baixa,True,desviado_para_pessoa,False,desviado_para_pessoa
R0978,fora_do_escopo,portugues,Quero cancelar minha assinatura antes da renovação no pedido feito pelo aplicativo.,fora_do_escopo,sintetico_gerado_por_IA,quero cancelar minha assinatura antes da renovacao no pedido feito pelo aplicativo,calibracao,Hardware,0.3370263151271268,baixa,True,desviado_para_pessoa,False,desviado_para_pessoa
R0979,fora_do_escopo,portugues,Quero cancelar minha assinatura antes da renovação na conta usada pela família.,fora_do_escopo,sintetico_gerado_por_IA,quero cancelar minha assinatura antes da renovacao na conta usada pela familia,medicao,Hardware,0.2696593905367138,baixa,True,desviado_para_pessoa,False,desviado_para_pessoa
R0980,fora_do_escopo,portugues,Quero cancelar minha assinatura antes da renovação durante o atendimento da loja.,fora_do_escopo,sintetico_gerado_por_IA,quero cancelar minha assinatura antes da renovacao durante o atendimento da loja,calibracao,Hardware,0.2696593905367138,baixa,True,desviado_para_pessoa,False,desviado_para_pessoa
R0981,fora_do_escopo,portugues,Quero cancelar minha assinatura antes da renovação na transação mais recente.,fora_do_escopo,sintetico_gerado_por_IA,quero cancelar minha assinatura antes da renovacao na transacao mais recente,medicao,Hardware,0.2696593905367138,baixa,True,desviado_para_pessoa,False,desviado_para_pessoa
R0982,fora_do_escopo,portugues,Quero cancelar minha assinatura antes da renovação no contrato do cliente.,fora_do_escopo,sintetico_gerado_por_IA,quero cancelar minha assinatura antes da renovacao no contrato do cliente,calibracao,Hardware,0.2328612474138704,baixa,True,desviado_para_pessoa,False,desviado_para_pessoa
R0983,fora_do_escopo,portugues,Preciso cancelar meu pedido antes do envio na compra desta semana.,fora_do_escopo,sintetico_gerado_por_IA,preciso cancelar meu pedido antes do envio na compra desta semana,calibracao,Administrative rights,0.23563910891515133,baixa,True,desviado_para_pessoa,False,desviado_para_pessoa
R0984,fora_do_escopo,portugues,Preciso cancelar meu pedido antes do envio no pedido feito pelo aplicativo.,fora_do_escopo,sintetico_gerado_por_IA,preciso cancelar meu pedido antes do envio no pedido feito pelo aplicativo,calibracao,Hardware,0.2328612474138704,baixa,True,desviado_para_pessoa,False,desviado_para_pessoa
R0985,fora_do_escopo,portugues,Preciso cancelar meu pedido antes do envio na conta usada pela família.,fora_do_escopo,sintetico_gerado_por_IA,preciso cancelar meu pedido antes do envio na conta usada pela familia,medicao,Administrative rights,0.23563910891515133,baixa,True,desviado_para_pessoa,False,desviado_para_pessoa
R0986,fora_do_escopo,portugues,Preciso cancelar meu pedido antes do envio durante o atendimento da loja.,fora_do_escopo,sintetico_gerado_por_IA,preciso cancelar meu pedido antes do envio durante o atendimento da loja,medicao,Administrative rights,0.23563910891515133,baixa,True,desviado_para_pessoa,False,desviado_para_pessoa
R0987,fora_do_escopo,portugues,Preciso cancelar meu pedido antes do envio na transação mais recente.,fora_do_escopo,sintetico_gerado_por_IA,preciso cancelar meu pedido antes do envio na transacao mais recente,calibracao,Administrative rights,0.23563910891515133,baixa,True,desviado_para_pessoa,False,desviado_para_pessoa
R0988,fora_do_escopo,portugues,Preciso cancelar meu pedido antes do envio no contrato do cliente.,fora_do_escopo,sintetico_gerado_por_IA,preciso cancelar meu pedido antes do envio no contrato do cliente,calibracao,Hardware,0.21019292828033262,baixa,True,desviado_para_pessoa,False,desviado_para_pessoa
R0989,fora_do_escopo,portugues,Tenho uma reclamação sobre o atendimento da loja na compra desta semana.,fora_do_escopo,sintetico_gerado_por_IA,tenho uma reclamacao sobre o atendimento da loja na compra desta semana,calibracao,Hardware,0.2696593905367138,baixa,True,desviado_para_pessoa,False,desviado_para_pessoa
R0990,fora_do_escopo,portugues,Tenho uma reclamação sobre o atendimento da loja no pedido feito pelo aplicativo.,fora_do_escopo,sintetico_gerado_por_IA,tenho uma reclamacao sobre o atendimento da loja no pedido feito pelo aplicativo,calibracao,Hardware,0.3370263151271268,baixa,True,desviado_para_pessoa,False,desviado_para_pessoa
R0991,fora_do_escopo,portugues,Tenho uma reclamação sobre o atendimento da loja na conta usada pela família.,fora_do_escopo,sintetico_gerado_por_IA,tenho uma reclamacao sobre o atendimento da loja na conta usada pela familia,medicao,Hardware,0.2696593905367138,baixa,True,desviado_para_pessoa,False,desviado_para_pessoa
R0992,fora_do_escopo,portugues,Tenho uma reclamação sobre o atendimento da loja durante o atendimento da loja.,fora_do_escopo,sintetico_gerado_por_IA,tenho uma reclamacao sobre o atendimento da loja durante o atendimento da loja,calibracao,Hardware,0.2696593905367138,baixa,True,desviado_para_pessoa,False,desviado_para_pessoa
R0993,fora_do_escopo,portugues,Tenho uma reclamação sobre o atendimento da loja na transação mais recente.,fora_do_escopo,sintetico_gerado_por_IA,tenho uma reclamacao sobre o atendimento da loja na transacao mais recente,medicao,Hardware,0.2696593905367138,baixa,True,desviado_para_pessoa,False,desviado_para_pessoa
R0994,fora_do_escopo,portugues,Tenho uma reclamação sobre o atendimento da loja no contrato do cliente.,fora_do_escopo,sintetico_gerado_por_IA,tenho uma reclamacao sobre o atendimento da loja no contrato do cliente,calibracao,Hardware,0.2328612474138704,baixa,True,desviado_para_pessoa,False,desviado_para_pessoa
R0995,fora_do_escopo,portugues,Quero reclamar das ligações de vendas na compra desta semana.,fora_do_escopo,sintetico_gerado_por_IA,quero reclamar das ligacoes de vendas na compra desta semana,calibracao,Hardware,0.6095290858648417,alta,True,desviado_para_pessoa,False,desviado_para_pessoa
R0996,fora_do_escopo,portugues,Quero reclamar das ligações de vendas no pedido feito pelo aplicativo.,fora_do_escopo,sintetico_gerado_por_IA,quero reclamar das ligacoes de vendas no pedido feito pelo aplicativo,calibracao,Hardware,0.5901511244929074,alta,True,desviado_para_pessoa,False,desviado_para_pessoa
R0997,fora_do_escopo,portugues,Quero reclamar das ligações de vendas na conta usada pela família.,fora_do_escopo,sintetico_gerado_por_IA,quero reclamar das ligacoes de vendas na conta usada pela familia,medicao,Hardware,0.6095290858648417,alta,True,desviado_para_pessoa,False,desviado_para_pessoa
R0998,fora_do_escopo,portugues,Quero reclamar das ligações de vendas durante o atendimento da loja.,fora_do_escopo,sintetico_gerado_por_IA,quero reclamar das ligacoes de vendas durante o atendimento da loja,medicao,Hardware,0.6095290858648417,alta,True,desviado_para_pessoa,False,desviado_para_pessoa
R0999,fora_do_escopo,portugues,Quero reclamar das ligações de vendas na transação mais recente.,fora_do_escopo,sintetico_gerado_por_IA,quero reclamar das ligacoes de vendas na transacao mais recente,calibracao,Hardware,0.6095290858648417,alta,True,desviado_para_pessoa,False,desviado_para_pessoa
R1000,fora_do_escopo,portugues,Quero reclamar das ligações de vendas no contrato do cliente.,fora_do_escopo,sintetico_gerado_por_IA,quero reclamar das ligacoes de vendas no contrato do cliente,calibracao,Hardware,0.4185762603667325,baixa,True,desviado_para_pessoa,False,desviado_para_pessoa
R1001,fora_do_escopo,portugues,A fatura mostra um valor que não reconheço na compra desta semana.,fora_do_escopo,sintetico_gerado_por_IA,a fatura mostra um valor que nao reconheco na compra desta semana,medicao,Miscellaneous,0.2373828305148681,baixa,True,desviado_para_pessoa,False,desviado_para_pessoa
R1002,fora_do_escopo,portugues,A fatura mostra um valor que não reconheço no pedido feito pelo aplicativo.,fora_do_escopo,sintetico_gerado_por_IA,a fatura mostra um valor que nao reconheco no pedido feito pelo aplicativo,calibracao,Hardware,0.2661584457242804,baixa,True,desviado_para_pessoa,False,desviado_para_pessoa
R1003,fora_do_escopo,portugues,A fatura mostra um valor que não reconheço na conta usada pela família.,fora_do_escopo,sintetico_gerado_por_IA,a fatura mostra um valor que nao reconheco na conta usada pela familia,medicao,Miscellaneous,0.2373828305148681,baixa,True,desviado_para_pessoa,False,desviado_para_pessoa
R1004,fora_do_escopo,portugues,A fatura mostra um valor que não reconheço durante o atendimento da loja.,fora_do_escopo,sintetico_gerado_por_IA,a fatura mostra um valor que nao reconheco durante o atendimento da loja,medicao,Miscellaneous,0.2373828305148681,baixa,True,desviado_para_pessoa,False,desviado_para_pessoa
R1005,fora_do_escopo,portugues,A fatura mostra um valor que não reconheço na transação mais recente.,fora_do_escopo,sintetico_gerado_por_IA,a fatura mostra um valor que nao reconheco na transacao mais recente,medicao,Miscellaneous,0.2373828305148681,baixa,True,desviado_para_pessoa,False,desviado_para_pessoa
R1006,fora_do_escopo,portugues,A fatura mostra um valor que não reconheço no contrato do cliente.,fora_do_escopo,sintetico_gerado_por_IA,a fatura mostra um valor que nao reconheco no contrato do cliente,calibracao,Miscellaneous,0.2188931501042424,baixa,True,desviado_para_pessoa,False,desviado_para_pessoa
R1007,fora_do_escopo,portugues,Solicito cancelamento e estorno da compra na compra desta semana.,fora_do_escopo,sintetico_gerado_por_IA,solicito cancelamento e estorno da compra na compra desta semana,medicao,Hardware,0.2696593905367138,baixa,True,desviado_para_pessoa,False,desviado_para_pessoa
R1008,fora_do_escopo,portugues,Solicito cancelamento e estorno da compra no pedido feito pelo aplicativo.,fora_do_escopo,sintetico_gerado_por_IA,solicito cancelamento e estorno da compra no pedido feito pelo aplicativo,medicao,Hardware,0.3370263151271268,baixa,True,desviado_para_pessoa,False,desviado_para_pessoa
R1009,fora_do_escopo,portugues,Solicito cancelamento e estorno da compra na conta usada pela família.,fora_do_escopo,sintetico_gerado_por_IA,solicito cancelamento e estorno da compra na conta usada pela familia,medicao,Hardware,0.2696593905367138,baixa,True,desviado_para_pessoa,False,desviado_para_pessoa
R1010,fora_do_escopo,portugues,Solicito cancelamento e estorno da compra durante o atendimento da loja.,fora_do_escopo,sintetico_gerado_por_IA,solicito cancelamento e estorno da compra durante o atendimento da loja,calibracao,Hardware,0.2696593905367138,baixa,True,desviado_para_pessoa,False,desviado_para_pessoa
R1011,fora_do_escopo,portugues,Solicito cancelamento e estorno da compra na transação mais recente.,fora_do_escopo,sintetico_gerado_por_IA,solicito cancelamento e estorno da compra na transacao mais recente,medicao,Hardware,0.2696593905367138,baixa,True,desviado_para_pessoa,False,desviado_para_pessoa
R1012,fora_do_escopo,portugues,Solicito cancelamento e estorno da compra no contrato do cliente.,fora_do_escopo,sintetico_gerado_por_IA,solicito cancelamento e estorno da compra no contrato do cliente,calibracao,Hardware,0.2328612474138704,baixa,True,desviado_para_pessoa,False,desviado_para_pessoa
R1013,fora_do_escopo,portugues,A transportadora perdeu minha encomenda na compra desta semana.,fora_do_escopo,sintetico_gerado_por_IA,a transportadora perdeu minha encomenda na compra desta semana,calibracao,Hardware,0.2696593905367138,baixa,True,desviado_para_pessoa,False,desviado_para_pessoa
R1014,fora_do_escopo,portugues,A transportadora perdeu minha encomenda no pedido feito pelo aplicativo.,fora_do_escopo,sintetico_gerado_por_IA,a transportadora perdeu minha encomenda no pedido feito pelo aplicativo,calibracao,Hardware,0.3370263151271268,baixa,True,desviado_para_pessoa,False,desviado_para_pessoa
R1015,fora_do_escopo,portugues,A transportadora perdeu minha encomenda na conta usada pela família.,fora_do_escopo,sintetico_gerado_por_IA,a transportadora perdeu minha encomenda na conta usada pela familia,calibracao,Hardware,0.2696593905367138,baixa,True,desviado_para_pessoa,False,desviado_para_pessoa
R1016,fora_do_escopo,portugues,A transportadora perdeu minha encomenda durante o atendimento da loja.,fora_do_escopo,sintetico_gerado_por_IA,a transportadora perdeu minha encomenda durante o atendimento da loja,medicao,Hardware,0.2696593905367138,baixa,True,desviado_para_pessoa,False,desviado_para_pessoa
R1017,fora_do_escopo,portugues,A transportadora perdeu minha encomenda na transação mais recente.,fora_do_escopo,sintetico_gerado_por_IA,a transportadora perdeu minha encomenda na transacao mais recente,calibracao,Hardware,0.2696593905367138,baixa,True,desviado_para_pessoa,False,desviado_para_pessoa
R1018,fora_do_escopo,portugues,A transportadora perdeu minha encomenda no contrato do cliente.,fora_do_escopo,sintetico_gerado_por_IA,a transportadora perdeu minha encomenda no contrato do cliente,calibracao,Hardware,0.2328612474138704,baixa,True,desviado_para_pessoa,False,desviado_para_pessoa
R1019,fora_do_escopo,portugues,O produto devolvido ainda não foi reembolsado na compra desta semana.,fora_do_escopo,sintetico_gerado_por_IA,o produto devolvido ainda nao foi reembolsado na compra desta semana,calibracao,Hardware,0.2696593905367138,baixa,True,desviado_para_pessoa,False,desviado_para_pessoa
R1020,fora_do_escopo,portugues,O produto devolvido ainda não foi reembolsado no pedido feito pelo aplicativo.,fora_do_escopo,sintetico_gerado_por_IA,o produto devolvido ainda nao foi reembolsado no pedido feito pelo aplicativo,calibracao,Hardware,0.3370263151271268,baixa,True,desviado_para_pessoa,False,desviado_para_pessoa
R1021,fora_do_escopo,portugues,O produto devolvido ainda não foi reembolsado na conta usada pela família.,fora_do_escopo,sintetico_gerado_por_IA,o produto devolvido ainda nao foi reembolsado na conta usada pela familia,medicao,Hardware,0.2696593905367138,baixa,True,desviado_para_pessoa,False,desviado_para_pessoa
R1022,fora_do_escopo,portugues,O produto devolvido ainda não foi reembolsado durante o atendimento da loja.,fora_do_escopo,sintetico_gerado_por_IA,o produto devolvido ainda nao foi reembolsado durante o atendimento da loja,medicao,Hardware,0.2696593905367138,baixa,True,desviado_para_pessoa,False,desviado_para_pessoa
R1023,fora_do_escopo,portugues,O produto devolvido ainda não foi reembolsado na transação mais recente.,fora_do_escopo,sintetico_gerado_por_IA,o produto devolvido ainda nao foi reembolsado na transacao mais recente,medicao,Hardware,0.2696593905367138,baixa,True,desviado_para_pessoa,False,desviado_para_pessoa
R1024,fora_do_escopo,portugues,O produto devolvido ainda não foi reembolsado no contrato do cliente.,fora_do_escopo,sintetico_gerado_por_IA,o produto devolvido ainda nao foi reembolsado no contrato do cliente,calibracao,Hardware,0.2328612474138704,baixa,True,desviado_para_pessoa,False,desviado_para_pessoa
R1025,fora_do_escopo,portugues,Recebi cobrança em duplicidade neste mês na compra desta semana.,fora_do_escopo,sintetico_gerado_por_IA,recebi cobranca em duplicidade neste mes na compra desta semana,calibracao,Hardware,0.2696593905367138,baixa,True,desviado_para_pessoa,False,desviado_para_pessoa
R1026,fora_do_escopo,portugues,Recebi cobrança em duplicidade neste mês no pedido feito pelo aplicativo.,fora_do_escopo,sintetico_gerado_por_IA,recebi cobranca em duplicidade neste mes no pedido feito pelo aplicativo,calibracao,Hardware,0.3370263151271268,baixa,True,desviado_para_pessoa,False,desviado_para_pessoa
R1027,fora_do_escopo,portugues,Recebi cobrança em duplicidade neste mês na conta usada pela família.,fora_do_escopo,sintetico_gerado_por_IA,recebi cobranca em duplicidade neste mes na conta usada pela familia,calibracao,Hardware,0.2696593905367138,baixa,True,desviado_para_pessoa,False,desviado_para_pessoa
R1028,fora_do_escopo,portugues,Recebi cobrança em duplicidade neste mês durante o atendimento da loja.,fora_do_escopo,sintetico_gerado_por_IA,recebi cobranca em duplicidade neste mes durante o atendimento da loja,medicao,Hardware,0.2696593905367138,baixa,True,desviado_para_pessoa,False,desviado_para_pessoa
R1029,fora_do_escopo,portugues,Recebi cobrança em duplicidade neste mês na transação mais recente.,fora_do_escopo,sintetico_gerado_por_IA,recebi cobranca em duplicidade neste mes na transacao mais recente,calibracao,Hardware,0.2696593905367138,baixa,True,desviado_para_pessoa,False,desviado_para_pessoa
R1030,fora_do_escopo,portugues,Recebi cobrança em duplicidade neste mês no contrato do cliente.,fora_do_escopo,sintetico_gerado_por_IA,recebi cobranca em duplicidade neste mes no contrato do cliente,medicao,Hardware,0.2328612474138704,baixa,True,desviado_para_pessoa,False,desviado_para_pessoa
R1031,fora_do_escopo,portugues,Minha assinatura continuou ativa após o cancelamento na compra desta semana.,fora_do_escopo,sintetico_gerado_por_IA,minha assinatura continuou ativa apos o cancelamento na compra desta semana,medicao,Hardware,0.2696593905367138,baixa,True,desviado_para_pessoa,False,desviado_para_pessoa
R1032,fora_do_escopo,portugues,Minha assinatura continuou ativa após o cancelamento no pedido feito pelo aplicativo.,fora_do_escopo,sintetico_gerado_por_IA,minha assinatura continuou ativa apos o cancelamento no pedido feito pelo aplicativo,medicao,Hardware,0.3370263151271268,baixa,True,desviado_para_pessoa,False,desviado_para_pessoa
R1033,fora_do_escopo,portugues,Minha assinatura continuou ativa após o cancelamento na conta usada pela família.,fora_do_escopo,sintetico_gerado_por_IA,minha assinatura continuou ativa apos o cancelamento na conta usada pela familia,medicao,Hardware,0.2696593905367138,baixa,True,desviado_para_pessoa,False,desviado_para_pessoa
R1034,fora_do_escopo,portugues,Minha assinatura continuou ativa após o cancelamento durante o atendimento da loja.,fora_do_escopo,sintetico_gerado_por_IA,minha assinatura continuou ativa apos o cancelamento durante o atendimento da loja,medicao,Hardware,0.2696593905367138,baixa,True,desviado_para_pessoa,False,desviado_para_pessoa
R1035,fora_do_escopo,portugues,Minha assinatura continuou ativa após o cancelamento na transação mais recente.,fora_do_escopo,sintetico_gerado_por_IA,minha assinatura continuou ativa apos o cancelamento na transacao mais recente,calibracao,Hardware,0.2696593905367138,baixa,True,desviado_para_pessoa,False,desviado_para_pessoa
R1036,fora_do_escopo,portugues,Minha assinatura continuou ativa após o cancelamento no contrato do cliente.,fora_do_escopo,sintetico_gerado_por_IA,minha assinatura continuou ativa apos o cancelamento no contrato do cliente,medicao,Hardware,0.2328612474138704,baixa,True,desviado_para_pessoa,False,desviado_para_pessoa
R1037,fora_do_escopo,portugues,A entrega veio danificada e quero devolução na compra desta semana.,fora_do_escopo,sintetico_gerado_por_IA,a entrega veio danificada e quero devolucao na compra desta semana,medicao,Hardware,0.2696593905367138,baixa,True,desviado_para_pessoa,False,desviado_para_pessoa
R1038,fora_do_escopo,portugues,A entrega veio danificada e quero devolução no pedido feito pelo aplicativo.,fora_do_escopo,sintetico_gerado_por_IA,a entrega veio danificada e quero devolucao no pedido feito pelo aplicativo,medicao,Hardware,0.3370263151271268,baixa,True,desviado_para_pessoa,False,desviado_para_pessoa
R1039,fora_do_escopo,portugues,A entrega veio danificada e quero devolução na conta usada pela família.,fora_do_escopo,sintetico_gerado_por_IA,a entrega veio danificada e quero devolucao na conta usada pela familia,medicao,Hardware,0.2696593905367138,baixa,True,desviado_para_pessoa,False,desviado_para_pessoa
R1040,fora_do_escopo,portugues,A entrega veio danificada e quero devolução durante o atendimento da loja.,fora_do_escopo,sintetico_gerado_por_IA,a entrega veio danificada e quero devolucao durante o atendimento da loja,calibracao,Hardware,0.2696593905367138,baixa,True,desviado_para_pessoa,False,desviado_para_pessoa
R1041,fora_do_escopo,portugues,A entrega veio danificada e quero devolução na transação mais recente.,fora_do_escopo,sintetico_gerado_por_IA,a entrega veio danificada e quero devolucao na transacao mais recente,calibracao,Hardware,0.2696593905367138,baixa,True,desviado_para_pessoa,False,desviado_para_pessoa
R1042,fora_do_escopo,portugues,A entrega veio danificada e quero devolução no contrato do cliente.,fora_do_escopo,sintetico_gerado_por_IA,a entrega veio danificada e quero devolucao no contrato do cliente,medicao,Hardware,0.2328612474138704,baixa,True,desviado_para_pessoa,False,desviado_para_pessoa
R1043,fora_do_escopo,portugues,O pedido aparece entregue mas não recebi na compra desta semana.,fora_do_escopo,sintetico_gerado_por_IA,o pedido aparece entregue mas nao recebi na compra desta semana,calibracao,Hardware,0.3008149229375589,baixa,True,desviado_para_pessoa,False,desviado_para_pessoa
R1044,fora_do_escopo,portugues,O pedido aparece entregue mas não recebi no pedido feito pelo aplicativo.,fora_do_escopo,sintetico_gerado_por_IA,o pedido aparece entregue mas nao recebi no pedido feito pelo aplicativo,medicao,Hardware,0.33638014566100616,baixa,True,desviado_para_pessoa,False,desviado_para_pessoa
R1045,fora_do_escopo,portugues,O pedido aparece entregue mas não recebi na conta usada pela família.,fora_do_escopo,sintetico_gerado_por_IA,o pedido aparece entregue mas nao recebi na conta usada pela familia,calibracao,Hardware,0.3008149229375589,baixa,True,desviado_para_pessoa,False,desviado_para_pessoa
R1046,fora_do_escopo,portugues,O pedido aparece entregue mas não recebi durante o atendimento da loja.,fora_do_escopo,sintetico_gerado_por_IA,o pedido aparece entregue mas nao recebi durante o atendimento da loja,medicao,Hardware,0.3008149229375589,baixa,True,desviado_para_pessoa,False,desviado_para_pessoa
R1047,fora_do_escopo,portugues,O pedido aparece entregue mas não recebi na transação mais recente.,fora_do_escopo,sintetico_gerado_por_IA,o pedido aparece entregue mas nao recebi na transacao mais recente,calibracao,Hardware,0.3008149229375589,baixa,True,desviado_para_pessoa,False,desviado_para_pessoa
R1048,fora_do_escopo,portugues,O pedido aparece entregue mas não recebi no contrato do cliente.,fora_do_escopo,sintetico_gerado_por_IA,o pedido aparece entregue mas nao recebi no contrato do cliente,medicao,Hardware,0.26351864456815444,baixa,True,desviado_para_pessoa,False,desviado_para_pessoa
R1049,fora_do_escopo,portugues,Preciso corrigir o endereço de entrega na compra desta semana.,fora_do_escopo,sintetico_gerado_por_IA,preciso corrigir o endereco de entrega na compra desta semana,calibracao,Hardware,0.6095290858648417,alta,True,desviado_para_pessoa,False,desviado_para_pessoa
R1050,fora_do_escopo,portugues,Preciso corrigir o endereço de entrega no pedido feito pelo aplicativo.,fora_do_escopo,sintetico_gerado_por_IA,preciso corrigir o endereco de entrega no pedido feito pelo aplicativo,medicao,Hardware,0.5901511244929074,alta,True,desviado_para_pessoa,False,desviado_para_pessoa
R1051,fora_do_escopo,portugues,Preciso corrigir o endereço de entrega na conta usada pela família.,fora_do_escopo,sintetico_gerado_por_IA,preciso corrigir o endereco de entrega na conta usada pela familia,calibracao,Hardware,0.6095290858648417,alta,True,desviado_para_pessoa,False,desviado_para_pessoa
R1052,fora_do_escopo,portugues,Preciso corrigir o endereço de entrega durante o atendimento da loja.,fora_do_escopo,sintetico_gerado_por_IA,preciso corrigir o endereco de entrega durante o atendimento da loja,medicao,Hardware,0.6095290858648417,alta,True,desviado_para_pessoa,False,desviado_para_pessoa
R1053,fora_do_escopo,portugues,Preciso corrigir o endereço de entrega na transação mais recente.,fora_do_escopo,sintetico_gerado_por_IA,preciso corrigir o endereco de entrega na transacao mais recente,calibracao,Hardware,0.6095290858648417,alta,True,desviado_para_pessoa,False,desviado_para_pessoa
R1054,fora_do_escopo,portugues,Preciso corrigir o endereço de entrega no contrato do cliente.,fora_do_escopo,sintetico_gerado_por_IA,preciso corrigir o endereco de entrega no contrato do cliente,medicao,Hardware,0.4185762603667325,baixa,True,desviado_para_pessoa,False,desviado_para_pessoa
R1055,fora_do_escopo,portugues,Quero contestar uma compra não autorizada na compra desta semana.,fora_do_escopo,sintetico_gerado_por_IA,quero contestar uma compra nao autorizada na compra desta semana,medicao,Hardware,0.2696593905367138,baixa,True,desviado_para_pessoa,False,desviado_para_pessoa
R1056,fora_do_escopo,portugues,Quero contestar uma compra não autorizada no pedido feito pelo aplicativo.,fora_do_escopo,sintetico_gerado_por_IA,quero contestar uma compra nao autorizada no pedido feito pelo aplicativo,calibracao,Hardware,0.3370263151271268,baixa,True,desviado_para_pessoa,False,desviado_para_pessoa
R1057,fora_do_escopo,portugues,Quero contestar uma compra não autorizada na conta usada pela família.,fora_do_escopo,sintetico_gerado_por_IA,quero contestar uma compra nao autorizada na conta usada pela familia,medicao,Hardware,0.2696593905367138,baixa,True,desviado_para_pessoa,False,desviado_para_pessoa
R1058,fora_do_escopo,portugues,Quero contestar uma compra não autorizada durante o atendimento da loja.,fora_do_escopo,sintetico_gerado_por_IA,quero contestar uma compra nao autorizada durante o atendimento da loja,medicao,Hardware,0.2696593905367138,baixa,True,desviado_para_pessoa,False,desviado_para_pessoa
R1059,fora_do_escopo,portugues,Quero contestar uma compra não autorizada na transação mais recente.,fora_do_escopo,sintetico_gerado_por_IA,quero contestar uma compra nao autorizada na transacao mais recente,medicao,Hardware,0.2696593905367138,baixa,True,desviado_para_pessoa,False,desviado_para_pessoa
R1060,fora_do_escopo,portugues,Quero contestar uma compra não autorizada no contrato do cliente.,fora_do_escopo,sintetico_gerado_por_IA,quero contestar uma compra nao autorizada no contrato do cliente,calibracao,Hardware,0.2328612474138704,baixa,True,desviado_para_pessoa,False,desviado_para_pessoa
R1061,fora_do_escopo,portugues,A loja recusou a devolução dentro do prazo na compra desta semana.,fora_do_escopo,sintetico_gerado_por_IA,a loja recusou a devolucao dentro do prazo na compra desta semana,medicao,Administrative rights,0.23563910891515133,baixa,True,desviado_para_pessoa,False,desviado_para_pessoa
R1062,fora_do_escopo,portugues,A loja recusou a devolução dentro do prazo no pedido feito pelo aplicativo.,fora_do_escopo,sintetico_gerado_por_IA,a loja recusou a devolucao dentro do prazo no pedido feito pelo aplicativo,calibracao,Hardware,0.2328612474138704,baixa,True,desviado_para_pessoa,False,desviado_para_pessoa
R1063,fora_do_escopo,portugues,A loja recusou a devolução dentro do prazo na conta usada pela família.,fora_do_escopo,sintetico_gerado_por_IA,a loja recusou a devolucao dentro do prazo na conta usada pela familia,medicao,Administrative rights,0.23563910891515133,baixa,True,desviado_para_pessoa,False,desviado_para_pessoa
R1064,fora_do_escopo,portugues,A loja recusou a devolução dentro do prazo durante o atendimento da loja.,fora_do_escopo,sintetico_gerado_por_IA,a loja recusou a devolucao dentro do prazo durante o atendimento da loja,calibracao,Administrative rights,0.23563910891515133,baixa,True,desviado_para_pessoa,False,desviado_para_pessoa
R1065,fora_do_escopo,portugues,A loja recusou a devolução dentro do prazo na transação mais recente.,fora_do_escopo,sintetico_gerado_por_IA,a loja recusou a devolucao dentro do prazo na transacao mais recente,calibracao,Administrative rights,0.23563910891515133,baixa,True,desviado_para_pessoa,False,desviado_para_pessoa
R1066,fora_do_escopo,portugues,A loja recusou a devolução dentro do prazo no contrato do cliente.,fora_do_escopo,sintetico_gerado_por_IA,a loja recusou a devolucao dentro do prazo no contrato do cliente,medicao,Hardware,0.21019292828033262,baixa,True,desviado_para_pessoa,False,desviado_para_pessoa
R1067,fora_do_escopo,portugues,O cupom não foi aplicado na compra na compra desta semana.,fora_do_escopo,sintetico_gerado_por_IA,o cupom nao foi aplicado na compra na compra desta semana,medicao,Hardware,0.2696593905367138,baixa,True,desviado_para_pessoa,False,desviado_para_pessoa
R1068,fora_do_escopo,portugues,O cupom não foi aplicado na compra no pedido feito pelo aplicativo.,fora_do_escopo,sintetico_gerado_por_IA,o cupom nao foi aplicado na compra no pedido feito pelo aplicativo,medicao,Hardware,0.3370263151271268,baixa,True,desviado_para_pessoa,False,desviado_para_pessoa
R1069,fora_do_escopo,portugues,O cupom não foi aplicado na compra na conta usada pela família.,fora_do_escopo,sintetico_gerado_por_IA,o cupom nao foi aplicado na compra na conta usada pela familia,calibracao,Hardware,0.2696593905367138,baixa,True,desviado_para_pessoa,False,desviado_para_pessoa
R1070,fora_do_escopo,portugues,O cupom não foi aplicado na compra durante o atendimento da loja.,fora_do_escopo,sintetico_gerado_por_IA,o cupom nao foi aplicado na compra durante o atendimento da loja,calibracao,Hardware,0.2696593905367138,baixa,True,desviado_para_pessoa,False,desviado_para_pessoa
R1071,fora_do_escopo,portugues,O cupom não foi aplicado na compra na transação mais recente.,fora_do_escopo,sintetico_gerado_por_IA,o cupom nao foi aplicado na compra na transacao mais recente,medicao,Hardware,0.2696593905367138,baixa,True,desviado_para_pessoa,False,desviado_para_pessoa
R1072,fora_do_escopo,portugues,O cupom não foi aplicado na compra no contrato do cliente.,fora_do_escopo,sintetico_gerado_por_IA,o cupom nao foi aplicado na compra no contrato do cliente,calibracao,Hardware,0.2328612474138704,baixa,True,desviado_para_pessoa,False,desviado_para_pessoa
R1073,fora_do_escopo,portugues,Meu pagamento foi aprovado mas o pedido sumiu na compra desta semana.,fora_do_escopo,sintetico_gerado_por_IA,meu pagamento foi aprovado mas o pedido sumiu na compra desta semana,medicao,Hardware,0.3008149229375589,baixa,True,desviado_para_pessoa,False,desviado_para_pessoa
R1074,fora_do_escopo,portugues,Meu pagamento foi aprovado mas o pedido sumiu no pedido feito pelo aplicativo.,fora_do_escopo,sintetico_gerado_por_IA,meu pagamento foi aprovado mas o pedido sumiu no pedido feito pelo aplicativo,calibracao,Hardware,0.33638014566100616,baixa,True,desviado_para_pessoa,False,desviado_para_pessoa
R1075,fora_do_escopo,portugues,Meu pagamento foi aprovado mas o pedido sumiu na conta usada pela família.,fora_do_escopo,sintetico_gerado_por_IA,meu pagamento foi aprovado mas o pedido sumiu na conta usada pela familia,medicao,Hardware,0.3008149229375589,baixa,True,desviado_para_pessoa,False,desviado_para_pessoa
R1076,fora_do_escopo,portugues,Meu pagamento foi aprovado mas o pedido sumiu durante o atendimento da loja.,fora_do_escopo,sintetico_gerado_por_IA,meu pagamento foi aprovado mas o pedido sumiu durante o atendimento da loja,calibracao,Hardware,0.3008149229375589,baixa,True,desviado_para_pessoa,False,desviado_para_pessoa
R1077,fora_do_escopo,portugues,Meu pagamento foi aprovado mas o pedido sumiu na transação mais recente.,fora_do_escopo,sintetico_gerado_por_IA,meu pagamento foi aprovado mas o pedido sumiu na transacao mais recente,calibracao,Hardware,0.3008149229375589,baixa,True,desviado_para_pessoa,False,desviado_para_pessoa
R1078,fora_do_escopo,portugues,Meu pagamento foi aprovado mas o pedido sumiu no contrato do cliente.,fora_do_escopo,sintetico_gerado_por_IA,meu pagamento foi aprovado mas o pedido sumiu no contrato do cliente,calibracao,Hardware,0.26351864456815444,baixa,True,desviado_para_pessoa,False,desviado_para_pessoa
R1079,fora_do_escopo,portugues,Quero trocar o produto recebido por engano na compra desta semana.,fora_do_escopo,sintetico_gerado_por_IA,quero trocar o produto recebido por engano na compra desta semana,medicao,Hardware,0.2696593905367138,baixa,True,desviado_para_pessoa,False,desviado_para_pessoa
R1080,fora_do_escopo,portugues,Quero trocar o produto recebido por engano no pedido feito pelo aplicativo.,fora_do_escopo,sintetico_gerado_por_IA,quero trocar o produto recebido por engano no pedido feito pelo aplicativo,calibracao,Hardware,0.3370263151271268,baixa,True,desviado_para_pessoa,False,desviado_para_pessoa
R1081,fora_do_escopo,portugues,Quero trocar o produto recebido por engano na conta usada pela família.,fora_do_escopo,sintetico_gerado_por_IA,quero trocar o produto recebido por engano na conta usada pela familia,medicao,Hardware,0.2696593905367138,baixa,True,desviado_para_pessoa,False,desviado_para_pessoa
R1082,fora_do_escopo,portugues,Quero trocar o produto recebido por engano durante o atendimento da loja.,fora_do_escopo,sintetico_gerado_por_IA,quero trocar o produto recebido por engano durante o atendimento da loja,calibracao,Hardware,0.2696593905367138,baixa,True,desviado_para_pessoa,False,desviado_para_pessoa
R1083,fora_do_escopo,portugues,Quero trocar o produto recebido por engano na transação mais recente.,fora_do_escopo,sintetico_gerado_por_IA,quero trocar o produto recebido por engano na transacao mais recente,medicao,Hardware,0.2696593905367138,baixa,True,desviado_para_pessoa,False,desviado_para_pessoa
R1084,fora_do_escopo,portugues,Quero trocar o produto recebido por engano no contrato do cliente.,fora_do_escopo,sintetico_gerado_por_IA,quero trocar o produto recebido por engano no contrato do cliente,medicao,Hardware,0.2328612474138704,baixa,True,desviado_para_pessoa,False,desviado_para_pessoa
R1085,fora_do_escopo,portugues,O valor do frete foi cobrado incorretamente na compra desta semana.,fora_do_escopo,sintetico_gerado_por_IA,o valor do frete foi cobrado incorretamente na compra desta semana,medicao,Administrative rights,0.23563910891515133,baixa,True,desviado_para_pessoa,False,desviado_para_pessoa
R1086,fora_do_escopo,portugues,O valor do frete foi cobrado incorretamente no pedido feito pelo aplicativo.,fora_do_escopo,sintetico_gerado_por_IA,o valor do frete foi cobrado incorretamente no pedido feito pelo aplicativo,calibracao,Hardware,0.2328612474138704,baixa,True,desviado_para_pessoa,False,desviado_para_pessoa
R1087,fora_do_escopo,portugues,O valor do frete foi cobrado incorretamente na conta usada pela família.,fora_do_escopo,sintetico_gerado_por_IA,o valor do frete foi cobrado incorretamente na conta usada pela familia,calibracao,Administrative rights,0.23563910891515133,baixa,True,desviado_para_pessoa,False,desviado_para_pessoa
R1088,fora_do_escopo,portugues,O valor do frete foi cobrado incorretamente durante o atendimento da loja.,fora_do_escopo,sintetico_gerado_por_IA,o valor do frete foi cobrado incorretamente durante o atendimento da loja,medicao,Administrative rights,0.23563910891515133,baixa,True,desviado_para_pessoa,False,desviado_para_pessoa
R1089,fora_do_escopo,portugues,O valor do frete foi cobrado incorretamente na transação mais recente.,fora_do_escopo,sintetico_gerado_por_IA,o valor do frete foi cobrado incorretamente na transacao mais recente,calibracao,Administrative rights,0.23563910891515133,baixa,True,desviado_para_pessoa,False,desviado_para_pessoa
R1090,fora_do_escopo,portugues,O valor do frete foi cobrado incorretamente no contrato do cliente.,fora_do_escopo,sintetico_gerado_por_IA,o valor do frete foi cobrado incorretamente no contrato do cliente,medicao,Hardware,0.21019292828033262,baixa,True,desviado_para_pessoa,False,desviado_para_pessoa
R1091,fora_do_escopo,portugues,A parcela da compra veio com juros indevidos na compra desta semana.,fora_do_escopo,sintetico_gerado_por_IA,a parcela da compra veio com juros indevidos na compra desta semana,medicao,Miscellaneous,0.5028130215166154,baixa,True,desviado_para_pessoa,False,desviado_para_pessoa
R1092,fora_do_escopo,portugues,A parcela da compra veio com juros indevidos no pedido feito pelo aplicativo.,fora_do_escopo,sintetico_gerado_por_IA,a parcela da compra veio com juros indevidos no pedido feito pelo aplicativo,medicao,Miscellaneous,0.4339319601888156,baixa,True,desviado_para_pessoa,False,desviado_para_pessoa
R1093,fora_do_escopo,portugues,A parcela da compra veio com juros indevidos na conta usada pela família.,fora_do_escopo,sintetico_gerado_por_IA,a parcela da compra veio com juros indevidos na conta usada pela familia,medicao,Miscellaneous,0.5028130215166154,baixa,True,desviado_para_pessoa,False,desviado_para_pessoa
R1094,fora_do_escopo,portugues,A parcela da compra veio com juros indevidos durante o atendimento da loja.,fora_do_escopo,sintetico_gerado_por_IA,a parcela da compra veio com juros indevidos durante o atendimento da loja,calibracao,Miscellaneous,0.5028130215166154,baixa,True,desviado_para_pessoa,False,desviado_para_pessoa
R1095,fora_do_escopo,portugues,A parcela da compra veio com juros indevidos na transação mais recente.,fora_do_escopo,sintetico_gerado_por_IA,a parcela da compra veio com juros indevidos na transacao mais recente,medicao,Miscellaneous,0.5028130215166154,baixa,True,desviado_para_pessoa,False,desviado_para_pessoa
R1096,fora_do_escopo,portugues,A parcela da compra veio com juros indevidos no contrato do cliente.,fora_do_escopo,sintetico_gerado_por_IA,a parcela da compra veio com juros indevidos no contrato do cliente,medicao,Miscellaneous,0.32681868216672577,baixa,True,desviado_para_pessoa,False,desviado_para_pessoa
R1097,fora_do_escopo,portugues,Não recebi confirmação do estorno na compra desta semana.,fora_do_escopo,sintetico_gerado_por_IA,nao recebi confirmacao do estorno na compra desta semana,calibracao,Administrative rights,0.23563910891515133,baixa,True,desviado_para_pessoa,False,desviado_para_pessoa
R1098,fora_do_escopo,portugues,Não recebi confirmação do estorno no pedido feito pelo aplicativo.,fora_do_escopo,sintetico_gerado_por_IA,nao recebi confirmacao do estorno no pedido feito pelo aplicativo,calibracao,Hardware,0.2328612474138704,baixa,True,desviado_para_pessoa,False,desviado_para_pessoa
R1099,fora_do_escopo,portugues,Não recebi confirmação do estorno na conta usada pela família.,fora_do_escopo,sintetico_gerado_por_IA,nao recebi confirmacao do estorno na conta usada pela familia,medicao,Administrative rights,0.23563910891515133,baixa,True,desviado_para_pessoa,False,desviado_para_pessoa
R1100,fora_do_escopo,portugues,Não recebi confirmação do estorno durante o atendimento da loja.,fora_do_escopo,sintetico_gerado_por_IA,nao recebi confirmacao do estorno durante o atendimento da loja,medicao,Administrative rights,0.23563910891515133,baixa,True,desviado_para_pessoa,False,desviado_para_pessoa
R1101,fora_do_escopo,portugues,Não recebi confirmação do estorno na transação mais recente.,fora_do_escopo,sintetico_gerado_por_IA,nao recebi confirmacao do estorno na transacao mais recente,calibracao,Administrative rights,0.23563910891515133,baixa,True,desviado_para_pessoa,False,desviado_para_pessoa
R1102,fora_do_escopo,portugues,Não recebi confirmação do estorno no contrato do cliente.,fora_do_escopo,sintetico_gerado_por_IA,nao recebi confirmacao do estorno no contrato do cliente,medicao,Hardware,0.21019292828033262,baixa,True,desviado_para_pessoa,False,desviado_para_pessoa
R1103,fora_do_escopo,portugues,A transportadora marcou uma tentativa inexistente na compra desta semana.,fora_do_escopo,sintetico_gerado_por_IA,a transportadora marcou uma tentativa inexistente na compra desta semana,calibracao,Hardware,0.2696593905367138,baixa,True,desviado_para_pessoa,False,desviado_para_pessoa
R1104,fora_do_escopo,portugues,A transportadora marcou uma tentativa inexistente no pedido feito pelo aplicativo.,fora_do_escopo,sintetico_gerado_por_IA,a transportadora marcou uma tentativa inexistente no pedido feito pelo aplicativo,calibracao,Hardware,0.3370263151271268,baixa,True,desviado_para_pessoa,False,desviado_para_pessoa
R1105,fora_do_escopo,portugues,A transportadora marcou uma tentativa inexistente na conta usada pela família.,fora_do_escopo,sintetico_gerado_por_IA,a transportadora marcou uma tentativa inexistente na conta usada pela familia,medicao,Hardware,0.2696593905367138,baixa,True,desviado_para_pessoa,False,desviado_para_pessoa
R1106,fora_do_escopo,portugues,A transportadora marcou uma tentativa inexistente durante o atendimento da loja.,fora_do_escopo,sintetico_gerado_por_IA,a transportadora marcou uma tentativa inexistente durante o atendimento da loja,medicao,Hardware,0.2696593905367138,baixa,True,desviado_para_pessoa,False,desviado_para_pessoa
R1107,fora_do_escopo,portugues,A transportadora marcou uma tentativa inexistente na transação mais recente.,fora_do_escopo,sintetico_gerado_por_IA,a transportadora marcou uma tentativa inexistente na transacao mais recente,calibracao,Hardware,0.2696593905367138,baixa,True,desviado_para_pessoa,False,desviado_para_pessoa
R1108,fora_do_escopo,portugues,A transportadora marcou uma tentativa inexistente no contrato do cliente.,fora_do_escopo,sintetico_gerado_por_IA,a transportadora marcou uma tentativa inexistente no contrato do cliente,calibracao,Hardware,0.2328612474138704,baixa,True,desviado_para_pessoa,False,desviado_para_pessoa
R1109,fora_do_escopo,portugues,Quero encerrar o plano e receber confirmação na compra desta semana.,fora_do_escopo,sintetico_gerado_por_IA,quero encerrar o plano e receber confirmacao na compra desta semana,calibracao,Hardware,0.2696593905367138,baixa,True,desviado_para_pessoa,False,desviado_para_pessoa
R1110,fora_do_escopo,portugues,Quero encerrar o plano e receber confirmação no pedido feito pelo aplicativo.,fora_do_escopo,sintetico_gerado_por_IA,quero encerrar o plano e receber confirmacao no pedido feito pelo aplicativo,calibracao,Hardware,0.3370263151271268,baixa,True,desviado_para_pessoa,False,desviado_para_pessoa
R1111,fora_do_escopo,portugues,Quero encerrar o plano e receber confirmação na conta usada pela família.,fora_do_escopo,sintetico_gerado_por_IA,quero encerrar o plano e receber confirmacao na conta usada pela familia,calibracao,Hardware,0.2696593905367138,baixa,True,desviado_para_pessoa,False,desviado_para_pessoa
R1112,fora_do_escopo,portugues,Quero encerrar o plano e receber confirmação durante o atendimento da loja.,fora_do_escopo,sintetico_gerado_por_IA,quero encerrar o plano e receber confirmacao durante o atendimento da loja,calibracao,Hardware,0.2696593905367138,baixa,True,desviado_para_pessoa,False,desviado_para_pessoa
R1113,fora_do_escopo,portugues,Quero encerrar o plano e receber confirmação na transação mais recente.,fora_do_escopo,sintetico_gerado_por_IA,quero encerrar o plano e receber confirmacao na transacao mais recente,medicao,Hardware,0.2696593905367138,baixa,True,desviado_para_pessoa,False,desviado_para_pessoa
R1114,fora_do_escopo,portugues,Quero encerrar o plano e receber confirmação no contrato do cliente.,fora_do_escopo,sintetico_gerado_por_IA,quero encerrar o plano e receber confirmacao no contrato do cliente,calibracao,Hardware,0.2328612474138704,baixa,True,desviado_para_pessoa,False,desviado_para_pessoa
R1115,fora_do_escopo,portugues,O vendedor prometeu um desconto não aplicado na compra desta semana.,fora_do_escopo,sintetico_gerado_por_IA,o vendedor prometeu um desconto nao aplicado na compra desta semana,medicao,Hardware,0.2696593905367138,baixa,True,desviado_para_pessoa,False,desviado_para_pessoa
R1116,fora_do_escopo,portugues,O vendedor prometeu um desconto não aplicado no pedido feito pelo aplicativo.,fora_do_escopo,sintetico_gerado_por_IA,o vendedor prometeu um desconto nao aplicado no pedido feito pelo aplicativo,calibracao,Hardware,0.3370263151271268,baixa,True,desviado_para_pessoa,False,desviado_para_pessoa
R1117,fora_do_escopo,portugues,O vendedor prometeu um desconto não aplicado na conta usada pela família.,fora_do_escopo,sintetico_gerado_por_IA,o vendedor prometeu um desconto nao aplicado na conta usada pela familia,calibracao,Hardware,0.2696593905367138,baixa,True,desviado_para_pessoa,False,desviado_para_pessoa
R1118,fora_do_escopo,portugues,O vendedor prometeu um desconto não aplicado durante o atendimento da loja.,fora_do_escopo,sintetico_gerado_por_IA,o vendedor prometeu um desconto nao aplicado durante o atendimento da loja,calibracao,Hardware,0.2696593905367138,baixa,True,desviado_para_pessoa,False,desviado_para_pessoa
R1119,fora_do_escopo,portugues,O vendedor prometeu um desconto não aplicado na transação mais recente.,fora_do_escopo,sintetico_gerado_por_IA,o vendedor prometeu um desconto nao aplicado na transacao mais recente,calibracao,Hardware,0.2696593905367138,baixa,True,desviado_para_pessoa,False,desviado_para_pessoa
R1120,fora_do_escopo,portugues,O vendedor prometeu um desconto não aplicado no contrato do cliente.,fora_do_escopo,sintetico_gerado_por_IA,o vendedor prometeu um desconto nao aplicado no contrato do cliente,calibracao,Hardware,0.2328612474138704,baixa,True,desviado_para_pessoa,False,desviado_para_pessoa
R1121,fora_do_escopo,portugues,Minha encomenda foi enviada para outra cidade na compra desta semana.,fora_do_escopo,sintetico_gerado_por_IA,minha encomenda foi enviada para outra cidade na compra desta semana,medicao,Hardware,0.26903186517715366,baixa,True,desviado_para_pessoa,False,desviado_para_pessoa
R1122,fora_do_escopo,portugues,Minha encomenda foi enviada para outra cidade no pedido feito pelo aplicativo.,fora_do_escopo,sintetico_gerado_por_IA,minha encomenda foi enviada para outra cidade no pedido feito pelo aplicativo,medicao,Hardware,0.30795415093899453,baixa,True,desviado_para_pessoa,False,desviado_para_pessoa
R1123,fora_do_escopo,portugues,Minha encomenda foi enviada para outra cidade na conta usada pela família.,fora_do_escopo,sintetico_gerado_por_IA,minha encomenda foi enviada para outra cidade na conta usada pela familia,calibracao,Hardware,0.26903186517715366,baixa,True,desviado_para_pessoa,False,desviado_para_pessoa
R1124,fora_do_escopo,portugues,Minha encomenda foi enviada para outra cidade durante o atendimento da loja.,fora_do_escopo,sintetico_gerado_por_IA,minha encomenda foi enviada para outra cidade durante o atendimento da loja,calibracao,Hardware,0.26903186517715366,baixa,True,desviado_para_pessoa,False,desviado_para_pessoa
R1125,fora_do_escopo,portugues,Minha encomenda foi enviada para outra cidade na transação mais recente.,fora_do_escopo,sintetico_gerado_por_IA,minha encomenda foi enviada para outra cidade na transacao mais recente,medicao,Hardware,0.26903186517715366,baixa,True,desviado_para_pessoa,False,desviado_para_pessoa
R1126,fora_do_escopo,portugues,Minha encomenda foi enviada para outra cidade no contrato do cliente.,fora_do_escopo,sintetico_gerado_por_IA,minha encomenda foi enviada para outra cidade no contrato do cliente,calibracao,Hardware,0.24503557220980995,baixa,True,desviado_para_pessoa,False,desviado_para_pessoa
R1127,fora_do_escopo,portugues,Preciso alterar a forma de pagamento do pedido na compra desta semana.,fora_do_escopo,sintetico_gerado_por_IA,preciso alterar a forma de pagamento do pedido na compra desta semana,medicao,Hardware,0.340533759047579,baixa,True,desviado_para_pessoa,False,desviado_para_pessoa
R1128,fora_do_escopo,portugues,Preciso alterar a forma de pagamento do pedido no pedido feito pelo aplicativo.,fora_do_escopo,sintetico_gerado_por_IA,preciso alterar a forma de pagamento do pedido no pedido feito pelo aplicativo,medicao,Hardware,0.3707503163408155,baixa,True,desviado_para_pessoa,False,desviado_para_pessoa
R1129,fora_do_escopo,portugues,Preciso alterar a forma de pagamento do pedido na conta usada pela família.,fora_do_escopo,sintetico_gerado_por_IA,preciso alterar a forma de pagamento do pedido na conta usada pela familia,medicao,Hardware,0.340533759047579,baixa,True,desviado_para_pessoa,False,desviado_para_pessoa
R1130,fora_do_escopo,portugues,Preciso alterar a forma de pagamento do pedido durante o atendimento da loja.,fora_do_escopo,sintetico_gerado_por_IA,preciso alterar a forma de pagamento do pedido durante o atendimento da loja,medicao,Hardware,0.340533759047579,baixa,True,desviado_para_pessoa,False,desviado_para_pessoa
R1131,fora_do_escopo,portugues,Preciso alterar a forma de pagamento do pedido na transação mais recente.,fora_do_escopo,sintetico_gerado_por_IA,preciso alterar a forma de pagamento do pedido na transacao mais recente,calibracao,Hardware,0.340533759047579,baixa,True,desviado_para_pessoa,False,desviado_para_pessoa
R1132,fora_do_escopo,portugues,Preciso alterar a forma de pagamento do pedido no contrato do cliente.,fora_do_escopo,sintetico_gerado_por_IA,preciso alterar a forma de pagamento do pedido no contrato do cliente,calibracao,Hardware,0.3135763826637208,baixa,True,desviado_para_pessoa,False,desviado_para_pessoa
R1133,fora_do_escopo,portugues,O prazo de devolução informado está incorreto na compra desta semana.,fora_do_escopo,sintetico_gerado_por_IA,o prazo de devolucao informado esta incorreto na compra desta semana,calibracao,Hardware,0.6095290858648417,alta,True,desviado_para_pessoa,False,desviado_para_pessoa
R1134,fora_do_escopo,portugues,O prazo de devolução informado está incorreto no pedido feito pelo aplicativo.,fora_do_escopo,sintetico_gerado_por_IA,o prazo de devolucao informado esta incorreto no pedido feito pelo aplicativo,medicao,Hardware,0.5901511244929074,alta,True,desviado_para_pessoa,False,desviado_para_pessoa
R1135,fora_do_escopo,portugues,O prazo de devolução informado está incorreto na conta usada pela família.,fora_do_escopo,sintetico_gerado_por_IA,o prazo de devolucao informado esta incorreto na conta usada pela familia,medicao,Hardware,0.6095290858648417,alta,True,desviado_para_pessoa,False,desviado_para_pessoa
R1136,fora_do_escopo,portugues,O prazo de devolução informado está incorreto durante o atendimento da loja.,fora_do_escopo,sintetico_gerado_por_IA,o prazo de devolucao informado esta incorreto durante o atendimento da loja,medicao,Hardware,0.6095290858648417,alta,True,desviado_para_pessoa,False,desviado_para_pessoa
R1137,fora_do_escopo,portugues,O prazo de devolução informado está incorreto na transação mais recente.,fora_do_escopo,sintetico_gerado_por_IA,o prazo de devolucao informado esta incorreto na transacao mais recente,medicao,Hardware,0.6095290858648417,alta,True,desviado_para_pessoa,False,desviado_para_pessoa
R1138,fora_do_escopo,portugues,O prazo de devolução informado está incorreto no contrato do cliente.,fora_do_escopo,sintetico_gerado_por_IA,o prazo de devolucao informado esta incorreto no contrato do cliente,calibracao,Hardware,0.4185762603667325,baixa,True,desviado_para_pessoa,False,desviado_para_pessoa
R1139,fora_do_escopo,portugues,A garantia comercial não foi respeitada na compra desta semana.,fora_do_escopo,sintetico_gerado_por_IA,a garantia comercial nao foi respeitada na compra desta semana,medicao,Hardware,0.2696593905367138,baixa,True,desviado_para_pessoa,False,desviado_para_pessoa
R1140,fora_do_escopo,portugues,A garantia comercial não foi respeitada no pedido feito pelo aplicativo.,fora_do_escopo,sintetico_gerado_por_IA,a garantia comercial nao foi respeitada no pedido feito pelo aplicativo,medicao,Hardware,0.3370263151271268,baixa,True,desviado_para_pessoa,False,desviado_para_pessoa
R1141,fora_do_escopo,portugues,A garantia comercial não foi respeitada na conta usada pela família.,fora_do_escopo,sintetico_gerado_por_IA,a garantia comercial nao foi respeitada na conta usada pela familia,medicao,Hardware,0.2696593905367138,baixa,True,desviado_para_pessoa,False,desviado_para_pessoa
R1142,fora_do_escopo,portugues,A garantia comercial não foi respeitada durante o atendimento da loja.,fora_do_escopo,sintetico_gerado_por_IA,a garantia comercial nao foi respeitada durante o atendimento da loja,medicao,Hardware,0.2696593905367138,baixa,True,desviado_para_pessoa,False,desviado_para_pessoa
R1143,fora_do_escopo,portugues,A garantia comercial não foi respeitada na transação mais recente.,fora_do_escopo,sintetico_gerado_por_IA,a garantia comercial nao foi respeitada na transacao mais recente,calibracao,Hardware,0.2696593905367138,baixa,True,desviado_para_pessoa,False,desviado_para_pessoa
R1144,fora_do_escopo,portugues,A garantia comercial não foi respeitada no contrato do cliente.,fora_do_escopo,sintetico_gerado_por_IA,a garantia comercial nao foi respeitada no contrato do cliente,calibracao,Hardware,0.2328612474138704,baixa,True,desviado_para_pessoa,False,desviado_para_pessoa
R1145,fora_do_escopo,portugues,Quero registrar queixa sobre propaganda enganosa na compra desta semana.,fora_do_escopo,sintetico_gerado_por_IA,quero registrar queixa sobre propaganda enganosa na compra desta semana,medicao,Hardware,0.2587583003188759,baixa,True,desviado_para_pessoa,False,desviado_para_pessoa
R1146,fora_do_escopo,portugues,Quero registrar queixa sobre propaganda enganosa no pedido feito pelo aplicativo.,fora_do_escopo,sintetico_gerado_por_IA,quero registrar queixa sobre propaganda enganosa no pedido feito pelo aplicativo,calibracao,Hardware,0.2987487570740277,baixa,True,desviado_para_pessoa,False,desviado_para_pessoa
R1147,fora_do_escopo,portugues,Quero registrar queixa sobre propaganda enganosa na conta usada pela família.,fora_do_escopo,sintetico_gerado_por_IA,quero registrar queixa sobre propaganda enganosa na conta usada pela familia,medicao,Hardware,0.2587583003188759,baixa,True,desviado_para_pessoa,False,desviado_para_pessoa
R1148,fora_do_escopo,portugues,Quero registrar queixa sobre propaganda enganosa durante o atendimento da loja.,fora_do_escopo,sintetico_gerado_por_IA,quero registrar queixa sobre propaganda enganosa durante o atendimento da loja,calibracao,Hardware,0.2587583003188759,baixa,True,desviado_para_pessoa,False,desviado_para_pessoa
R1149,fora_do_escopo,portugues,Quero registrar queixa sobre propaganda enganosa na transação mais recente.,fora_do_escopo,sintetico_gerado_por_IA,quero registrar queixa sobre propaganda enganosa na transacao mais recente,calibracao,Hardware,0.2587583003188759,baixa,True,desviado_para_pessoa,False,desviado_para_pessoa
R1150,fora_do_escopo,portugues,Quero registrar queixa sobre propaganda enganosa no contrato do cliente.,fora_do_escopo,sintetico_gerado_por_IA,quero registrar queixa sobre propaganda enganosa no contrato do cliente,calibracao,Hardware,0.23879670297872957,baixa,True,desviado_para_pessoa,False,desviado_para_pessoa
R1151,fora_do_escopo,portugues,O pacote chegou aberto e sem o produto na compra desta semana.,fora_do_escopo,sintetico_gerado_por_IA,o pacote chegou aberto e sem o produto na compra desta semana,calibracao,Hardware,0.2696593905367138,baixa,True,desviado_para_pessoa,False,desviado_para_pessoa
R1152,fora_do_escopo,portugues,O pacote chegou aberto e sem o produto no pedido feito pelo aplicativo.,fora_do_escopo,sintetico_gerado_por_IA,o pacote chegou aberto e sem o produto no pedido feito pelo aplicativo,medicao,Hardware,0.3370263151271268,baixa,True,desviado_para_pessoa,False,desviado_para_pessoa
R1153,fora_do_escopo,portugues,O pacote chegou aberto e sem o produto na conta usada pela família.,fora_do_escopo,sintetico_gerado_por_IA,o pacote chegou aberto e sem o produto na conta usada pela familia,calibracao,Hardware,0.2696593905367138,baixa,True,desviado_para_pessoa,False,desviado_para_pessoa
R1154,fora_do_escopo,portugues,O pacote chegou aberto e sem o produto durante o atendimento da loja.,fora_do_escopo,sintetico_gerado_por_IA,o pacote chegou aberto e sem o produto durante o atendimento da loja,medicao,Hardware,0.2696593905367138,baixa,True,desviado_para_pessoa,False,desviado_para_pessoa
R1155,fora_do_escopo,portugues,O pacote chegou aberto e sem o produto na transação mais recente.,fora_do_escopo,sintetico_gerado_por_IA,o pacote chegou aberto e sem o produto na transacao mais recente,calibracao,Hardware,0.2696593905367138,baixa,True,desviado_para_pessoa,False,desviado_para_pessoa
R1156,fora_do_escopo,portugues,O pacote chegou aberto e sem o produto no contrato do cliente.,fora_do_escopo,sintetico_gerado_por_IA,o pacote chegou aberto e sem o produto no contrato do cliente,calibracao,Hardware,0.2328612474138704,baixa,True,desviado_para_pessoa,False,desviado_para_pessoa
R1157,fora_do_escopo,portugues,A renovação automática ocorreu sem aviso na compra desta semana.,fora_do_escopo,sintetico_gerado_por_IA,a renovacao automatica ocorreu sem aviso na compra desta semana,medicao,Hardware,0.2696593905367138,baixa,True,desviado_para_pessoa,False,desviado_para_pessoa
R1158,fora_do_escopo,portugues,A renovação automática ocorreu sem aviso no pedido feito pelo aplicativo.,fora_do_escopo,sintetico_gerado_por_IA,a renovacao automatica ocorreu sem aviso no pedido feito pelo aplicativo,medicao,Hardware,0.3370263151271268,baixa,True,desviado_para_pessoa,False,desviado_para_pessoa
R1159,fora_do_escopo,portugues,A renovação automática ocorreu sem aviso na conta usada pela família.,fora_do_escopo,sintetico_gerado_por_IA,a renovacao automatica ocorreu sem aviso na conta usada pela familia,medicao,Hardware,0.2696593905367138,baixa,True,desviado_para_pessoa,False,desviado_para_pessoa
R1160,fora_do_escopo,portugues,A renovação automática ocorreu sem aviso durante o atendimento da loja.,fora_do_escopo,sintetico_gerado_por_IA,a renovacao automatica ocorreu sem aviso durante o atendimento da loja,calibracao,Hardware,0.2696593905367138,baixa,True,desviado_para_pessoa,False,desviado_para_pessoa
R1161,fora_do_escopo,portugues,A renovação automática ocorreu sem aviso na transação mais recente.,fora_do_escopo,sintetico_gerado_por_IA,a renovacao automatica ocorreu sem aviso na transacao mais recente,calibracao,Hardware,0.2696593905367138,baixa,True,desviado_para_pessoa,False,desviado_para_pessoa
R1162,fora_do_escopo,portugues,A renovação automática ocorreu sem aviso no contrato do cliente.,fora_do_escopo,sintetico_gerado_por_IA,a renovacao automatica ocorreu sem aviso no contrato do cliente,calibracao,Hardware,0.2328612474138704,baixa,True,desviado_para_pessoa,False,desviado_para_pessoa
R1163,fora_do_escopo,portugues,Preciso da segunda via da nota fiscal da compra na compra desta semana.,fora_do_escopo,sintetico_gerado_por_IA,preciso da segunda via da nota fiscal da compra na compra desta semana,medicao,Hardware,0.3911902291612904,baixa,True,desviado_para_pessoa,False,desviado_para_pessoa
R1164,fora_do_escopo,portugues,Preciso da segunda via da nota fiscal da compra no pedido feito pelo aplicativo.,fora_do_escopo,sintetico_gerado_por_IA,preciso da segunda via da nota fiscal da compra no pedido feito pelo aplicativo,medicao,Hardware,0.41384101409927365,baixa,True,desviado_para_pessoa,False,desviado_para_pessoa
R1165,fora_do_escopo,portugues,Preciso da segunda via da nota fiscal da compra na conta usada pela família.,fora_do_escopo,sintetico_gerado_por_IA,preciso da segunda via da nota fiscal da compra na conta usada pela familia,calibracao,Hardware,0.3911902291612904,baixa,True,desviado_para_pessoa,False,desviado_para_pessoa
R1166,fora_do_escopo,portugues,Preciso da segunda via da nota fiscal da compra durante o atendimento da loja.,fora_do_escopo,sintetico_gerado_por_IA,preciso da segunda via da nota fiscal da compra durante o atendimento da loja,calibracao,Hardware,0.3911902291612904,baixa,True,desviado_para_pessoa,False,desviado_para_pessoa
R1167,fora_do_escopo,portugues,Preciso da segunda via da nota fiscal da compra na transação mais recente.,fora_do_escopo,sintetico_gerado_por_IA,preciso da segunda via da nota fiscal da compra na transacao mais recente,medicao,Hardware,0.3911902291612904,baixa,True,desviado_para_pessoa,False,desviado_para_pessoa
R1168,fora_do_escopo,portugues,Preciso da segunda via da nota fiscal da compra no contrato do cliente.,fora_do_escopo,sintetico_gerado_por_IA,preciso da segunda via da nota fiscal da compra no contrato do cliente,calibracao,Hardware,0.3400113931957464,baixa,True,desviado_para_pessoa,False,desviado_para_pessoa
