record_id,language,true_label,prediction,correct,score,token_count,matched_token_count,token_coverage,feature_count,matched_feature_count,feature_coverage,nnz
1c967a6f02d495e96a9c3a7491939dba6a9d850b2dc3b4c9cf3c076ed24676f0,en,Access,Miscellaneous,False,0.2901051906150949,34,34,1.0,67,64,0.9552238805970149,50
81afc0c423a331d03860cad5a51a297d1e879a43084e3a87973f3b68f035c0e9,en,Access,Access,True,0.9800261352548169,16,16,1.0,31,27,0.8709677419354839,21
630a06c5f51d4ad70702288d27191a137d134554a9c6dc6585cb83279656a48b,en,Access,Administrative rights,False,0.44378723643584683,32,32,1.0,63,49,0.7777777777777778,38
31a87b75bf5dab27c0e59c43c3a638356e1fad7d404a74c523e5795bceafb5ac,en,Access,Access,True,0.8088120451678864,50,50,1.0,99,92,0.9292929292929293,88
d7abaa0db4c03c0822d552cef024ccedc47e54dd1472ed207283cbcdb09b9ff0,en,Access,Access,True,0.9954320270766349,23,23,1.0,45,43,0.9555555555555556,40
6114a8c2f68f3fc2c77347aa3e0135da73028f8f0190a2d0a530f9971b3a0803,en,Access,Access,True,0.8765376915008152,22,22,1.0,43,37,0.8604651162790697,29
7d878265dd59abd39616bc4026effc5732bf0730cfb1c2ae4d74be586548d766,en,Access,Access,True,0.4189397279394596,128,125,0.9765625,255,172,0.6745098039215687,138
ef1b1ed5010d3a1812504a2c9a14403759fd07154935827bdd69517d8b1d4e30,en,Access,Access,True,0.7811058374206775,151,151,1.0,301,224,0.7441860465116279,167
78f5960d469606ed81b9575b87d3584b7ba66d6dc19c9b07fabf2a951e5cf787,en,Access,Access,True,0.6509174273390805,15,15,1.0,29,27,0.9310344827586207,23
087c6e06bb2f00ad7535b48ac9c5be37969675e0150e3f98bf5c6f36d584b9c6,en,Access,Access,True,0.6993918807274901,32,32,1.0,63,57,0.9047619047619048,51
4637312bb5e15fe6da36e46429d4e3b983b573fc93cfa59c50d32a92c9eb94ad,en,Access,Access,True,0.999942912270265,10,10,1.0,19,19,1.0,17
4a1c8865d4e2a6a96c4cfa75358d460fc1ef4967192ea946154ece2c411cd86c,en,Access,Access,True,0.9065540333703169,43,43,1.0,85,59,0.6941176470588235,44
009079480fbcba18310a342e50a85cbc3946a283658e4ed5251351a35d483298,en,Access,Access,True,0.8704008693672987,11,11,1.0,21,14,0.6666666666666666,14
7800f2e66db49c4773cf86fbb212ab3afeab48398307cfa22f8566f4fa7dbc97,en,Access,Miscellaneous,False,0.8090675469024095,24,24,1.0,47,47,1.0,44
ddab15b2ceb4fba8521524dd9d937a2d0d0e29a0ab9b8796d6cc3d045ce02358,en,Access,HR Support,False,0.6088473974376186,29,29,1.0,57,47,0.8245614035087719,42
fa29bb13ade7aa9f41c0b8c1c7fe35d87869d9b321264a922ed7d35c18fd6f8e,en,Access,HR Support,False,0.3667581632054706,15,15,1.0,29,25,0.8620689655172413,25
31a4affb30a93c1085ee849fe0b70b33cd9d326ce03b6aae41616f551dc4e6df,en,Access,Access,True,0.47396679325348434,62,62,1.0,123,114,0.926829268292683,108
bf582f594160ddd88f237fd5e773d6483f34f5b7d08f38143084ac191be53d49,en,Access,Access,True,0.974918270195237,50,50,1.0,99,95,0.9595959595959596,68
1bc13c7f8fecbc111d1038beb12ffd4bb8f086ddc21641a540100111d5f7ca47,en,Access,Access,True,0.9601528655448134,80,80,1.0,159,136,0.8553459119496856,90
74f6835b33a12a08a5a1e393a01ceca83fd6c4ba542017e224581a7d71535741,en,Access,HR Support,False,0.5343041228398638,15,15,1.0,29,26,0.896551724137931,25
fe331f70a9f002d6b60006e1d03a19e8d31f74e82129630c3db1931329ecfde6,en,Access,Access,True,0.9812896777457663,16,16,1.0,31,28,0.9032258064516129,17
911e728964cade95a0620e842e35a48e0cd2f3bfc9f0da0a1d261b74f72f3645,en,Access,Access,True,0.9794454847184448,9,9,1.0,17,13,0.7647058823529411,12
f8bef4fdb0d49a26314fc6931a3b376181f6ce04f89b6cdedb2c533fe649119a,en,Access,Access,True,0.6682781171083859,65,65,1.0,129,115,0.8914728682170543,89
889209a9f045b94b5f37e2a4e5b090805513056c94e2cd33621227133b3320fe,en,Access,Access,True,0.9426582892099721,25,25,1.0,49,40,0.8163265306122449,38
a3dbae99e6ed170ef3878d7341c7eda5be4158c79ef8c1485696ca6d56de38ef,en,Access,Access,True,0.900258888332764,23,23,1.0,45,43,0.9555555555555556,38
6d6548f709abcf1d1cc2854191a28ec12f95598fd317a34bb564370da538f484,en,Access,Access,True,0.885305034241779,33,33,1.0,65,61,0.9384615384615385,58
65ead4b8641e6a7c4f40200a66279706c9f168677a46b6aa5108a7357fd84059,en,Access,Access,True,0.9736095150504585,4,4,1.0,7,7,1.0,7
40c2bfa8706200a530f140eaf67ee7bb12c1c534a30214affc52e31770daf4f4,en,Access,Access,True,0.8567927080331531,10,10,1.0,19,18,0.9473684210526315,16
f1205d6e5cd2b0a0623d1be0f0028731a973e88c18799f7af83cd73b1a52fd7d,en,Access,Access,True,0.48784113300660037,58,58,1.0,115,98,0.8521739130434782,66
f691e23bf710938b5c920a98c96ce9e21761882355e62b0919b822e025eff8e0,en,Access,Access,True,0.9556856461487313,27,27,1.0,53,47,0.8867924528301887,46
006eba2fd09bf2f138febb564fbe838abb78972a274436413dbaf8489fc4402c,en,Access,Access,True,0.4852229374069485,17,17,1.0,33,28,0.8484848484848485,25
3f8c4129691dc385e422064b9a526a05338af88756e38916b19755bb04133780,en,Access,Hardware,False,0.5337268188639279,16,16,1.0,31,27,0.8709677419354839,21
30be61db20eb5efe5f3c88b7a1060e4ac4e6d7c3aae5213fc3e2f37fcc81277f,en,Access,Access,True,0.8565040041720803,12,12,1.0,23,21,0.9130434782608695,18
7d8614d9886169532bda342372d6286f7f8fb5fca8e44eab6392e943fd61205a,en,Access,Access,True,0.3703051266293328,19,19,1.0,37,29,0.7837837837837838,24
d0aceddf407acdcc4d3bf1705fcf0c724e679f1359d0a9499ad6208b77e63e37,en,Access,Hardware,False,0.4896727059596528,137,137,1.0,273,239,0.8754578754578755,168
bd638e5bb8d0291873544e2c723b48021957f6872de1414bd7c9bea45ba9b731,en,Access,Access,True,0.701342565643648,28,28,1.0,55,34,0.6181818181818182,31
59558c83f0e13baf792198b2031892ca81c08be3edf020e97855817ac717c612,en,Access,Hardware,False,0.3797336462694337,22,22,1.0,43,37,0.8604651162790697,34
ebb90c5997ea509f2089dc75e86722cb1779fdeea63522df7026b08218266779,en,Access,Access,True,0.9825616753211349,15,15,1.0,29,26,0.896551724137931,23
1df37167e2260c22c02c184b5235acba3b25456c5b2d5382c5a1273a47e82064,en,Access,Access,True,0.9052897446565199,18,18,1.0,35,27,0.7714285714285715,25
27e31d7a1638e593ef5fce14ab3796424a1038a5d4192835d86f500f17bbe75b,en,Access,Access,True,0.46235706860968795,17,17,1.0,33,25,0.7575757575757576,25
cc3f5f13a4a5f28aa908175789c5660e641a5639c9c11949ca0060080982e14d,en,Access,Access,True,0.9969219785622296,37,37,1.0,73,61,0.8356164383561644,46
7c866d079b92f0d67feebe3faed5b4e525cbf35c6cd5f30c8e14541a9b1fbc18,en,Access,Access,True,0.5143763261841078,47,47,1.0,93,71,0.7634408602150538,61
fca94e8fe8a956075b211f47d8b772a943f6413279887a2c7bc683a732109cce,en,Access,Access,True,0.9977931044454722,11,11,1.0,21,21,1.0,17
54b7d4faca117bc46293ca40166d518b04d736987375e34c0dfd6edcd0f8e750,en,Access,Access,True,0.8137803378430644,22,22,1.0,43,35,0.813953488372093,34
fe27ebee3368e391a0f23f5d46acf3f8351527980c2ce1e1a91a27bc92bbeff3,en,Access,Access,True,0.8018405729333119,11,11,1.0,21,14,0.6666666666666666,14
f08f3d3bd6ce35435edf0acede1ae4e2043203ff71a7998196a47729754012af,en,Access,Access,True,0.9929144017395606,50,50,1.0,99,97,0.9797979797979798,77
c35b983445402d88f8f7ce5df857172d9e147e4746b72e1480cab8340bfca06d,en,Access,Access,True,0.5751331291268558,33,33,1.0,65,60,0.9230769230769231,58
cc7ec00763941a190e9e843aca38bdb13d0ef4697cf79c43f94cc75b9339fd3e,en,Access,Access,True,0.33269954725878864,21,21,1.0,41,40,0.975609756097561,38
11b8ec19269200e0b2a123ed3246d02fe3775b5d34b6299c927ec598e8eede5e,en,Access,Access,True,0.9613612046821866,10,10,1.0,19,17,0.8947368421052632,16
138a6e9df799c70d840a303b20546667755f143105226fc854230e649e1fb720,en,Access,Access,True,0.9988164669234496,21,21,1.0,41,34,0.8292682926829268,25
ef1c3335cd9a0f71d8720341ac4ef96bac741e94c2e7c16a9ec2148eacf6f8a0,en,Access,Access,True,0.6911497308205928,11,11,1.0,21,21,1.0,21
01b013bf7b5e8480e8c847775d34ca78a20bef11cffe92650d1184c586890ceb,en,Access,Internal Project,False,0.8742195184465039,93,93,1.0,185,162,0.8756756756756757,115
aa92cc2585b2f4f1fdafe7e0de22bbed462567226b276760819bfd2a519f83cf,en,Access,Access,True,0.9688567582382931,11,11,1.0,21,20,0.9523809523809523,17
c15d5c71043a7e4b54819a5076b12a4c3a6d885bb5deba6578ca16dfdca64aee,en,Access,Access,True,0.9889906125722755,18,18,1.0,35,32,0.9142857142857143,30
05e04ca8018a5a0c2b079b95af67269d564b639ccacbbf1fd3519b59f9bfafdd,en,Access,Access,True,0.9999980468546542,8,7,0.875,15,9,0.6,8
af5d1f5ce76a4a1711d5dbeb87b5b4847a4c0a38fd3195d67e77be3a5a969067,en,Access,Access,True,0.8913255092148988,13,13,1.0,25,25,1.0,24
19a4d6e3f9a723e5bd8606cdc854277bbf2879bfda6d12d208bc139327eda8fd,en,Access,Hardware,False,0.7167409046613454,41,40,0.975609756097561,81,66,0.8148148148148148,54
2400b9cf2a5bfeaca9b5cbdcd2cc227b4eaf3046739539f087f96813bc207b48,en,Access,Access,True,0.4573332329841722,13,13,1.0,25,23,0.92,21
c9fabe687c4756b55811a7a67795c31a737104b9ab66d03c9b10c17cf0c4146e,en,Access,Access,True,0.4368510596744973,22,22,1.0,43,27,0.627906976744186,23
188e963744a1ad3dcd5742b0d99b25fa61908186f6cdb0b1ddcff0ce1d35fdf6,en,Access,Miscellaneous,False,0.7549786526596772,16,16,1.0,31,24,0.7741935483870968,21
f6b4f4b2441ecbb4ca245a6e309357b44f60ea8f83e929898ae19d586109e779,en,Access,Access,True,0.9780803590600113,34,34,1.0,67,57,0.8507462686567164,44
ca556c8dbe72f0d6363a2bea971d2063c63d85e7883512aaf21f6fbe30c5aea6,en,Access,Access,True,0.7396282701680124,84,82,0.9761904761904762,167,145,0.8682634730538922,112
b389798809474c9b33e31525ed598dcf92a11229e4d10fcfbbb7182825823b0c,en,Access,Access,True,0.8925136994426736,20,20,1.0,39,27,0.6923076923076923,21
53c7646a1ca19a24a4db43cd961bf6c6542e288540effdc709726b199f243b57,en,Access,Hardware,False,0.5626445822764015,70,69,0.9857142857142858,139,128,0.920863309352518,114
c076cb98d23aac8a8b92d5130a1f7020c79f128ebe1b1c55161d14ea48304532,en,Access,Access,True,0.6881114317380113,31,31,1.0,61,49,0.8032786885245902,47
c950115ac3d02111adf1a28a53c2e1eeed9addbf8711ce83a74271f26637637b,en,Access,Access,True,0.984016360583429,22,22,1.0,43,33,0.7674418604651163,30
9bb2af155cd37c6b18f51af15fdc911471737b0bef9b598db94893e0afd6b5e8,en,Access,Access,True,0.9791026014197924,25,25,1.0,49,45,0.9183673469387755,35
042c40b437d9125b8da8a1c9c08d892ee7c13d3cc4e341826c3746929af53ca6,en,Access,Access,True,0.8450215650471858,24,24,1.0,47,38,0.8085106382978723,34
abafc50beb2f2f1c9b6b7c9c4e999833b2f401844cc9a520d71dce3ca380f034,en,Access,Access,True,0.6300740233953751,20,20,1.0,39,34,0.8717948717948718,33
5d6e70022bf1e50e74a430bd3e3b84a5fd54fc5c5069c0c5da6053e72c83ea23,en,Access,Access,True,0.9970721913632439,14,14,1.0,27,26,0.9629629629629629,24
027786365e259accfda6ad9510c1f80d50f00c491f4386fd9cdba0269c9b8cbd,en,Access,Access,True,0.4225566547911963,9,9,1.0,17,17,1.0,17
4190d4aeea518fe6b287ec1113ebc4e4c5e27b1f5590f55d3d4e9986c9b017f4,en,Access,Access,True,0.913488468193156,233,232,0.9957081545064378,465,356,0.7655913978494624,232
a85986db8375745205f0c4f790b6b8993c753f79b55e82058e742a3b14def77d,en,Access,Access,True,0.6818926761105176,12,12,1.0,23,20,0.8695652173913043,4
9805e0368f5b38f9eead9b89406550abcae3cd7ff83c4455e466d238f54f24c8,en,Access,Access,True,0.9794818208667306,26,26,1.0,51,45,0.8823529411764706,31
00a9d01678d962b72a858093bdb720dc3e1f110d4c9cd88ef454a1e09d3f3b59,en,Access,Access,True,0.9836910237616466,17,17,1.0,33,31,0.9393939393939394,29
ea13538e9e981c70ccd6bb52ae0d4f8429cddc8386bcf9bc2abf6d89b67f63c8,en,Access,Access,True,0.43816980145263307,15,15,1.0,29,27,0.9310344827586207,27
1840493832574bda60e04f52a624a1868243df8b0d18e78d44eab3946910d0ed,en,Access,Access,True,0.9994449355092964,15,15,1.0,29,21,0.7241379310344828,19
13a9150e767d620c3c120e0dc7336accd58556fd42929a0b0e18fdec6ab8da38,en,Access,Access,True,0.6575606105690747,18,18,1.0,35,28,0.8,26
711067e26f6dabcd1220fd0c63f04ced67739e81b397402d1b93a1efb89caafe,en,Access,Access,True,0.9125631976255143,14,14,1.0,27,27,1.0,25
db78f4fe141c0a30f501c068a157f0a3c6d8ae9f92ab271753d932fc8f14c597,en,Access,Access,True,0.9966064764965848,7,7,1.0,13,13,1.0,13
1500e8695c71e69781e8b422b7cca8a667d66ce4ee7c911d0ce946508e5ac5f7,en,Access,Access,True,0.9676480682366629,67,67,1.0,133,125,0.9398496240601504,93
3aad34456d88d5b8fed258bda50345d7f1eeb6575aabf8bc63243ded10d739e7,en,Access,Access,True,0.757637902831984,15,15,1.0,29,24,0.8275862068965517,17
b373ab34b9eccac2ff22a4f6ab1839fc747f0fe88b0ee77705d75f47cb6f1563,en,Access,Access,True,0.999940769368407,15,15,1.0,29,29,1.0,25
63c4066acbdaa8f46918e07ae3c1eb56a596875ffaf65c499a24734433b616b5,en,Access,Hardware,False,0.2395500701341042,38,38,1.0,75,65,0.8666666666666667,57
3fc4dfeec6d353e57c9661339f61bbc5a7f3395ed16ac4b4a39ae76ebbaddd1b,en,Access,Access,True,0.9951278595463026,16,16,1.0,31,31,1.0,29
407d4f4d223f038cb77da1b1de6f4a67121d8193c789dc8a5205de18ddf43d4c,en,Access,Miscellaneous,False,0.8590565863801924,19,19,1.0,37,27,0.7297297297297297,23
de950a8d7a849810eb694b01634360fd189772ac53317a3c0bf25e73573173c2,en,Access,Access,True,0.8092363913363669,51,51,1.0,101,93,0.9207920792079208,76
9744732252f19d7ce0ee95d739d6da4533b6a5064aab5a76d4457788bab3d752,en,Access,Access,True,0.6095092977382843,65,65,1.0,129,122,0.9457364341085271,110
16ea2be2c24287e37767e258803661f4a491d2615bbd0b058be1840d6d410af7,en,Access,Access,True,0.7475265774912953,25,25,1.0,49,43,0.8775510204081632,41
403205324b084b8c7124e999d6e3272ac515beb4991f26b2c4aa73941c564b59,en,Access,Access,True,0.6927381699983962,19,19,1.0,37,32,0.8648648648648649,29
c070d73897075073bb83f02939fee03d1820bd83d5e6aee05e55e919ac970294,en,Access,Access,True,0.9977944873653533,22,22,1.0,43,42,0.9767441860465116,29
887333403e58b2f5cfce9383effe149bea394365e805aae3444ab2d05286c1af,en,Access,Access,True,0.9806049651148934,30,30,1.0,59,44,0.7457627118644068,40
25bcefd0f427311bc86a4e928d18c1e79d43736ebbc1b949c2a16211d6b84cfa,en,Access,Access,True,0.8757239776247004,19,19,1.0,37,35,0.9459459459459459,25
6f4fecbce1d8283ea6916b4dc567a1d3a109dc444f55ac28eec5aa433c330fef,en,Access,Access,True,0.5066612109462693,26,25,0.9615384615384616,51,44,0.8627450980392157,34
1692914b28f9764f5e73d406e6372242afcbf979e0200bdecffd378fab0634e6,en,Access,HR Support,False,0.5798568834856105,46,46,1.0,91,85,0.9340659340659341,78
0e62d005c47f5a71631596a7faffde6db0c8154a51e3b07fc77e00fe0cf5f011,en,Access,Access,True,0.9688365985245798,15,15,1.0,29,25,0.8620689655172413,23
997ce0b830123817184a939b03c54a9a7ca1445970e60b232bfb6ba0ea8be7fe,en,Access,Miscellaneous,False,0.3167401259083094,15,15,1.0,29,20,0.6896551724137931,14
9a2903a0477dfa7f1293996f25526bdb61c5e7c5c8d13ed5d4434d375129b346,en,Access,Access,True,0.9849370846352736,26,26,1.0,51,43,0.8431372549019608,39
8c7591128de922518a31dab8f8c5b88e300262f1b134ab94521e267cc81b1d48,en,Access,Administrative rights,False,0.5601861307416769,32,32,1.0,63,46,0.7301587301587301,36
69f51d623b724be5d63ca63fcd439d8728590d58a1b7ece0b0eb21ac17175346,en,Access,Access,True,0.418590900756988,34,34,1.0,67,66,0.9850746268656716,51
9d364042e8625a60a9b6ea58bdab6db33fb9b4ba61f23d01af587821b7b59b69,en,Administrative rights,Administrative rights,True,0.9226971052070231,38,38,1.0,75,62,0.8266666666666667,54
421ed1a1ee5103c1b3208864004af6600b2fb688d39aeb1daf1228a73099a8f9,en,Administrative rights,Administrative rights,True,0.8924585144477742,22,22,1.0,43,37,0.8604651162790697,34
8692955a7f1a898394f09ad946dd13d9a5cc1d8826ce669b5592d8d904fe1321,en,Administrative rights,Administrative rights,True,0.7990960685708648,39,39,1.0,77,55,0.7142857142857143,34
614d4d771fda2d273157517aef2adcacec5f57802e1dfcfdb5336ede1e28027d,en,Administrative rights,Storage,False,0.5115116035450576,21,21,1.0,41,32,0.7804878048780488,27
8eab71bb5bf84f170244bc86ecb53ac22c6bce2ea224660ab926d6a2ca0332a5,en,Administrative rights,Hardware,False,0.6397134300033385,25,25,1.0,49,41,0.8367346938775511,29
53634095625589d0ceb5160df552a92321852c708d6bc651160f7808257133e9,en,Administrative rights,Administrative rights,True,0.5709917022674968,30,29,0.9666666666666667,59,47,0.7966101694915254,36
9a0d6e036fdceb6434ee0c3f73f537acdd7dd921d04905967d96d062fc783a13,en,Administrative rights,Administrative rights,True,0.8665338766358023,31,31,1.0,61,51,0.8360655737704918,44
9f50696cfbf34c54982b56e4392b20eba2e7af9edd5f245e5eb392b38eecba52,en,Administrative rights,Administrative rights,True,0.7780430605407848,13,13,1.0,25,23,0.92,22
18cdc855719dbe05d7204e22008e727afd4a7de9ff452e853762242e0bede9fe,en,Administrative rights,Administrative rights,True,0.7257410562922939,80,80,1.0,159,144,0.9056603773584906,116
ff6e37069787acdcb2df9e6f04c2619f501db1b47577edea488b7a0109d46ff4,en,Administrative rights,Administrative rights,True,0.8287080671503734,34,33,0.9705882352941176,67,45,0.6716417910447762,43
01c387cf98a2e446f26fba25109b465d2b40eda75e7297cf4fb95badab8d8d11,en,Administrative rights,Administrative rights,True,0.6636790079793355,40,39,0.975,79,51,0.6455696202531646,43
9eebb2c42913ae124ed0f0d56bfb02def82e3db643f13d590f2e59c171d505d0,en,Administrative rights,Administrative rights,True,0.9985894108203249,99,99,1.0,197,188,0.9543147208121827,160
fe6449940885080b5100c2b76f02dfb256fb7646dd84f8c6a5714caef183147a,en,Administrative rights,Administrative rights,True,0.9538610983830192,151,150,0.9933774834437086,301,252,0.8372093023255814,176
81bdda54a3e52c73e8a55f714d8619a14f24109a5c59cbf7198145dd76bd4723,en,Administrative rights,Administrative rights,True,0.4450277408715897,12,12,1.0,23,22,0.9565217391304348,21
31b5d9ebfd624451ad9b8a914db51226c6f6313bb6d6db3fa9f9f35eb5e886ce,en,Administrative rights,Hardware,False,0.7276336987732189,13,13,1.0,25,19,0.76,17
fc0e5d935e8df32e545bae79c8d2f30e82f32c23fd65ce82dab06d9ee15ba55f,en,Administrative rights,Administrative rights,True,0.6694011712179383,41,41,1.0,81,63,0.7777777777777778,56
fb277358ab819bae5db9c51fb0739c73d702deaa1c49bfdfa43ec162b1e04b1d,en,Administrative rights,Hardware,False,0.5967914545770145,52,52,1.0,103,82,0.7961165048543689,72
d6ebdc3a0a3e4b658948fffcecaa2a32928b0a55bde871451d2832e902290412,en,Administrative rights,Administrative rights,True,0.9240755461424679,154,154,1.0,307,276,0.8990228013029316,135
ca8d965d2f8a81ab511ecd251d2f53bc6c8b01d86031a437025718e2d94432ff,en,Administrative rights,Administrative rights,True,0.9285512374320692,36,36,1.0,71,58,0.8169014084507042,52
be207bf40f7e5b8ff77c6faa32374ee5a542f73093532c03ecbe3f8f8e8969f3,en,Administrative rights,Hardware,False,0.3136522962540417,30,29,0.9666666666666667,59,44,0.7457627118644068,38
8734abe469dfdec168b9450dfa17b4cc18cff3daad41916bd2d6dac1d475c3a0,en,Administrative rights,Administrative rights,True,0.49021817349612223,21,21,1.0,41,38,0.926829268292683,31
292b6e78a11057e42325d199d4330556125b1057c1585a676a2981f0058e0bbc,en,Administrative rights,Administrative rights,True,0.9897095738439113,21,21,1.0,41,39,0.9512195121951219,34
7a0fd75c2ce4a2a302985047cd6a51175ecdc106003a1eb60084a2ce206588e5,en,Administrative rights,Administrative rights,True,0.37550070690472426,54,53,0.9814814814814815,107,75,0.7009345794392523,65
1cdc60412e521a2f98aed728d719c6ed6aff61ab545653f8409553f9d681c0fe,en,Administrative rights,Administrative rights,True,0.8512451087440522,29,29,1.0,57,47,0.8245614035087719,42
6c653d1b2bb2f567b3b0fa051246269919dfbdd8739e990dd5e8ed33aab14a37,en,Administrative rights,Administrative rights,True,0.8666737970564834,13,13,1.0,25,22,0.88,15
8e8e54bd30d11d255851eee867c809cb9d0e3ead95e4988be0f29cf52d0f283c,en,Administrative rights,Administrative rights,True,0.9654373371927275,35,35,1.0,69,64,0.927536231884058,53
1738c53694fd17485de63b22fe745c06a384279ae456ad92ff6ad73247fc664e,en,Administrative rights,Hardware,False,0.23299269972913383,28,28,1.0,55,51,0.9272727272727272,43
eaee3033e1541fe085cbd7ec0efb36412054719b48ae90ed49230218401fcf6e,en,Administrative rights,HR Support,False,0.2730556751291454,11,11,1.0,21,16,0.7619047619047619,14
ce2fe55b3f655f61c59e03704653bb43a83b8af7286870e43b0d52ea46b3e3cd,en,Administrative rights,Administrative rights,True,0.9147848836616386,86,85,0.9883720930232558,171,148,0.8654970760233918,122
20832ad3f4c897ec644cff1c5ded6c3da515993ef7e4bd05bb07326ba1792c80,en,Administrative rights,Administrative rights,True,0.9800309351591325,139,139,1.0,277,270,0.9747292418772563,212
b1b7ad9499398ac59ef1ff048fc1e1340f2a586374df4a8e7735fe5c27f9945b,en,Administrative rights,Administrative rights,True,0.7214698064234261,50,50,1.0,99,94,0.9494949494949495,48
29c57d73aa1e496f4a9927b3bbcea76dc583d55beda039471d5f2cf257b7b0b2,en,Administrative rights,Administrative rights,True,0.7773659751274566,12,12,1.0,23,22,0.9565217391304348,21
403f7230cbdf70ac8cb950d560b705cec057eb0333223c1f9b5747ecfda937f1,en,Administrative rights,Administrative rights,True,0.9917440050974505,104,104,1.0,207,195,0.9420289855072463,146
97f8f71aca4a9359fa61f38bc2a7d246c3507932584f8bf3ab79f9b74a14559d,en,Administrative rights,Storage,False,0.6194018475622826,23,23,1.0,45,40,0.8888888888888888,32
15c85629f66cb687722bee7b08c99393246e87ccd709273afae0c25002a7abab,en,Administrative rights,Administrative rights,True,0.9481429412278196,39,35,0.8974358974358975,77,52,0.6753246753246753,43
3cd73c9e485da79961b6a058c459c7a701591b00c33851011dcde30bdeeb23d2,en,Administrative rights,Administrative rights,True,0.7673085366770782,29,29,1.0,57,54,0.9473684210526315,39
8f1ad4b4d1c068272e5a07ff2dd719862bc923a16e115767d9d63d550984d332,en,Administrative rights,Hardware,False,0.4155556684830002,17,17,1.0,33,24,0.7272727272727273,21
41841b6bad5f963730c9407a7b27cb93bd125f4404e169fb270f2174d6bc3c59,en,Administrative rights,Administrative rights,True,0.6667447393776148,106,104,0.9811320754716981,211,164,0.7772511848341233,119
3cec3f12359c5e1e3b1eb6ffbf5074928796930a0b794b9f65be9551e026ce33,en,Administrative rights,Administrative rights,True,0.9137237317811088,9,9,1.0,17,13,0.7647058823529411,9
90ef174562ca98727054ad21567742d02b738a33ca6450d76969e3d395d0564e,en,Administrative rights,Administrative rights,True,0.9844186457104745,14,14,1.0,27,23,0.8518518518518519,17
3ca2f751bb62fad22863b112ecaeee321c6de3b9361bba230d8e90954b4c3026,en,Administrative rights,Administrative rights,True,0.7340872799095128,20,20,1.0,39,35,0.8974358974358975,32
30c1d71639dcc61b7f3d4d448b8a33db28e8ddd634f43765569954ce751d2f65,en,Administrative rights,Administrative rights,True,0.9813349433820363,174,173,0.9942528735632183,347,328,0.9452449567723343,245
56247de20bb98a45c3be7dec2198d36f264a22fd5b0118bc41927499577004d7,en,Administrative rights,Administrative rights,True,0.8272752549802731,11,11,1.0,21,18,0.8571428571428571,13
a5b7243233dbd845f8a67afded5d2ecc5f059288b85705569aa2c903d4d3605d,en,Administrative rights,Storage,False,0.7192322365666175,17,17,1.0,33,29,0.8787878787878788,23
295497d1057ebd6e2f6ae899c19c343f43bcae7eae10b61e75f14bc477b84b7b,en,Administrative rights,Hardware,False,0.6704988292054366,26,26,1.0,51,39,0.7647058823529411,31
1fc3a334f73898a8e23698dffb77e5e4efeb5ba890dfb64e20446c97b3837818,en,Administrative rights,Administrative rights,True,0.99908924099512,35,35,1.0,69,52,0.7536231884057971,45
80c0be6b1f22d104f391dbedae952bed4472522415743126dac44b88c46a8e5f,en,Administrative rights,Administrative rights,True,0.608201971851272,72,72,1.0,143,112,0.7832167832167832,86
339c374118436ff949401a0e234fa9ec2105ce27ab3c9c45b05016aa2d2809c6,en,Administrative rights,Administrative rights,True,0.8806636871190497,16,16,1.0,31,27,0.8709677419354839,25
c0ab536aa008967ef745cc549511b621ae21094c8c3be2e069a38aa341850fc5,en,Administrative rights,Administrative rights,True,0.8595652451349443,42,42,1.0,83,71,0.8554216867469879,56
145829846191843d05aba1172a61028bac742c580c723f50d3ed28ee4a5fd2cd,en,Administrative rights,Administrative rights,True,0.8139697296966418,9,8,0.8888888888888888,17,9,0.5294117647058824,9
af82d2a4160739cbe793228e1e443e4bfb4c7cb4a9c4f3f3cd0688d4eec3e551,en,Administrative rights,Administrative rights,True,0.4773468640029562,14,14,1.0,27,25,0.9259259259259259,24
951619b3ca686f78311f21dde7df45c73653ece6f2298b90a3af9083ef6b3f13,en,Administrative rights,Administrative rights,True,0.8100679810739361,19,18,0.9473684210526315,37,29,0.7837837837837838,28
23e58f8d4393ed84afd52fc2cad8fb2ac06f50b8410f5a198b9ec2225cabbe77,en,Administrative rights,Hardware,False,0.5488885743226347,39,39,1.0,77,59,0.7662337662337663,55
c78a5172030226fd7003b2c8d84ddf6d9a04a9d0358284636737afd9fa01f1ab,en,Administrative rights,Administrative rights,True,0.9818337640761412,64,64,1.0,127,117,0.9212598425196851,104
454e7690771b138eb4609208f9d478c901ad7c2567bbfa6631efaab78717ae53,en,Administrative rights,Administrative rights,True,0.9948579997530962,17,17,1.0,33,25,0.7575757575757576,22
405cb62494c8ef374c554f347c98861b6e8b33eb95a062baff7aae536386dae7,en,Administrative rights,Administrative rights,True,0.7795089221177731,31,31,1.0,61,50,0.819672131147541,42
7bcc65581208d1c44e99b86c6c7684064d7e84f53e83a360bb1e16b7c2294eae,en,Administrative rights,Administrative rights,True,0.9932997942550962,39,39,1.0,77,63,0.8181818181818182,61
28c13ea328ec69a1f3b1ef9ea7c1f99fc8e31712d3c0d023731a072be1f4f656,en,Administrative rights,Hardware,False,0.532804389893605,24,24,1.0,47,38,0.8085106382978723,31
573c613bd127d68ebdd2bf4f5c2ce375d188f36d1fb9f045e4258e3ee20022ca,en,Administrative rights,Administrative rights,True,0.28628804167625455,18,18,1.0,35,30,0.8571428571428571,28
987d632407a719d1c3409e03b9457fc92cc33af3c4e1880817fde010bfaea2e7,en,Administrative rights,Administrative rights,True,0.9979821950045239,13,13,1.0,25,20,0.8,19
644625d05556eba0b1d12240ea69d601f73a9b8068f107700d37188ce7febe6b,en,Administrative rights,Administrative rights,True,0.9935977424232733,81,81,1.0,161,123,0.7639751552795031,93
01be2728c5c649965470fd2152342db9bb07d8fb829fae63c65dce0c36a9c31f,en,Administrative rights,Administrative rights,True,0.3984706883964385,12,12,1.0,23,15,0.6521739130434783,11
0b31cdd9ef0fb36416c85960c24620369a79fdf1b45765546eca1595e2c70ac1,en,Administrative rights,Administrative rights,True,0.9969024270523573,152,152,1.0,303,295,0.9735973597359736,236
35ac98c60c907ea911f5d640fe415bb46f9560c5e09598d5ec5de91d7011eab6,en,Administrative rights,Hardware,False,0.48910714389396437,29,29,1.0,57,43,0.7543859649122807,38
608ea85591276f8e102ab57fa7a1ec6a796d7e76bb206627f217029322ea7ff3,en,Administrative rights,Administrative rights,True,0.983096553394444,38,38,1.0,75,56,0.7466666666666667,51
8074a71c6881cd14e46ba15d345dd955929a97d07938175084bb89e30325d0d2,en,Administrative rights,Administrative rights,True,0.9654670724955882,26,26,1.0,51,49,0.9607843137254902,45
743aa596cbfdf7dc96a93390dfc708504fcff482fcb88a2755ae00d588e35bf2,en,Administrative rights,Hardware,False,0.7548107461132452,31,31,1.0,61,52,0.8524590163934426,44
789f2e3ace7648bffe1d4fde7c2ee5294c88617cce4086db11b1f77116d109e7,en,Administrative rights,Administrative rights,True,0.9901838762142321,102,102,1.0,203,183,0.9014778325123153,148
7e3fa6250af271bfb864b6b2e712131d50dacac3366bcdea655fcf11922d811b,en,Administrative rights,Administrative rights,True,0.9955049656621683,15,15,1.0,29,28,0.9655172413793104,22
c930a28d84a6ba6127d4ead3549921c2e80802761e939b9b2a5fb854bdcfa433,en,Administrative rights,Administrative rights,True,0.9434278785448416,38,38,1.0,75,65,0.8666666666666667,58
9f17d42f91a99cab582ddefdedbf28e98fc2e478fbdeaa4cf2a8d81e2b57e474,en,Administrative rights,Administrative rights,True,0.5145387830352262,37,37,1.0,73,69,0.9452054794520548,57
55c7544247713429f50fecfe8c7b72b1a0fddc0656aeab93e266606819a4f5e7,en,Administrative rights,Administrative rights,True,0.9892200995955059,29,29,1.0,57,48,0.8421052631578947,41
3c88762ecd62c03fbf3fb9b827e80209c93fe8d6963ff63b76f02d838dd06bc5,en,Administrative rights,Administrative rights,True,0.996791188164693,144,144,1.0,287,281,0.9790940766550522,192
57be8e99ae24a5a7b66fb592ee84ac5a433a832c4643b41ce96f59a483d00282,en,Administrative rights,Hardware,False,0.4820618072083639,16,16,1.0,31,17,0.5483870967741935,15
8e45b33cd878527e5306383c4c7c4b6e81f714fea4458d5f2af05295b4ce62cb,en,Administrative rights,Administrative rights,True,0.4668478095737632,5,5,1.0,9,7,0.7777777777777778,6
b307b7cbd8c743123c7e3c1e4ebabe09bbd3d652b8edb0c7e39623a2bde29317,en,Administrative rights,Hardware,False,0.40308158007391787,42,41,0.9761904761904762,83,60,0.7228915662650602,48
735d4cd6fb0265aecf268da944db047958f0ac3b6abdd1d0753ba79874f3e1cd,en,Administrative rights,Administrative rights,True,0.9851935787749421,47,47,1.0,93,86,0.9247311827956989,80
6f1f38bc0785191236e4dab720eb6ae38add42efd9b13729e82577ae00982947,en,Administrative rights,Administrative rights,True,0.9930998673224691,25,25,1.0,49,46,0.9387755102040817,42
c661692f7834d0ec7f2c6cd274330ef8a6cb32d2fd72ae0ce9a50a50689dd3ae,en,Administrative rights,Administrative rights,True,0.9903715403727194,53,53,1.0,105,102,0.9714285714285714,90
bbde797df9d307b01b7daf895d44e444b9d555ee67b6b83412ca5677e955aa82,en,Administrative rights,Hardware,False,0.6903346814000294,27,27,1.0,53,43,0.8113207547169812,38
2c7dc5917b6eeaa94606126c980b179b58c48bd5774f748e74ec9edc1f566f54,en,Administrative rights,Administrative rights,True,0.9942716252907876,16,16,1.0,31,28,0.9032258064516129,26
f6a35d3668d56a12093e37710ea84c0e6e5b7d56c2c27ece48bd7d262c66a252,en,Administrative rights,Administrative rights,True,0.9975461319745696,90,90,1.0,179,177,0.9888268156424581,148
38036ca335ef2dbea364e44a619253ad49c16e7ab97038d2edb74ba1a7c06c60,en,Administrative rights,Administrative rights,True,0.9467668482533236,126,126,1.0,251,248,0.9880478087649402,173
0f62b5278c0d189a6105012b196b57d78d8693695d6510fe6a835886062c1029,en,Administrative rights,Administrative rights,True,0.8485557495284966,21,21,1.0,41,35,0.8536585365853658,31
4584287d5758e528f13e8e4dd4d4efd5ab51743589050b2f0e428a75907d4e65,en,Administrative rights,Administrative rights,True,0.7641793731999107,16,16,1.0,31,30,0.967741935483871,26
ed1628988bdfc2b87a36d3183024351127e5ccb47d3865bc4c6f6c2c78d8bfbd,en,Administrative rights,Administrative rights,True,0.44855153060529696,18,18,1.0,35,28,0.8,28
e0e5f57937adb689edd151f06721ad6cd50d0a8f9145472b87bf0dc8738f267d,en,Administrative rights,Administrative rights,True,0.9541197130902348,62,61,0.9838709677419355,123,95,0.7723577235772358,75
d38b8fe516b4b84001f724eef7a76351e8d6e7b994e0c57811de88607efa0fab,en,Administrative rights,Hardware,False,0.5694648844117327,182,182,1.0,363,345,0.9504132231404959,283
f5c4e532ee1363d5477bde4bd2aa8e9a97087f76185d297e8715838fdd8ea394,en,Administrative rights,Administrative rights,True,0.9366896443511175,24,24,1.0,47,40,0.851063829787234,38
d40892b62302a7dc5a04c0fa81a3d215f8f1a29ed1d4e08d122cb85286e0bc6a,en,Administrative rights,Administrative rights,True,0.97595715765128,164,164,1.0,327,321,0.981651376146789,230
9b807a73875a9072606ff03849766ad796f5f13519024b8415ef5e6290fe3ddc,en,Administrative rights,Administrative rights,True,0.4824458076991437,67,67,1.0,133,104,0.7819548872180451,66
22d0c7e9f667e5f0debc97f6a8a85f50e46c1b5bef001815649ed402e712cb28,en,Administrative rights,Administrative rights,True,0.8916154235237667,130,130,1.0,259,245,0.9459459459459459,179
dc577cb82e109fbc93b82fb15ffb23a550a7a6451ebd639dce804ecdaf016763,en,Administrative rights,Administrative rights,True,0.974269484255056,148,148,1.0,295,292,0.9898305084745763,223
21f910e33869267f3b574ed7bf1f20c11aa75b7802816179dd670c2dca9c3b1a,en,Administrative rights,Administrative rights,True,0.9965840107199243,97,97,1.0,193,185,0.9585492227979274,159
994f35b3720edc00edd94a129b5b2495798e8531b570966a0809f8dd42282cd5,en,Administrative rights,HR Support,False,0.24550760612321118,14,14,1.0,27,24,0.8888888888888888,20
b654fd816561d4741648b3010e1feef53faf6355c8c4c724bc7585ead7999194,en,Administrative rights,Administrative rights,True,0.6998814475100621,121,121,1.0,241,220,0.9128630705394191,164
9d93e296b31ef97531d4706128be7579e4811ed9dcc9a6b74c17a1da2b416209,en,Administrative rights,Administrative rights,True,0.9584323999610298,23,23,1.0,45,44,0.9777777777777777,41
01d770200ce0c54ba48088922550dd263df4ba87920871de9baa82163c67b07b,en,Administrative rights,Administrative rights,True,0.9765591581212483,47,47,1.0,93,84,0.9032258064516129,62
e1abf78ae96e07bc0874813249299ee06c708e88063465df98408df77b0fba4b,en,Administrative rights,Administrative rights,True,0.9179167518521432,25,25,1.0,49,40,0.8163265306122449,39
833ce2f4d9bf4dfb8872f68319686ac24953d02bc6ac94c9fca24a5d568c6f22,en,Administrative rights,Administrative rights,True,0.9988374302552587,16,16,1.0,31,29,0.9354838709677419,28
5f9cd44b4f0a62c5fe15182ebfb2a23f2f8a99efedeb0727636345ecf15c5974,en,HR Support,Miscellaneous,False,0.2711055270004879,8,8,1.0,15,14,0.9333333333333333,14
b4979953ec3f7aa7458b304e04d41986b6586d2915d731998b71936a650ae7b7,en,HR Support,HR Support,True,0.9511043960102284,260,260,1.0,519,498,0.9595375722543352,324
c18554cb034ae5de00c6378ef0552ca7ed667f99ce834c1221cbfc3e6885a380,en,HR Support,HR Support,True,0.9556438108741592,36,36,1.0,71,66,0.9295774647887324,53
ada5e9c27523f9640e5299ee009a4f28194a4232486a42e38d65b626ba8ce238,en,HR Support,Access,False,0.6553281919609345,19,13,0.6842105263157895,37,20,0.5405405405405406,20
2d4a4bc8c9dfa42b5d91bfd12430f061ac711cca0b4606a7c4086481cb8e6888,en,HR Support,HR Support,True,0.99690906869633,13,13,1.0,25,23,0.92,15
b8b4c87621294f6375e82525bf1d24a9120f6f2af74818c6e2fc03bbca76ff59,en,HR Support,Hardware,False,0.6799531842708627,10,10,1.0,19,19,1.0,19
4d0646e1d093923aad502b4a722542af1b31dd048a3c22d39e831d32543798d0,en,HR Support,HR Support,True,0.9629315391376689,26,26,1.0,51,50,0.9803921568627451,37
f270884d5930853b54f89d177b79db79b3a6e2bc2138113661fa59aaac0002a2,en,HR Support,HR Support,True,0.5523435598271844,15,15,1.0,29,27,0.9310344827586207,21
f17ed691eeeb32142012edec15328886e451f771349bc25ae7541fccecb33d9e,en,HR Support,Miscellaneous,False,0.3599358521658176,19,19,1.0,37,35,0.9459459459459459,30
8e34d4b1f69e2c603a77707333b22a942977854da8d7e2deaea985d67251ffcf,en,HR Support,HR Support,True,0.6632079930508545,32,32,1.0,63,52,0.8253968253968254,46
24e74c22dcc6f69a9e47517ad4388863f568437644902469aa70adc5b7022f4a,en,HR Support,HR Support,True,0.9855607397340902,19,19,1.0,37,36,0.972972972972973,34
7b168c88dde3d69d36896f9f4c9fd658faaa7e5dbbb9bb74a224ca7dbc490760,en,HR Support,HR Support,True,0.9315218395620513,64,64,1.0,127,115,0.905511811023622,72
e674b93603c55eaf6f8a88c1d8b7b9c6ad68083f678ce202eb7121ba35b40e78,en,HR Support,HR Support,True,0.9831684726238408,21,21,1.0,41,41,1.0,37
268baa5098b33385976e304f4fc4913fd0624f60d146137d2efbeda469f9a1f7,en,HR Support,HR Support,True,0.3508833423493808,11,11,1.0,21,21,1.0,21
ccfc942f205b3db28b296f84d2ca586e3d452a3e4f8fde6d4ff6e77bf4b196bc,en,HR Support,HR Support,True,0.8570114313744134,15,15,1.0,29,25,0.8620689655172413,25
b00c33ece3eb966eb2650c0cfbdb55d6f7cb523ff6292c078f2edecff8e797fc,en,HR Support,HR Support,True,0.9822431752251631,8,8,1.0,15,15,1.0,15
8a01cb6e1aa6d57c64757483d4b2442b36c412fa918bd488525b720eb7c87491,en,HR Support,HR Support,True,0.3633273843963585,82,81,0.9878048780487805,163,127,0.7791411042944786,112
b54c57d7031c2ef819d6c8608c11f6826d07efd7583b75c9da0194f01d2ba2bc,en,HR Support,HR Support,True,0.9699712364735473,44,44,1.0,87,76,0.8735632183908046,66
22825a9dc70a10ce2f2ad4b7a6d60a6a94ff5efcd274f023e8b32ae9041a8a6e,en,HR Support,HR Support,True,0.7148388826360421,60,60,1.0,119,104,0.8739495798319328,85
3a4f5dd558c1d85b788bfbb6b148a776fa7559766a62744123d74c5c30e67ed1,en,HR Support,HR Support,True,0.9778488136205127,14,14,1.0,27,27,1.0,26
1ba8f53fd753a7d3ffe181d1e8b6b725a2cc8b6ced1101c536a558a5681732ee,en,HR Support,HR Support,True,0.7726363972207031,39,39,1.0,77,67,0.8701298701298701,58
25c3534d001ee710f78bd4b548490b032c11b3a81bf22f064835688bfcb44043,en,HR Support,HR Support,True,0.9404387539676241,17,17,1.0,33,29,0.8787878787878788,27
214373b9c005dd52f06967c0c2e01cb7c8695db1ce1792a22943046ddf4f4166,en,HR Support,Hardware,False,0.25244729682283756,40,37,0.925,79,57,0.7215189873417721,50
2d4f954b21fd9db711534dd938dc215957601f92820fa5534cd90ab9f3f696ff,en,HR Support,HR Support,True,0.9696524353709609,13,13,1.0,25,23,0.92,19
706b95b89ab85f05c98276e1f68399b5c927e4d47c04758de62fe4a391266669,en,HR Support,HR Support,True,0.9051710195957917,45,45,1.0,89,84,0.9438202247191011,64
d19ee183f1efa55dabc70fb178f9a2b8651e5cbaf82432ede17d5a94d5944d86,en,HR Support,Hardware,False,0.3744291963797809,8,8,1.0,15,12,0.8,11
80b09234cd20af9f36c7ea3641c092653a12bee44349adfcbe5183396f03deac,en,HR Support,Miscellaneous,False,0.6574772673541468,195,186,0.9538461538461539,389,333,0.8560411311053985,176
814384c90fe0799d20c852c7c0e17daa5ee736ef3eb7628af3ca33d555396eb6,en,HR Support,HR Support,True,0.9471983467275641,20,20,1.0,39,39,1.0,38
60871cf7bf9ef2c55bb4904891ce36a73b05de14bd5f51641a830b00bf1c74a3,en,HR Support,HR Support,True,0.9798910705350113,50,50,1.0,99,88,0.8888888888888888,72
bc0096a364ee93873c7233fccc6ea5a59e86a8d0d2d814f2439d1944f14a249d,en,HR Support,HR Support,True,0.4845152883592931,17,17,1.0,33,27,0.8181818181818182,21
4f0e90c0ffe5864f844f453bf2667d6b6071d05fc799c0ca1ccddaa60bb45eb5,en,HR Support,HR Support,True,0.967676603909597,32,32,1.0,63,58,0.9206349206349206,52
3a80cdd02f49647dc451507e7f02197a5e3693fc21dcca71ee048f12e8cb7b4c,en,HR Support,HR Support,True,0.9073879415915583,18,18,1.0,35,31,0.8857142857142857,30
62f4f45f422fcaae6cfa5e0d2056ca343e90d17e3c76116bff98060d406939d7,en,HR Support,HR Support,True,0.9902710790547634,21,21,1.0,41,37,0.9024390243902439,33
89fc3b6257aec5958ac988df11170edbe01de4f4b893378eabc5d42f2c88c981,en,HR Support,HR Support,True,0.4445607951572768,68,68,1.0,135,110,0.8148148148148148,92
6322c5d9771c53a62fb19a291070e6cb285a568cef036f5577a8e77ad8bf30e8,en,HR Support,HR Support,True,0.9396627180668501,12,12,1.0,23,21,0.9130434782608695,21
dc7ba3ffc81981d0493d4db9a8352e0029862ce9741aefdb95d947fcc9fae107,en,HR Support,HR Support,True,0.4169277265517144,15,15,1.0,29,27,0.9310344827586207,24
6ba9deeb89e51db4bafc8cadb671cb8a19bcec6a6912c6e4f9584826910ad337,en,HR Support,HR Support,True,0.9689514204929229,30,30,1.0,59,51,0.864406779661017,45
11cc9a9f22e7e59fe83dd08e5e715b6a7289ad3f20b8250dc92742106da05220,en,HR Support,HR Support,True,0.9936173302179809,11,11,1.0,21,21,1.0,21
97cfb11f412903607fca8ec823e1a2da17e94663ce8eba3babcd3d7106b48854,en,HR Support,HR Support,True,0.8899000648280073,91,91,1.0,181,180,0.994475138121547,141
20c28c06c5c4123e2254a4e7a2e908b70265bc9f4ee4febc0701380ab66c0d05,en,HR Support,HR Support,True,0.8305652861629705,7,7,1.0,13,13,1.0,13
013753b9bc443bd2ff8c4a6beee0b887e27f24beffcc442894d3c52701f17a2c,en,HR Support,Miscellaneous,False,0.2798719974896739,22,22,1.0,43,38,0.8837209302325582,33
060be87917584e47f9307bb5ed3423a9aacee00ec8d160026292b27dc5f48893,en,HR Support,Hardware,False,0.48886576350081207,37,37,1.0,73,57,0.7808219178082192,50
11ab9b4ae39d902fb693bec483c9f2bbd7097294c18b612e0ffda8368b4369e4,en,HR Support,HR Support,True,0.9966936165518305,11,11,1.0,21,21,1.0,21
7911f84af42dbcafb139faff5cbc9200e6c6cc6d765c1d7979cfa088fc0003cf,en,HR Support,HR Support,True,0.5865670236828439,39,39,1.0,77,71,0.922077922077922,61
9f1812e560f890899b23c7887ddd83d1ecd4dff8bec886f817a03b793aab7a53,en,HR Support,HR Support,True,0.5191006345144968,42,42,1.0,83,72,0.8674698795180723,54
b6ff5856df68c7083e8969a5dc5df64f9692e635d005db0913a0066b2d602e28,en,HR Support,HR Support,True,0.960086743963635,64,63,0.984375,127,104,0.8188976377952756,42
5f8e4c75dd8e1472f5f9a0b765d9405fddd7d5dcd2f45d7c6f8b3eed0b1e5d54,en,HR Support,HR Support,True,0.9897451191920525,27,27,1.0,53,53,1.0,50
561b9708eb145e30513be69b40e02753810888c36a00d1cbb43b1b86e9751762,en,HR Support,HR Support,True,0.9787946311485256,117,116,0.9914529914529915,233,228,0.9785407725321889,154
9ea261773194c0b92a9cfc0667c9901c00aa6cc44b14894ce8975201a58bd826,en,HR Support,HR Support,True,0.808185662396434,36,36,1.0,71,58,0.8169014084507042,55
cbe849b84fd9d48778db875270a490b29370a3ae5dc8645c9fad30fb381c8d3d,en,HR Support,HR Support,True,0.8024221179805052,8,8,1.0,15,13,0.8666666666666667,13
f88e8ec8cbe98d9a23bfce14f0868387486c65cd0b8901367b1ab91c1f5c3723,en,HR Support,Miscellaneous,False,0.7011345049132042,41,40,0.975609756097561,81,66,0.8148148148148148,59
7f3d5691b8525923100060450c42899fc42f4ecf421af8f3f2c1b5966368689e,en,HR Support,Access,False,0.39520333497371074,16,16,1.0,31,25,0.8064516129032258,21
63ff29b3061903049477ae46b0b5b0c3a285105563c79ea4d2dbb7bf5838ebba,en,HR Support,HR Support,True,0.7600274269696683,31,31,1.0,61,55,0.9016393442622951,51
09d9c79a6a0680b92fb8c100e77fd27705c8e4f250073117a921a7a28baf794f,en,HR Support,HR Support,True,0.9953966155197972,32,32,1.0,63,56,0.8888888888888888,50
df65ba5b8a79cf13c2b079a8c0b8d5425642ce005c629130eacaffee9aadfee8,en,HR Support,HR Support,True,0.8697286479150046,40,40,1.0,79,69,0.8734177215189873,57
7945e611559a2c767f50a7fe107b2c715dbcc170020fdb2d838e827cf18bb652,en,HR Support,HR Support,True,0.993974340803663,19,19,1.0,37,37,1.0,34
7a3116cd704dcf7d7f0d38d618faf077a8716d7e031953a7a93d81c30934bebf,en,HR Support,HR Support,True,0.5372708843791262,12,12,1.0,23,20,0.8695652173913043,19
a613298e5bfc16ac9c0b60a78c73e6f7bdd89bb7e23d8fdcc18385b03878e932,en,HR Support,HR Support,True,0.29062878321936486,11,11,1.0,21,15,0.7142857142857143,13
9c4d3d7dbbe37b97acc4cdb7a1a5df0fc90c6cc1e124a1bfc7bf370022d01ccb,en,HR Support,HR Support,True,0.44842992778817836,24,23,0.9583333333333334,47,33,0.7021276595744681,28
1206711f9de5735b271117c0fdd2b19364ce1205dc8ad2484a00f47976b9c147,en,HR Support,HR Support,True,0.8405694930031361,7,7,1.0,13,11,0.8461538461538461,11
8a96b24a531a892cc3a14b93a8059a584645e5b6a45a30a1521237519d7142d7,en,HR Support,HR Support,True,0.9762961638238951,37,37,1.0,73,73,1.0,51
cefbd399e7f139cc077da896a5ff801a49f3ad62e1536098697c9699578e70f5,en,HR Support,HR Support,True,0.9991715134667891,22,22,1.0,43,40,0.9302325581395349,31
ff3bceeba747be5c7a79bd77bd1afa18ef254e1153b3e2f9980be2e018b63b3f,en,HR Support,HR Support,True,0.7280861093638419,38,38,1.0,75,73,0.9733333333333334,54
50cb855969c7a697ea8d079d721b3b67b2f299699844f0628751046ee69e3601,en,HR Support,HR Support,True,0.8849084397315389,20,20,1.0,39,35,0.8974358974358975,32
563a7d5a14584f0088ba706a24e99779460dfa8ba55419b1b0feda8f75ae5cfd,en,HR Support,HR Support,True,0.8547216118434154,60,60,1.0,119,101,0.8487394957983193,79
c322f4c0ee210a3a0a4450141afc76aa4805e2b65fa8bcb595516b79aa76002a,en,HR Support,HR Support,True,0.9164689216816831,37,37,1.0,73,70,0.958904109589041,60
cb981bd0d09b2b4e4f67146160a1950080a07cb5b0b2387e6de3a457488af6d0,en,HR Support,HR Support,True,0.7859901002661345,30,30,1.0,59,49,0.8305084745762712,48
7c81288f03849e7ee94e78ef50a11f4f1d6769adf1213cd963ee4e3ea623f5ec,en,HR Support,HR Support,True,0.775466466033597,26,26,1.0,51,46,0.9019607843137255,39
43ee53009980efc64172226eb373b3fbe165a93a12b6df4360c067814815751c,en,HR Support,HR Support,True,0.9105740059582103,20,20,1.0,39,31,0.7948717948717948,30
5ad3554fc19f3a3a83f5f9aec742680b8222737dcb4703ed1a047262ff17364d,en,HR Support,Miscellaneous,False,0.32437135372896747,15,15,1.0,29,26,0.896551724137931,23
e98efb8520cee7d6e5bb0797f63e731902dd828c0c4fb12c55489016ed27e297,en,HR Support,HR Support,True,0.8072328592761471,27,27,1.0,53,46,0.8679245283018868,43
5ddc22d457e0f28f80121f8fcdd54bdef08a719e0eae432e815bb40bb269c24b,en,HR Support,HR Support,True,0.9471343385827662,39,39,1.0,77,75,0.974025974025974,64
c5b250f781b63c40fe263e9fdf78ba7321a47ca0b03e7a476b2a08a62ff99b2e,en,HR Support,Hardware,False,0.6436365106827547,50,50,1.0,99,79,0.797979797979798,65
0cdde0e0a146e95cf30d4c051cd43c1bdb1d9563c1e6ca1c8c7a87257f4d3526,en,HR Support,HR Support,True,0.3698677888866217,4,2,0.5,7,3,0.42857142857142855,3
99df5a945d3c077860b8b60102ce4fe4d3832aec1e809c86cc34ff452dc81e31,en,HR Support,HR Support,True,0.9982079665941392,13,13,1.0,25,24,0.96,23
ef6fa11d3061935e68615d537b072e92e0418682826ed1355b607a2eeacff11d,en,HR Support,HR Support,True,0.8850903556659784,298,296,0.9932885906040269,595,515,0.865546218487395,242
6914c8b14da9ea2ba9e096f7c58cb08328cf03e34f0e6db426ed7a565a761658,en,HR Support,HR Support,True,0.9530056026246955,12,12,1.0,23,23,1.0,23
b9dc593fb111e231be161da2dec4a510cc52d40703675169ed704ba6b5af47bf,en,HR Support,HR Support,True,0.9588245315981451,22,22,1.0,43,43,1.0,34
919bfe5f419feccb2c9c6b66b108702aa07552c0fb2cab5f98e1163fd34ff5fb,en,HR Support,Hardware,False,0.5431940907403723,25,25,1.0,49,47,0.9591836734693877,40
355991b933931c3d8bcfde6936c19175e996e10b223fef1cb4ec6032daae8d34,en,HR Support,HR Support,True,0.45991229536882283,28,28,1.0,55,44,0.8,37
8920a51b4e7db8014e139cab2842b110f098dc894803f0322bc00388ccabfb5c,en,HR Support,HR Support,True,0.5816088726807966,18,18,1.0,35,32,0.9142857142857143,29
44a10d6748fa754d1a5023df5c6f111bb860edaabf0d84a5e1587bff08e67b0d,en,HR Support,HR Support,True,0.9451387353585474,10,10,1.0,19,18,0.9473684210526315,18
5da98cf646ef89b2f56b0799fcdec00e7121fc3a89652ea025e7453d8977db26,en,HR Support,HR Support,True,0.9994728580640116,21,21,1.0,41,40,0.975609756097561,33
3b80632839fd5aa4cdd69af84931d375b0514966e2319db334051815803b8898,en,HR Support,HR Support,True,0.9956006829159891,49,49,1.0,97,93,0.9587628865979382,71
25d9d284f8305838672acb19af03df7738628e8123dfc6316f5a9d31b3177194,en,HR Support,HR Support,True,0.9967715470393035,17,17,1.0,33,28,0.8484848484848485,21
c5a3e40ad3dae09150d66630b710e197626b28bf20efa98ade323ec52a675e56,en,HR Support,HR Support,True,0.64301168102049,25,25,1.0,49,41,0.8367346938775511,36
7a8c3a5136acbc41303797979b3966aa4eccaa3f5cf212a435e86c3611f1516c,en,HR Support,HR Support,True,0.9561859653312198,8,8,1.0,15,14,0.9333333333333333,14
b37e5dc1fa4a008a476727b089173e78b35295c8c75237899f6f369124341aa4,en,HR Support,Miscellaneous,False,0.3307305729489168,31,31,1.0,61,53,0.8688524590163934,46
23566808b1e7ca5acfcedfe12bcf2b49cb633492a4e9570a01109b594a01c8df,en,HR Support,HR Support,True,0.992525546510105,22,22,1.0,43,42,0.9767441860465116,37
cd63bef95a8e8a9d52417b88438e4e2fb2024a3635f89816e01bae308eac5acf,en,HR Support,HR Support,True,0.6607717685171267,10,10,1.0,19,15,0.7894736842105263,14
3ddcf94f9199c2e3efc8a00ff9569bc0e721ff56dfd8490cbd9d68acd2de30b1,en,HR Support,Hardware,False,0.38425797280718654,17,17,1.0,33,25,0.7575757575757576,23
7e9ac153423f0462a6075025b4bdea8f705c5db8c4fdb476bbdcaee1d77846c5,en,HR Support,Hardware,False,0.5315243859100214,15,15,1.0,29,23,0.7931034482758621,17
693b66a109c6c9622d5105158123b86b167d758923d7d8055dbab811978c1da4,en,HR Support,HR Support,True,0.866477482024682,7,7,1.0,13,12,0.9230769230769231,9
3abb875ddbd3f760e3d6c71f2a2ed602c0424d7b3cd8b094533ac295c7a6ae48,en,HR Support,HR Support,True,0.9146765502203276,70,70,1.0,139,134,0.9640287769784173,121
a985f8146a2a744a6c8079c4af23ab1a8d7b2713af3199c24d1463b7e2f8ee9a,en,HR Support,HR Support,True,0.9763112149615508,12,12,1.0,23,22,0.9565217391304348,22
cc70bc4c4ef9d6a2f425aa5d3079648990395dc34b8a0dc8b43cae4d2845323d,en,HR Support,Purchase,False,0.387878358304905,817,814,0.996328029375765,1633,1266,0.775260257195346,499
ad5e9f37844470c5579770855fcb25498529f50c1557a2d2f3daf7499c66c056,en,HR Support,HR Support,True,0.6918023271852773,10,10,1.0,19,17,0.8947368421052632,17
456c6d81fe36781d0b545d65e32523b36341b70d9edd127ee3c68fe89fbda1cd,en,HR Support,HR Support,True,0.4508033527167866,28,28,1.0,55,44,0.8,40
f43585e7357b3db7f7a7319a1610b990e48dd7f821044c5278f9a235912a1b81,en,HR Support,HR Support,True,0.7035406668131823,13,13,1.0,25,22,0.88,21
39ac427806230409ba0d68c33590527c1ac2f6c13ae4515275af110ad92cf540,en,HR Support,HR Support,True,0.8620899266776445,35,35,1.0,69,61,0.8840579710144928,48
c01a4a77c0f8af9a5903c21d332b195429e7f7e905349770a390a395719688d5,en,Hardware,Miscellaneous,False,0.6381197379273794,22,22,1.0,43,41,0.9534883720930233,40
8e5a692fc503bac110f9f81ba692beba163c8629ff1e8ae147fc6156f2dc004d,en,Hardware,Hardware,True,0.869524460366431,224,223,0.9955357142857143,447,374,0.8366890380313199,228
105f0452baf61154736cfc0100cef4b98fe4bea9ace0881820753dab1989a969,en,Hardware,Hardware,True,0.3818945477096948,53,53,1.0,105,97,0.9238095238095239,85
e5d401fefed57c3eb4eb08144e60615e2dbfac815cd9d3207c12717b419ead7f,en,Hardware,Hardware,True,0.9662544251575494,50,49,0.98,99,86,0.8686868686868687,77
aacfc028254e40d39e47039e03884039681325689f49c7ad5a11e01355fdad4a,en,Hardware,Hardware,True,0.9486516309778967,149,144,0.9664429530201343,297,207,0.696969696969697,147
32d5c3b3a230b27c6283896a0559bb8a0929425d55b92751037f452669b1c904,en,Hardware,Hardware,True,0.867825529080445,112,111,0.9910714285714286,223,185,0.8295964125560538,155
54d5f3495e6b9db6e6275af39869d2efdbdbb7bf908196adc1279983df1b78dd,en,Hardware,Hardware,True,0.8323120279659978,23,21,0.9130434782608695,45,27,0.6,19
1e7f2292a2fe7fa49c3ced5e911f7083b2c3fc8765b2dd7d22733fa1dd63bef3,en,Hardware,Hardware,True,0.8933223076489637,10,10,1.0,19,16,0.8421052631578947,16
10ed2763cce094ded929e86820f14367cef2fada35d152ac3d7e2645ef5665e6,en,Hardware,Hardware,True,0.9562706648735778,7,7,1.0,13,8,0.6153846153846154,7
258dcc88dab84cb8078e23f802a6c06d58604f15fa0d1179cb4b91439840b09f,en,Hardware,Hardware,True,0.7951463953538167,265,265,1.0,529,471,0.8903591682419659,363
12e64ba990ef4cb9743a54aefcfe1e1d465399260b87197f6a448029614e35ba,en,Hardware,Miscellaneous,False,0.3976775657575157,53,52,0.9811320754716981,105,96,0.9142857142857143,73
35cf76d3355d22ada88bbfce8f8d2a5258a9f2429f7993e699a9492cdaac048f,en,Hardware,Hardware,True,0.9561672419624058,16,16,1.0,31,24,0.7741935483870968,21
634edf27a54b4e38029b2854d5c4ee553cfde1b626abda21497b1fce3a971c6c,en,Hardware,Hardware,True,0.6707645933683652,17,17,1.0,33,25,0.7575757575757576,21
9f3e1b8866fc56867eb75ab50bc170e8b2222497899bcd2d0e99c135296aca40,en,Hardware,HR Support,False,0.31909215542417135,34,34,1.0,67,53,0.7910447761194029,46
7a61261514974ea4402d6712682a914c417f9c9d7ea7ffc55622bf4215de4eb3,en,Hardware,Hardware,True,0.6456660003409559,50,50,1.0,99,79,0.797979797979798,65
64fb72039819769574e51456a54287a2616942dfc0238529c918f9a582632ce4,en,Hardware,Hardware,True,0.9418794164691214,14,14,1.0,27,19,0.7037037037037037,18
5f99b8513ec35e23ed24a784211971d44c99e7ca6335625a5c6abd0abdbb73c7,en,Hardware,Hardware,True,0.9285189140003693,40,40,1.0,79,59,0.7468354430379747,49
5702cb66ad9e6e01ca78522321b8ea9e882f62eb680fbc1b5cd27f016b4b31bd,en,Hardware,Storage,False,0.4733497988446335,56,56,1.0,111,95,0.8558558558558559,72
02cbeaad0da7e94e7221ac1c9e76c6e34ed8c8c2a922b8649959f414f66f1045,en,Hardware,Hardware,True,0.9151588104855017,29,28,0.9655172413793104,57,48,0.8421052631578947,43
76ba74f42189f51e325c17fdaf0149566d191b2000d65a5a6b4ba3194be35290,en,Hardware,Hardware,True,0.3575322357879161,23,23,1.0,45,38,0.8444444444444444,37
4d17c3abb84d999789fcf382625657d547972bac057010f09f7787a7a8dfdf5e,en,Hardware,Hardware,True,0.5212530928813647,18,18,1.0,35,30,0.8571428571428571,22
581c8a0f63fee97397db9216a6e6945c9cf9718d96622e2e862efc1a8358fb8d,en,Hardware,Hardware,True,0.8482538766959679,35,35,1.0,69,49,0.7101449275362319,45
283db8b7669b3af7643d2617737e84fa40d7eec97695dadb0cd0ae309949f35b,en,Hardware,Hardware,True,0.6164277942859032,53,53,1.0,105,76,0.7238095238095238,70
d363819851ae78833fbeca3d601827763d983659bd6a650c235df9978c5798bb,en,Hardware,Administrative rights,False,0.45786942070969766,62,61,0.9838709677419355,123,92,0.7479674796747967,76
de0d3b0772fa3cf8b8c531f3ed5d5aee14931e800de35e1336fec0033ed9e229,en,Hardware,Access,False,0.7463528555343342,9,9,1.0,17,14,0.8235294117647058,11
b9e6eabd32ae5585c6d48f027506127e14eded37dabe430e4e68a19b9de9e439,en,Hardware,Hardware,True,0.46672697661614443,172,169,0.9825581395348837,343,245,0.7142857142857143,134
0130f5ac8c1cda100e70993487d4f52cbe54834af534a10c905f17d474f13ce9,en,Hardware,Hardware,True,0.8012279456292739,19,19,1.0,37,32,0.8648648648648649,31
eb034141ebd4a07023266af7ce176b92a78f059e6935ab5821703e20ccbd53a9,en,Hardware,Hardware,True,0.35222593458008616,42,42,1.0,83,74,0.891566265060241,58
8000f9c9af0dd4e11503577d86196874aa823ba183f7f5a2583601a0b707440c,en,Hardware,Hardware,True,0.6212439546263615,56,56,1.0,111,84,0.7567567567567568,74
5e05cd7989cfc183c13a6ad38bc0698cb9daaffb2fbaef48bae4f00dd06ef3db,en,Hardware,Miscellaneous,False,0.5477110124209479,218,216,0.9908256880733946,435,355,0.8160919540229885,217
4125aa44bfc3c82b6c214c86b532007dea34f5e908af2f4172ce58c8f886f188,en,Hardware,Hardware,True,0.8882046759032158,22,22,1.0,43,39,0.9069767441860465,35
bc13a4e682d6df5c43fc61098c05cc89d56ac6eef88fac5fbba58614e48c4c23,en,Hardware,Hardware,True,0.4357095926892461,69,69,1.0,137,107,0.781021897810219,90
0aba551d15ad2b123371aa8290295edfa2eef00c6fca04eef47d17cc00c2da8e,en,Hardware,HR Support,False,0.7117064912704341,52,52,1.0,103,88,0.8543689320388349,79
d342dd9f9a913e08cdbe3a9f0afea99aa0cc0069a2e8a67528acadfff1793e6f,en,Hardware,Hardware,True,0.8107591067038304,30,30,1.0,59,49,0.8305084745762712,43
9d34057482e78d713ce418d4614f5729567ac72407ab290dcc464ebe4d0a2cd1,en,Hardware,Hardware,True,0.706049216402717,11,11,1.0,21,16,0.7619047619047619,14
bd8e3f279ffa74c061b75adb53537b464068ed7685f04b283db66c675fc96963,en,Hardware,Hardware,True,0.6027325252631109,126,123,0.9761904761904762,251,203,0.8087649402390438,151
84b73eb4c29d664cf0af9246f7b310398cc1f6d101fbebcbe891cb07f8f1fc07,en,Hardware,Hardware,True,0.8920885462389531,157,157,1.0,313,235,0.7507987220447284,181
100dba1f726b9af1bbb7d2d3f2ecf7735beaea189d0dbbfeb91abb4337c58421,en,Hardware,Hardware,True,0.9151097311374803,99,99,1.0,197,164,0.8324873096446701,118
10b665ce24f876f8f7f6fcfcecc6bfce564b37e41e9e2d1d1f324a4595a73008,en,Hardware,Hardware,True,0.685818456027297,26,26,1.0,51,42,0.8235294117647058,37
14f2a265057b6afeabf5a3a7b8cddc87cfde075011d8244ac9a64b5e39805c46,en,Hardware,Access,False,0.32424524700865476,83,81,0.9759036144578314,165,116,0.703030303030303,89
bf7d6bf0a48bc3421c0e60505310fce90254848c2548c8e7c20d301cda749e90,en,Hardware,Hardware,True,0.7766250823160117,80,80,1.0,159,127,0.7987421383647799,107
4fc5ef6fd9f80fcbaa56a23b5162a53f1527ef7f45adf7f2bcfc418c43d42acd,en,Hardware,Hardware,True,0.24042877871817286,21,21,1.0,41,29,0.7073170731707317,28
bd076b85fdf3cc8129591f2f5bfdfdde74900592d1c6f262560a2efdc3de4828,en,Hardware,Hardware,True,0.6839588629078597,102,102,1.0,203,154,0.7586206896551724,113
e77a0261b0a4ca28dddfab4665357c5247f4e0bf4f092b7b6118d50976d482b7,en,Hardware,Hardware,True,0.7907717621225732,40,40,1.0,79,66,0.8354430379746836,55
ab70f9fcef71ecee9f9cb6a3f8625c7e5b85cc40bf876f8420156307aa5d567d,en,Hardware,Hardware,True,0.5863024824124977,121,120,0.9917355371900827,241,165,0.6846473029045643,122
0cda01723b7566a84603f6027e21d1d8a38200aad6fef6dce17dc5c3e5e983fe,en,Hardware,Hardware,True,0.6569768277006018,66,66,1.0,131,112,0.8549618320610687,86
423ba582d675f08f474a201f5afee18fdb26a4fc524e333afc677e20ed586eb2,en,Hardware,Hardware,True,0.49747398570688783,43,43,1.0,85,71,0.8352941176470589,53
e82bba960f3687186a003f0072c2b8928494e7102822c19dd515f8c38e72b830,en,Hardware,Hardware,True,0.5551708875215442,69,69,1.0,137,117,0.8540145985401459,92
8ecec95e5cbbf687f3f52149ddba3647c295b0ef336e331129b19e7fab329ca8,en,Hardware,Hardware,True,0.7583553962817849,32,32,1.0,63,41,0.6507936507936508,31
9083dad47c1208c3615e92f837789422c17ea251f800ca67f6f81fa27d63dc16,en,Hardware,Hardware,True,0.5311111621697093,12,9,0.75,23,14,0.6086956521739131,11
14629e9c09d66e5de40480d8fab6927503e1f0b3fc403f8c199afbfe86ba2d40,en,Hardware,Hardware,True,0.5825413680266064,12,12,1.0,23,22,0.9565217391304348,18
97b373c490ebec139987de7b3517430a9197ed3d2f247365fc87dc419ea47cc3,en,Hardware,HR Support,False,0.3314498658565013,15,15,1.0,29,27,0.9310344827586207,25
063ded374c6a215f89422ec5edd9dd42e41a9be93702d0869db5ed2c028b9152,en,Hardware,Access,False,0.45958072991545607,102,102,1.0,203,188,0.9261083743842364,175
ca8a4123e4845f5f27d9e2e220b68deb86e35ae9f32f34a3ce3454cb3ec20e36,en,Hardware,Hardware,True,0.8028720306122482,97,97,1.0,193,191,0.9896373056994818,167
2199ff0cf9074c4774a92a808e916e893894fb4ad8bc48f15070661a0a94909b,en,Hardware,Hardware,True,0.40873909364870964,19,19,1.0,37,29,0.7837837837837838,26
d01947cabc155a0506306e0485084242c909e7bdbb3fa399dc54e69972818362,en,Hardware,Hardware,True,0.9958058292453773,26,26,1.0,51,43,0.8431372549019608,34
26a596b1bc45656539cec0d6fd2c24e3ec9eb8bde729b228da96a0e8528c9584,en,Hardware,Hardware,True,0.6462817771715743,147,138,0.9387755102040817,293,172,0.5870307167235495,145
93af45de5267b67b1cc2f67a3a4787f68fe145c7f36f91c334a648d90015fff6,en,Hardware,Hardware,True,0.9713769135626588,24,23,0.9583333333333334,47,36,0.7659574468085106,30
404e128bf6c1e1adb48b9810f25697022ccbff7ed98ba7329cd6d8693e15b7df,en,Hardware,Hardware,True,0.4171197044778939,17,17,1.0,33,26,0.7878787878787878,23
decffbc92523fc1ad4cc790515689f37df865256f8d762a2818d6c7d13cef577,en,Hardware,Hardware,True,0.7368433791838133,108,107,0.9907407407407407,215,152,0.7069767441860465,108
2070269bb2d718d1d74b2867966c947e3f2d7a571cbef0550bbe313d8d6f4aef,en,Hardware,Hardware,True,0.906567526895069,4,4,1.0,7,6,0.8571428571428571,6
8187d6835eadd38d02dfb39d3e60655dfc42384a3380492ff468f831d61d2cd0,en,Hardware,Hardware,True,0.8664641306349841,363,357,0.9834710743801653,725,512,0.7062068965517241,291
af392b01daab6b9477132632e115b8b1ad1629e229b36b5d68379d0ead4f106e,en,Hardware,Hardware,True,0.9969065032748614,16,16,1.0,31,27,0.8709677419354839,21
cfff8c8da5a15028fb4996bdf1b8f4975006861b6c411e19ecdc9f21e72da847,en,Hardware,Hardware,True,0.6777770872965391,39,38,0.9743589743589743,77,58,0.7532467532467533,45
887af3634a317681007ca0af0b5c76844884036f3b84fdee966ed93755e393b7,en,Hardware,Hardware,True,0.4358683017743832,22,22,1.0,43,38,0.8837209302325582,34
c2e0ceb48bdb1db76f287d6c60dea968567313bb9af76501ca991a8a7df36fed,en,Hardware,Hardware,True,0.8959065322311787,9,9,1.0,17,12,0.7058823529411765,12
d01d8c8d77493fc41db6434dc4c1187d9f1733e794fcfba4a1d9ee2533791838,en,Hardware,Hardware,True,0.7665875361787408,9,9,1.0,17,14,0.8235294117647058,12
ae3f4c0976ffbbe3e7722029625a6bdc048157322bd6d268520f44596bd765bf,en,Hardware,Hardware,True,0.6873075987235063,9,9,1.0,17,17,1.0,15
c6fae3043dac5e62a397be228c63b00e941cda07803f0e21972950f0fec6037a,en,Hardware,Hardware,True,0.5296396128177875,36,36,1.0,71,68,0.9577464788732394,60
1afed973534b6bfd7161d1f5acb3e20658f67cda085585ca9cb466a3a1ac89c4,en,Hardware,Hardware,True,0.5203127701169635,12,12,1.0,23,21,0.9130434782608695,21
e4c114f4ca11c7b281f24d378929930820f1608a1d0dd504443d20bff2080f03,en,Hardware,Hardware,True,0.9269544846531986,14,14,1.0,27,25,0.9259259259259259,19
2d2c47b7e7bee22ba8c0da0a810dc606a74980d64cda9477fa166c76d5d88a91,en,Hardware,Administrative rights,False,0.7527620851735952,31,31,1.0,61,48,0.7868852459016393,31
8e44907e181a962346a301db4d2c5b4ce5d4d7fc75b34cae99c2ded04dbbf2ac,en,Hardware,Hardware,True,0.6217889468952188,24,24,1.0,47,40,0.851063829787234,35
d0264694abc4066c5119f0cdded86b1082ce466a75ede8d25c0d794c1de27aff,en,Hardware,Hardware,True,0.9608763778212024,23,22,0.9565217391304348,45,38,0.8444444444444444,34
bf797149e59840815b9dc34c97ae6058b4adec3578a5419750ca7fa7e2a023f0,en,Hardware,Hardware,True,0.6948578580980898,31,31,1.0,61,55,0.9016393442622951,52
f3abb3b235acd8e289341b5dbfbe889f7249f3e81daaa8adc451a253a1dca7c9,en,Hardware,Hardware,True,0.9764477343607373,19,19,1.0,37,33,0.8918918918918919,28
6a61afae39299bac31eec044ecb9159d650d719c8c2ce9c38ea1b039ea447cdd,en,Hardware,Hardware,True,0.3461677002080812,10,10,1.0,19,14,0.7368421052631579,14
e2dd79ab52921f0a7ce55becf6c2200e4966e2dc06aa716f1f3a5132256afdda,en,Hardware,Hardware,True,0.4246248953618633,24,24,1.0,47,44,0.9361702127659575,34
4a86b68d4c0589f8924a6d8ff069bc1beb77f6cb085ac2ef35fcd9aab333b946,en,Hardware,Hardware,True,0.7451044106561728,17,17,1.0,33,26,0.7878787878787878,25
4c10f9da5ff8c41b8c959a5e4841cf02010606d6e9dbcd1e625def452932f704,en,Hardware,HR Support,False,0.5494281398819139,48,48,1.0,95,93,0.9789473684210527,79
5e0a1c205d346de27a7f4cb8f689b16a306dd3fb1d87d3c7777075e2d489e2bb,en,Hardware,Hardware,True,0.5476712183848612,27,26,0.9629629629629629,53,33,0.6226415094339622,24
ca9b33e43256a406faea4d2eb44ef4a5b3d75681488283f9310c2b833d99a68e,en,Hardware,Hardware,True,0.9928485762015733,115,114,0.991304347826087,229,153,0.6681222707423581,101
2c830b8e53950521c40043228e4046eb738910f9ead242292db3c25574b8014f,en,Hardware,Hardware,True,0.2984694810729695,62,62,1.0,123,102,0.8292682926829268,66
fef386ee41f945ff23ee524170172e094ff7bb8c37476eaa665172612c3f474d,en,Hardware,Hardware,True,0.47683250666633104,15,15,1.0,29,26,0.896551724137931,25
f64dfaa492ff223d23a1949eb493407f3addb97e4abf7537ee2a50aeb4adbc2b,en,Hardware,Hardware,True,0.579063991812608,14,14,1.0,27,23,0.8518518518518519,21
16cf5dd4502de26a5fa63c2ac625900682e86eca053d4e630b9296b8402ea54d,en,Hardware,Storage,False,0.4321429475456722,58,58,1.0,115,92,0.8,73
33bb51ba4752d270ad224d8f15c35e6c42b6be9f9ca84a1f2ee428ea23d6d7a6,en,Hardware,Hardware,True,0.6200781602213075,49,49,1.0,97,78,0.8041237113402062,63
7cb395ff26d69affa5f1f0b043f1362d99329178ad5062df68554ea0b2c54021,en,Hardware,Hardware,True,0.6380225139993506,64,64,1.0,127,105,0.8267716535433071,83
78adf92c515dbf27890b6834e4489951d576e2fa964b43d43432f7736e9b23b1,en,Hardware,HR Support,False,0.5324840043074017,12,12,1.0,23,20,0.8695652173913043,17
519b48ebc21d0e5056ba2676a567bed7ed05fbe19115e37e63905834ca8f7125,en,Hardware,Hardware,True,0.9774224255535274,12,12,1.0,23,23,1.0,20
7d48ade5d34ee9d977eb85a43ba530b64ba991f2cfd07f2fca1d78cb799557e7,en,Hardware,Storage,False,0.338112330900016,64,64,1.0,127,75,0.5905511811023622,50
5b7ea9e6915126aa08afaa6f4538545d06be61e9e736ec278c7fa1c4708d4612,en,Hardware,Hardware,True,0.6048223845991196,30,30,1.0,59,46,0.7796610169491526,43
dbe6ef1f12d387c4d452e2cc28a756118628edc6ce2b285b1fbe0a381f373d85,en,Hardware,Hardware,True,0.7358732877488455,52,52,1.0,103,83,0.8058252427184466,72
7d02133982944dca810d34dcbf57ec4e11476ca95a023a9a029059366ffffe82,en,Hardware,Hardware,True,0.59089348736106,75,75,1.0,149,118,0.7919463087248322,78
dcd5a2caa32c7caa24e3d96dacd2f985fcebbdf322c4df057a68fdfc01ef0933,en,Hardware,Hardware,True,0.5232718809380125,36,36,1.0,71,56,0.7887323943661971,49
b48155d60b292277a2a5447a68365c426a52d0593f1836c8919209cbf831dab9,en,Hardware,Hardware,True,0.6575476081934191,24,24,1.0,47,42,0.8936170212765957,35
278de37295a4a6ac4e36ec1783310284cc855aa7a73ae51376e4071a218694b0,en,Hardware,Miscellaneous,False,0.7496548506226494,168,163,0.9702380952380952,335,214,0.6388059701492538,155
e9726d800ea8b292ce62b465210bc79e1244abcbace39c27ade4a6b6e4b3f880,en,Hardware,HR Support,False,0.7626935946418371,26,26,1.0,51,43,0.8431372549019608,40
57c8a243370cf5bfac4038a8f9492ccd99dfcc7059f1ced051e467c55d28766c,en,Hardware,Hardware,True,0.7735017971078405,32,32,1.0,63,54,0.8571428571428571,49
a6156fe63408eae4bf81d06a8d478d7e42d217b173c7eb39542033cb229b832d,en,Hardware,Hardware,True,0.9246021683287384,260,259,0.9961538461538462,519,441,0.8497109826589595,244
7e6f1c3daeec7965fe9adc4520097f7409ddf8ce29d317fbf157e6eb1c17c99c,en,Internal Project,Internal Project,True,0.574319660431158,85,85,1.0,169,121,0.7159763313609467,88
0421ce3352d68f05793df0d31677c8c1703d5d3737b3a995b0706edcbfa03404,en,Internal Project,Internal Project,True,0.7756266125452805,29,29,1.0,57,50,0.8771929824561403,46
0f3300b5ea08186aa3c3e6da4d07ef21773e174c29b1acd88318a22d186318a5,en,Internal Project,Internal Project,True,0.9999276255832233,14,14,1.0,27,25,0.9259259259259259,24
3eab43de07fa18e21a64a4f1ef02acdad34e358b836c18a69c52c463c9b66a03,en,Internal Project,Internal Project,True,0.9887621965956784,216,216,1.0,431,401,0.9303944315545244,294
ac39ce8d4dc0fa6a633b250c4b0b729ee5a4082c3a404e9e1f087c5f7484a0d7,en,Internal Project,Internal Project,True,0.9994040826291111,25,25,1.0,49,46,0.9387755102040817,44
b39166f4f8cb3fd802b14ad5e1d51a3a49f346ca4f8d03010315da1debe9dac8,en,Internal Project,Hardware,False,0.4727122507217228,39,39,1.0,77,62,0.8051948051948052,43
7335b5844b0ee924f69e61df21548b1ee06cb411a4121e278b3ab9e9cdc9ab3a,en,Internal Project,Internal Project,True,0.9999935840985444,16,16,1.0,31,29,0.9354838709677419,28
5ce39550982f2c1516c665ceda82bbd0bf655af7c349aa2ae1c86293b009e56c,en,Internal Project,Miscellaneous,False,0.5282674551594421,121,121,1.0,241,190,0.7883817427385892,125
cccce26cabbb5e3f83e074fb93a125b512e0f7aaa5abae6ab38f0374bf1479e3,en,Internal Project,Miscellaneous,False,0.5172558038624756,43,43,1.0,85,71,0.8352941176470589,48
8864315e3927fdeaacb85aa26aee6f82c78224d0fe5c71a2a1d849626afc7a37,en,Internal Project,Internal Project,True,0.4044025864243846,10,10,1.0,19,17,0.8947368421052632,15
109361915cc1cc8001b1052f9f9f70bb6a58345071239fe9743f8a9425fd053d,en,Internal Project,Internal Project,True,0.9909470186775478,21,21,1.0,41,39,0.9512195121951219,30
3e3090108ea2dd31c6be257c49ef1617922ababf51e037411dc32d4ef654bf57,en,Internal Project,Internal Project,True,0.9997386099398736,25,25,1.0,49,48,0.9795918367346939,47
e6f0c68f592296f7e205fdba8a3814cfd57caf0578cfe821f51a89d0c0f7c157,en,Internal Project,Internal Project,True,0.9160082648940683,12,12,1.0,23,22,0.9565217391304348,19
d0d6bdb9ba91a0266a49c19ac2bffcd248184b9a786f9121cb6fd8dd39a2cbfd,en,Internal Project,Internal Project,True,0.9976977009147447,21,21,1.0,41,38,0.926829268292683,36
a9614eb7336c574d7a383be3c4a5a3f55dc8c980940da1c855ea6d114e643c61,en,Internal Project,Internal Project,True,0.8286207919478683,24,24,1.0,47,41,0.8723404255319149,33
e0c0241b6fc7c8fd740fff6c59a24a355a6e2ed2e6b89b774449e34db4a2dc2b,en,Internal Project,Internal Project,True,0.9999837387321855,14,14,1.0,27,26,0.9629629629629629,24
cf6c36da34dab368510293f8a793006a633bec087ba4ebe5bdce412ad4216163,en,Internal Project,Internal Project,True,0.7919590239053363,69,69,1.0,137,99,0.7226277372262774,81
ced131cc58d3a5a638b276934e4c4dcf3a71569bbccd2902e3e7155a29ec9cdc,en,Internal Project,Internal Project,True,0.9196994950641962,33,33,1.0,65,62,0.9538461538461539,47
bde86bd50cb862eb174a81e22c264d88c386e733f7930d185c5b01f91168ff6f,en,Internal Project,HR Support,False,0.4269270154957209,17,17,1.0,33,30,0.9090909090909091,27
7627d4f6fc5dcf3df9bcc1ff5020286e652a74d396b0cd4c09432bc4ffc1f465,en,Internal Project,Internal Project,True,0.5409347246857139,218,216,0.9908256880733946,435,262,0.6022988505747127,119
2e2c1a54d386390b1bec28797750a9f4176e61c0830073f69d12d79e48268f49,en,Internal Project,Internal Project,True,0.9999936147025936,17,17,1.0,33,30,0.9090909090909091,28
91d2dbcf19579964928f4f3221e5fbf5f1aae429b8535723d6455cba5ade06de,en,Internal Project,Internal Project,True,0.9915664093470955,93,92,0.989247311827957,185,178,0.9621621621621622,139
7ffc7755b4dca5fa4bf3b5468f2f820fe212b8b6c9627cf8b365b3f40257d579,en,Internal Project,Internal Project,True,0.7325901303157228,43,43,1.0,85,73,0.8588235294117647,61
f4c97da1af900ed6a625daccd33e459d88aa5373a9aeee15694cbfafe67da5ad,en,Internal Project,Access,False,0.3951478315515666,116,116,1.0,231,193,0.8354978354978355,148
d05ce876ac271076da3bc6fbfa2d93254b14b41e1a62de032ce7edc46f99fa72,en,Internal Project,Internal Project,True,0.8586519033540473,28,28,1.0,55,44,0.8,38
7a8d4f8f1576984994fc4fd96ebb708137a60ac27235e533908d196468927d7e,en,Internal Project,Internal Project,True,0.9793468814439386,12,12,1.0,23,19,0.8260869565217391,13
1e290a29b3b749f7feb5ee6559a3f1cc66e8438d84893e3a3c849e0480638f09,en,Internal Project,Internal Project,True,0.8417288652981365,36,36,1.0,71,64,0.9014084507042254,57
b86ef3376dc6b4dfb4097d2aff1d8827d447b766fa9368b83ee112bcbb3fac60,en,Internal Project,Internal Project,True,0.8375610292011909,124,123,0.9919354838709677,247,219,0.8866396761133604,132
a9243fd539644f40ad51c3c98a4a2017dfe9dd3bd3e9caeec64fd59bcd867336,en,Internal Project,Internal Project,True,0.7362018709043787,19,19,1.0,37,29,0.7837837837837838,26
91cd4db8fc5e9c2f7adfb7c3b20d55287d726b4932129245105c15f8d0ab8729,en,Internal Project,Internal Project,True,0.8900724294835176,183,181,0.9890710382513661,365,255,0.6986301369863014,169
41fcaa21deb4e4d6a3d65a2e963014e3ffc5a06f6dcd8965e81862636d6a36c2,en,Internal Project,Internal Project,True,0.9999951961206754,20,20,1.0,39,38,0.9743589743589743,30
cdf07fd8e16c765c9e2f06961c922c3a9834a4876225ddb438d8727a408a5f0b,en,Internal Project,Internal Project,True,0.6299285562225382,31,30,0.967741935483871,61,44,0.7213114754098361,40
06fdf392fde1e37b3ffca82189d075996a1d6a5cf950ab29feb62b2659005dcc,en,Internal Project,Internal Project,True,0.42319233943275897,25,25,1.0,49,41,0.8367346938775511,40
5984d7a34fc4ac0b733fb4a4cfc155fbc95745f20bf437dd2e5733581a9059ba,en,Internal Project,Internal Project,True,0.9998741049255064,19,19,1.0,37,34,0.918918918918919,32
1d7399cdcf742320c19ce3bc6eae31ac0382496a0a24e445bd35fd65ca1c97fe,en,Internal Project,Internal Project,True,0.9935271753796545,39,39,1.0,77,54,0.7012987012987013,46
b704e23e0579a7df97e75dae5305fe198703555c45adfd18039202387b899055,en,Internal Project,Internal Project,True,0.944764359267865,28,28,1.0,55,50,0.9090909090909091,43
282d79954a82ff69ea412e1e9841f255d2ba101c051642ab8ae944fc9d42d62a,en,Internal Project,Internal Project,True,0.9999517335566473,14,14,1.0,27,26,0.9629629629629629,24
187a3aa7bf63e4f779cfd8ef620f1d0f04cdfd36bd2647ab503a8264ff3b1589,en,Internal Project,Internal Project,True,0.9935599494549845,82,82,1.0,163,134,0.8220858895705522,90
44bbd72258eef13d7c74e0f98e653b762403002464af1f7ea7ccfcaf9e206d19,en,Internal Project,Internal Project,True,0.9999421805202658,20,20,1.0,39,38,0.9743589743589743,32
e344233a553358edd29db05095c6158d27b2aa64921dc453bf7731a29de51a7a,en,Internal Project,Internal Project,True,0.9516393184116704,31,31,1.0,61,53,0.8688524590163934,47
b0f3d7de655f6292d056fd6f1daf2416b9e2e89d282765c2e08ef8a9946e8315,en,Internal Project,Hardware,False,0.27943365674022647,157,157,1.0,313,198,0.6325878594249201,42
e3bac604d54692c0e22c770ab14de0b353095fb77fdcbfb5c380ce59eaedc6bf,en,Internal Project,Internal Project,True,0.9651772167593257,191,191,1.0,381,333,0.8740157480314961,254
a466e99e8cab0a5b965c4f4b9e2aed391fa4168428173de078227afe0f578872,en,Internal Project,Internal Project,True,0.999737046886614,8,8,1.0,15,14,0.9333333333333333,12
710a45b3bea9ba90ad000d8f29f81e50b0f26041a4a0df210a12b48be586e722,en,Internal Project,Internal Project,True,0.9998086428689256,22,22,1.0,43,35,0.813953488372093,29
6ad0f711fdb7e42e4297af70b4a2ff6cd3f36e1e62d78146b5c6783d18a59846,en,Internal Project,Internal Project,True,0.9870152005832286,179,179,1.0,357,280,0.7843137254901961,193
e6b4f197c41b3e3108157f8f16fcab43fa2cdb7e6759b6680dc90cd15c4067a2,en,Internal Project,Internal Project,True,0.7695204667376513,44,44,1.0,87,69,0.7931034482758621,61
1e2d277429eca061eb29ab9570da6d59fe85a03e9f5a8367a11ced22f1a9ff05,en,Internal Project,Internal Project,True,0.9981960462250712,12,12,1.0,23,22,0.9565217391304348,22
855e10f60f146110b3861eb8aa079e8e228a8615c4f16ee5ba9b01122ec79b9a,en,Internal Project,Internal Project,True,0.7176597202500936,11,11,1.0,21,21,1.0,18
0221dcefb614b1f67e1aadb1b45cc55c529189199b339ccf9831188b01fcff06,en,Internal Project,Internal Project,True,0.9886958514224514,38,38,1.0,75,64,0.8533333333333334,48
0323ea84b87a1390f6f2f162bfe3dd825fd2f254db7626b66aaba66c68d26f82,en,Internal Project,Internal Project,True,0.8774490141455238,25,25,1.0,49,40,0.8163265306122449,32
d3d523e382df00b3378e8515640ad13e3995400e42b72161671ea8a507ca73b2,en,Internal Project,Internal Project,True,0.9503825945794007,23,23,1.0,45,37,0.8222222222222222,29
cbae0bfe43f82ff23fe77c97166f76455db6c77a36ba92dd5db37b15ccef475b,en,Internal Project,Internal Project,True,0.778196263358785,32,32,1.0,63,54,0.8571428571428571,41
6183b461ca531efb3db2d27bf3b0fb5693b2bdc193557f5e8db5777c5ed3b94d,en,Internal Project,Internal Project,True,0.5196304233402672,31,31,1.0,61,49,0.8032786885245902,40
97163bb0387b9f1486a240261f2b474bf6aa2a3f97b26764f972dff54b24fac7,en,Internal Project,Internal Project,True,0.9974017908979922,17,17,1.0,33,28,0.8484848484848485,26
b7e7699545a84bdb77343a019ecae9fc71a5fa20abc6ffca8952a9280d86856f,en,Internal Project,Internal Project,True,0.8993491400880681,9,9,1.0,17,14,0.8235294117647058,14
41aaade603c771f0f09de9e97dcff6e9656130e57c325f1c3a975af0bd950a5c,en,Internal Project,Internal Project,True,0.9602667980951449,159,159,1.0,317,300,0.9463722397476341,194
6df9f027c3699fad6b9758013c2e646db91327015815db34ccad8227ead85a5d,en,Internal Project,Internal Project,True,0.974479314983136,41,41,1.0,81,74,0.9135802469135802,58
b491fcbdd56c73eac4c1733df61406e68cb00658e1b5af1a4357cfee7bfe7ca3,en,Internal Project,Internal Project,True,0.9893418739656896,87,87,1.0,173,168,0.9710982658959537,125
46fe884b81dd25dbd92dc4d72c59a6b7bcbad9a98f16d40eff5a2bb836b30659,en,Internal Project,HR Support,False,0.5136999930013655,15,15,1.0,29,29,1.0,27
1968a79d77dfd086a91062a210fd2972a4629f4630d22369697814b7a07f5c43,en,Internal Project,Internal Project,True,0.9860281124573369,74,74,1.0,147,146,0.9931972789115646,114
0aa2e17e2154ae0fb9b5276033015fd0de9cddb23570ff4e4556833af1e108be,en,Internal Project,Internal Project,True,0.9993679266731641,23,23,1.0,45,43,0.9555555555555556,32
2f5f51240d30c901f02d83fe0352deda52f562191cf539c449b3de38a1a461ef,en,Internal Project,Internal Project,True,0.6972191996673248,20,20,1.0,39,34,0.8717948717948718,34
9ac995cd0d2b462a52800f4de663126cc71ed32104ff813392272207a7c42540,en,Internal Project,Internal Project,True,0.9997457766446062,28,28,1.0,55,51,0.9272727272727272,39
82c03a12e90cb9fd725c261ad3226c3a099ffa2382397bd5284c198c90c4cace,en,Internal Project,Internal Project,True,0.9481467067991933,22,22,1.0,43,40,0.9302325581395349,33
a15f12d43cef3e80e41db2bface15b4b1778e460ad94b89ad1640274c4f49f7d,en,Internal Project,Internal Project,True,0.9863369751005441,128,128,1.0,255,248,0.9725490196078431,155
12ff25f72971f8eb577e36d228e62309c09adb0643ffc2d6f6bdc8cc8cf062fd,en,Internal Project,Internal Project,True,0.9823225968032397,22,22,1.0,43,37,0.8604651162790697,35
3b6164662a52a906b998fdc4f99ac1cfde30c6fb9b2f7f081e4dc5e7a1e44b81,en,Internal Project,Internal Project,True,0.42151308562751083,24,24,1.0,47,41,0.8723404255319149,41
a7d880da84de58bfde5043bd980179b759eb31e4ec1638cd07e39318bef645c9,en,Internal Project,Internal Project,True,0.9999886012608528,20,20,1.0,39,35,0.8974358974358975,25
0141fa5f4feaa48ac109191801618ac9c2751f34461a0329cec7d19a5766cbe6,en,Internal Project,Internal Project,True,0.7526497305619547,7,7,1.0,13,13,1.0,13
bbe091f171252fb67c0ec9414a91f241b346c3c219cdd9c5f904b99d5425ba1e,en,Internal Project,Internal Project,True,0.9997198628229081,17,17,1.0,33,32,0.9696969696969697,31
27ea5a9c353fd1a71e7ed6613594c51c9de4ce0ded8c1e481b81943e741a496e,en,Internal Project,Internal Project,True,0.8899621382034048,33,33,1.0,65,49,0.7538461538461538,44
bb442f13b5d346db87155ee7ea2a8612e0ce8fdc3939b92216b1dc78b56ea4da,en,Internal Project,Internal Project,True,0.9907566162495588,35,35,1.0,69,56,0.8115942028985508,49
04299762708f87c98f7a17475da4313d34b86c7c530b962a9641ce77aa817054,en,Internal Project,Internal Project,True,0.9958827902893571,47,47,1.0,93,92,0.989247311827957,85
4e72d9b848999046bb60f5b19c5eab1e42ddf930f35f3b986fa813025d5b7e90,en,Internal Project,Internal Project,True,0.30589276796715953,18,18,1.0,35,29,0.8285714285714286,27
78ee7b6fa93ddf251220f2ed12b4be7b1d33cefefb493d3cd9353fa55f8932bd,en,Internal Project,Internal Project,True,0.9833032318242482,76,76,1.0,151,151,1.0,117
d0a82ae83af7043fa5de18b1e651608756436e8316820e48f2811b417bb6aff7,en,Internal Project,Internal Project,True,0.9956744322553719,82,82,1.0,163,137,0.8404907975460123,100
c0da0e586a72df550da9bce9997ca824021593a70457acdad92c42b92ed00f1c,en,Internal Project,Internal Project,True,0.7669478700633142,30,30,1.0,59,48,0.8135593220338984,46
8fa3c66fb2e66d5a4159af0c7f85f52e88affdc3b2ff1db792729d1a7c3caf99,en,Internal Project,Internal Project,True,0.6951805566406987,18,18,1.0,35,28,0.8,24
deaab8c00e4fc166e246f9d56588065a855b4c78c4038854e8ff2107782f65fc,en,Internal Project,Internal Project,True,0.4938035945946224,37,37,1.0,73,55,0.7534246575342466,51
425e0868c8da0734199c5d2b3345d3df34c52284056b8fe1a3ae956d9dedd231,en,Internal Project,Hardware,False,0.5012794319027127,44,43,0.9772727272727273,87,65,0.7471264367816092,58
48f8c4f7a1a9397767fb0be5fdbd89592d40bb9d54bbfaf4d8a872f460a601b5,en,Internal Project,Internal Project,True,0.3623517660693542,37,37,1.0,73,62,0.8493150684931506,58
87670919e6d01fc5ed0eb35053ece3c4d0f187f490cfc6d3b7461e4b31663354,en,Internal Project,Internal Project,True,0.9946904420390842,17,17,1.0,33,28,0.8484848484848485,20
5555dc07a94a0dce86e0e3e3b30219f9cc9f6a7db0320238f0b63a121b6cba67,en,Internal Project,Internal Project,True,0.9999917865351331,16,16,1.0,31,28,0.9032258064516129,24
ab1c1eec6e164361f826b5d23a961702f6dd70927fb4ea93c2d2038f2c833291,en,Internal Project,HR Support,False,0.492725366929828,18,18,1.0,35,24,0.6857142857142857,20
b1620aeaa3383b322451047d681b64cc662033734f9f23c58026c63e0100f1a1,en,Internal Project,Internal Project,True,0.9994144350015125,24,24,1.0,47,47,1.0,40
75596f6b8170f0e3766011055bb905c0db361739d18f9aa6462bc5ba8851dfb1,en,Internal Project,Internal Project,True,0.9996330728976756,16,16,1.0,31,28,0.9032258064516129,25
8832f078092939400dfbe937b54e7c463790c120f4d312234660d54eb0ed5bb3,en,Internal Project,Internal Project,True,0.6711415086095401,16,16,1.0,31,29,0.9354838709677419,27
edd95c35af03d6587f8508543edc268bc12ad80f881f9a4220d240a9969bf77b,en,Internal Project,Internal Project,True,0.8769669491628153,26,26,1.0,51,43,0.8431372549019608,37
147cc2a44c428703b0cdb3c627c9660e2e10f741727fac233756e553d13e0d48,en,Internal Project,Internal Project,True,0.9966133384825159,34,34,1.0,67,61,0.9104477611940298,46
89617ded9dee148c63c3b0235990e6f9177ea56d0882fa27a11ee8236618f039,en,Internal Project,Internal Project,True,0.9926355171716357,132,131,0.9924242424242424,263,201,0.7642585551330798,147
d1d750eed2d565b07f9ed48d7c595edd3c0c2c7b0481e1f6d237ec2d36be375b,en,Internal Project,Hardware,False,0.3113135202826449,50,48,0.96,99,73,0.7373737373737373,55
a62be6bca39e4bd7fedc7c1588fee8b6cac08638934274ba7b039944672efc2d,en,Internal Project,Internal Project,True,0.9843715733164027,20,20,1.0,39,34,0.8717948717948718,25
aa3b44574fa7e874152e2ee0abff85256da8c8d536e1520e22c443b11aa9e2b0,en,Internal Project,Internal Project,True,0.5504662275160457,27,27,1.0,53,42,0.7924528301886793,36
dcf10a97182fb095828170b7d86988d2fdfeaec58510de4a0c6bf7f1faac67b8,en,Internal Project,Internal Project,True,0.9952200064096788,22,22,1.0,43,43,1.0,35
ae0fd6790dc4618f487dabd69b8d13ee94a88bd6f45dabb9c434f675111b3378,en,Internal Project,Hardware,False,0.2969401465683546,27,27,1.0,53,45,0.8490566037735849,40
5d213f8b0f0d32d5e4cfaf03d9b59d2bb4308e6deb78e8d839706e6b07fcd716,en,Internal Project,Internal Project,True,0.8991478276343521,133,132,0.9924812030075187,265,201,0.7584905660377359,128
0a68e891e51509db70215939fc3e46f92bf0beb7e2a42a00131d22c2b0b2b18f,en,Internal Project,Miscellaneous,False,0.5959666257376848,22,22,1.0,43,36,0.8372093023255814,26
eb97f4e9021d9c528a46024cdf2669af0945523feaea23e16bc16814c8b283e2,en,Internal Project,Internal Project,True,0.6014476986226513,46,46,1.0,91,86,0.945054945054945,63
6d2fff4e54512cb99cffb33631d7bf633754dd6d8d28ba5d458daecd90de306d,en,Internal Project,Internal Project,True,0.8025266461793013,16,16,1.0,31,22,0.7096774193548387,19
c6d42e2d9d3f1a83da6c3c411916398c8f05bb71fc9840dd1138c7294f1dd223,en,Internal Project,Internal Project,True,0.7882559541447085,23,23,1.0,45,34,0.7555555555555555,32
1ff83527e7a90aa492eb5d37537155dca011392e009b94cc9a5067ea1cb3d880,en,Miscellaneous,Miscellaneous,True,0.9373401456705587,162,161,0.9938271604938271,323,277,0.8575851393188855,175
d0a4656ef37ea04e81b8a88ddfba9d578ffbfa00f6428853494907ff54822712,en,Miscellaneous,Miscellaneous,True,0.4629002055334701,46,46,1.0,91,85,0.9340659340659341,73
357453763a21628b9984507b80805bd6c63ff75c2bba18fd3add3c7d860ac0bd,en,Miscellaneous,Miscellaneous,True,0.5039850014430477,48,48,1.0,95,55,0.5789473684210527,28
5a86df729c0062db315caba2a8aec59d8ba82bf66e29842204b80abe918c8975,en,Miscellaneous,Miscellaneous,True,0.5049591545414905,34,34,1.0,67,65,0.9701492537313433,62
0234cbcafb08f07d6f32dfb2ab733b1c5399e96b37e4ac8534821e3a406c3bc4,en,Miscellaneous,Miscellaneous,True,0.7624468293925997,18,18,1.0,35,30,0.8571428571428571,23
70f3eed0ff12232de99fe6843467df2721e782d359f513627e8816d86d054d83,en,Miscellaneous,Miscellaneous,True,0.7457539213291814,38,38,1.0,75,66,0.88,61
4f77461828f2f3bf5d16abe1f26e5918998ffc261448315082b416f0b62bac5c,en,Miscellaneous,Miscellaneous,True,0.5084671985314663,78,78,1.0,155,144,0.9290322580645162,113
bf26b13337668a1aee8dd378b7e3042f81f95b6af41d05742c1132217ec0deb2,en,Miscellaneous,Miscellaneous,True,0.9391447377090216,57,56,0.9824561403508771,113,70,0.6194690265486725,52
2067e19ccf56b687366735c20a110471baf40671c121ce987954661cfce4c0e9,en,Miscellaneous,Miscellaneous,True,0.6537617897891435,62,62,1.0,123,109,0.8861788617886179,58
893e072fc9fd024ed6568a3a1e1ad259e0e9914120ebe442c9ec3df25ab5af44,en,Miscellaneous,Miscellaneous,True,0.9810314735459232,19,19,1.0,37,35,0.9459459459459459,34
ff6d4fac3a8a2a525a94f6416bef2a744ba0072a9a93730f7d6fec6dea202051,en,Miscellaneous,Miscellaneous,True,0.9825332325351462,13,13,1.0,25,20,0.8,20
a2a13b3ea064b8bd4576e50ebb2e60abc14015e6b3373b1aca5e8872e73addba,en,Miscellaneous,Miscellaneous,True,0.9982051616864287,15,15,1.0,29,27,0.9310344827586207,25
85a90eb1f7b29bb4563f01c6e1bb1a0938588727a6441b3d478341b5111125de,en,Miscellaneous,Miscellaneous,True,0.9112761097131606,23,23,1.0,45,36,0.8,34
1658c86622806daeda873367179603191e644bb46ff022e6914965f875d75615,en,Miscellaneous,Miscellaneous,True,0.7616292989796608,29,29,1.0,57,46,0.8070175438596491,41
cd502d43656fac7117b8b192291b29bc88badead6eadb4e7e79d790068588d61,en,Miscellaneous,Miscellaneous,True,0.9267148535968279,31,31,1.0,61,53,0.8688524590163934,42
add0ecf441c2b428189e503b7ac947f434055760e1b0e1663ba67adb97bf36f6,en,Miscellaneous,Miscellaneous,True,0.3453105593985279,22,22,1.0,43,37,0.8604651162790697,33
e607a1b43c5c57ced9f9ed714103b06a64c4a99a14337315eab5a94e1d1cc8f8,en,Miscellaneous,Miscellaneous,True,0.7055617627578799,42,42,1.0,83,65,0.7831325301204819,49
a40bf5b283c47daa056a8374663fee07d6a5f30cf585a5db6abe41ba261db784,en,Miscellaneous,Miscellaneous,True,0.9954862345473326,33,33,1.0,65,60,0.9230769230769231,49
a11123f68748bb4243897382cd66ffce7aa2b54a20d274366db2b04b559baaf4,en,Miscellaneous,Miscellaneous,True,0.681878435646853,16,16,1.0,31,23,0.7419354838709677,23
3ce97746dadde6f2143a458bfae79bf418175f3234d31d7e977aca4119f8325d,en,Miscellaneous,Miscellaneous,True,0.44355068418360233,20,20,1.0,39,30,0.7692307692307693,18
83069479b9dfaa8e88b682f09b745bcd27fa75358750feb5dda7057365edebf3,en,Miscellaneous,Miscellaneous,True,0.8638679305165882,36,36,1.0,71,46,0.647887323943662,36
d1ed43dd5fe779ebcb75970e7386cd70ae30a6549ea2e59b99447c535009bc75,en,Miscellaneous,Miscellaneous,True,0.8355136479492093,257,257,1.0,513,454,0.884990253411306,235
324698af40080565852466efd2934313d88f6dc3f21c0024598a9f67c3d14b08,en,Miscellaneous,Hardware,False,0.3673730244261406,16,16,1.0,31,26,0.8387096774193549,24
1f9041b0c7f1c2c3425663e576c2ccc4d401b22417762b6dcd15e13f2e2a465a,en,Miscellaneous,Miscellaneous,True,0.5980297776770719,59,59,1.0,117,113,0.9658119658119658,91
41d14cea87e9f07f47fb674bfe8553d19407a1acb8959b8796417bd1190d767f,en,Miscellaneous,Miscellaneous,True,0.7971131497583963,26,26,1.0,51,44,0.8627450980392157,38
6ccc355b62463e3b180b2c6ecb033214b615124489f74a3a255943820098b1c3,en,Miscellaneous,Administrative rights,False,0.3179942284448284,14,14,1.0,27,17,0.6296296296296297,11
7b1ca98564c866392a422c309bd89f721986acd33ff72b3d50c212fc5c9c0437,en,Miscellaneous,Miscellaneous,True,0.6428534905586274,44,44,1.0,87,55,0.632183908045977,29
8bbe617e79458586fd622439946a08f9b9b7d294d413d7a1bc671cea31749dc3,en,Miscellaneous,Miscellaneous,True,0.8471106360782806,37,37,1.0,73,69,0.9452054794520548,56
ca939531a7ba76a7ba1186a17a0a91a075c6f0b9955046aeff471527d4940db2,en,Miscellaneous,Miscellaneous,True,0.9409210755859884,22,22,1.0,43,35,0.813953488372093,31
310efa702d019ac1411501dca41ad2aee761e6765a52c65c6808b173bbb409dc,en,Miscellaneous,Miscellaneous,True,0.5098318163170641,41,37,0.9024390243902439,81,44,0.5432098765432098,41
fc7dd816c3d982edeb64faa0059590f883f015d0b8c344256b1a93ccecf1797b,en,Miscellaneous,Miscellaneous,True,0.9543133133214519,71,70,0.9859154929577465,141,103,0.7304964539007093,87
9496dc97aeeac3b3d1e1614d92da6b9f8e3a403c53f436762193dacbf2e25249,en,Miscellaneous,Hardware,False,0.43978455588189597,31,31,1.0,61,57,0.9344262295081968,49
6e2d2a8f8e4fba70258bf8cba6efead832ced28c4c8856021f0fb4993de67daa,en,Miscellaneous,Miscellaneous,True,0.5240474232001169,41,41,1.0,81,69,0.8518518518518519,64
72f04d61b29d49a4664fabf2c667ad46ce6cf2e9ac870c928967498e8527ea7c,en,Miscellaneous,Miscellaneous,True,0.9580883974209419,50,50,1.0,99,97,0.9797979797979798,64
807762659ad8aecb6fbeb2f424c6d9ac871918e3f7ab392701ef54e320e9b876,en,Miscellaneous,Miscellaneous,True,0.8578559073380735,188,188,1.0,375,346,0.9226666666666666,269
ab55dec69693b0b47dc25e50d2e9d6468542b39ae23b93467736ec0e3c0cdc60,en,Miscellaneous,Miscellaneous,True,0.8767820421661988,27,27,1.0,53,47,0.8867924528301887,42
1324c4a9c466ff9819c706114b845ff2551032b81a3cd1c12784c678477b263f,en,Miscellaneous,Miscellaneous,True,0.836158244675692,52,52,1.0,103,103,1.0,67
17cf3235aa4d67c25c466f84fc307622ddacad39b69bd02a40166f2641c8b03d,en,Miscellaneous,Miscellaneous,True,0.9995262054683067,14,14,1.0,27,27,1.0,22
f42e685a09cba0d829eca9c953ed1e05cb5942b307e467bf7e6de80e87d9e666,en,Miscellaneous,Miscellaneous,True,0.51508371704112,27,27,1.0,53,40,0.7547169811320755,33
55475fcc5de8c90518c26c75b10b4c990cbb1b7849e2dc85c2066f038305711b,en,Miscellaneous,Miscellaneous,True,0.9996846406681803,10,10,1.0,19,18,0.9473684210526315,16
8b87f1d020045a5a0a738258a34993df9feede1362580ce1b444831210a432b9,en,Miscellaneous,Miscellaneous,True,0.9663661841988684,14,14,1.0,27,23,0.8518518518518519,21
a7639edd1feae0faa83d818efc7848b52318309be053befb4e178beee769a69b,en,Miscellaneous,HR Support,False,0.24186934767210494,19,19,1.0,37,28,0.7567567567567568,25
f5c3a8bfcf29bcee8ab31bbd30e8bc4abab1f3d938a48f55e669538e689f7988,en,Miscellaneous,Miscellaneous,True,0.999414341159155,16,14,0.875,31,23,0.7419354838709677,19
c107c076ff51d0a8c878f0018398fd918506fd7dd23d4b178f5597963b9b71b1,en,Miscellaneous,Miscellaneous,True,0.9740964133495693,10,10,1.0,19,16,0.8421052631578947,14
f995ec3fc1c903ee7bb0a0aecdae1ab87b916a840ad2b8b0a957e8635b003f19,en,Miscellaneous,Miscellaneous,True,0.9937937564209818,22,22,1.0,43,38,0.8837209302325582,32
1b28c6f58542a88fbdc36643c619c993475a504ce74295a4acf4be9fe8d7ef17,en,Miscellaneous,Miscellaneous,True,0.9901337309266138,18,18,1.0,35,33,0.9428571428571428,30
f54a0c1f967e3483a83c83378792c396afa2b5420265cc903076ffb086781aee,en,Miscellaneous,Miscellaneous,True,0.7674352782424406,18,18,1.0,35,26,0.7428571428571429,16
45a3ae6f011a222cc5d3fa15ab0fd8a382f6de03693e0bc0fb0d51c9fdb37868,en,Miscellaneous,Miscellaneous,True,0.6350866706170305,307,296,0.9641693811074918,613,437,0.7128874388254486,236
61f6fcd3ca85d13148ecfb390d07f9a727345fabbc7faa1fbbd412210bbea8dd,en,Miscellaneous,Miscellaneous,True,0.7322329825681282,126,126,1.0,251,243,0.9681274900398407,194
ba02a1d8f97de423f2f5c18a750e428e1dba6ead85acad05812c1f812ee90512,en,Miscellaneous,Miscellaneous,True,0.5903672865112362,41,41,1.0,81,75,0.9259259259259259,61
2db932089262dd6e4c58639145c6c5cc7d79ed5abba707afe81380bceb40d1c6,en,Miscellaneous,Miscellaneous,True,0.6220196677165802,11,11,1.0,21,18,0.8571428571428571,17
1611d37b97786524e871177e779abec3141394d1b38d5048f93c12ae34631b8c,en,Miscellaneous,Storage,False,0.5195497156861271,344,344,1.0,687,627,0.9126637554585153,419
560ff741f9b67b68ca8eae32aa8d615ffd3bca8f3412a14609e700dadb858947,en,Miscellaneous,Miscellaneous,True,0.9997886340990864,10,10,1.0,19,19,1.0,17
2211ff827282c2e35273b460f2751a983cd0024237cc6aa29a85a381e7057ad7,en,Miscellaneous,Miscellaneous,True,0.8303704182021715,37,36,0.972972972972973,73,48,0.6575342465753424,41
6042b48b127fc1b6906c1aea96f25d9459dac2d18944da5122ab504de3fe28ee,en,Miscellaneous,Miscellaneous,True,0.960373445726052,24,24,1.0,47,40,0.851063829787234,33
6da3ab0eb16f5862d61a966b7482597646a394b436f60a889d1930b02f116f1b,en,Miscellaneous,Miscellaneous,True,0.9853451672731542,40,40,1.0,79,72,0.9113924050632911,53
a5c7c283198bb2a2be4b4369873e6faeb1ecee7366a72162f4064d0616393366,en,Miscellaneous,Miscellaneous,True,0.7739080881245057,26,26,1.0,51,42,0.8235294117647058,36
70a0f73ff3ee5cbe6db2c12a6d7f82790ef32dafa2d73b8c00b32b0ea0dbeddc,en,Miscellaneous,Miscellaneous,True,0.4444794912398757,50,50,1.0,99,79,0.797979797979798,66
9cf7e5bac907ae97b0f504ad9547ae85970af08fc41e62e892d966b14411b34d,en,Miscellaneous,Miscellaneous,True,0.4030967015291878,15,15,1.0,29,24,0.8275862068965517,22
a0dff195e61ac5acf68fbd705c773736995b6c42ed22a16904f3e58a0c3a0bf1,en,Miscellaneous,Hardware,False,0.4505495472169856,11,10,0.9090909090909091,21,14,0.6666666666666666,14
e16dc9441e9fa14b045fe49d41b62ea7913bc456bcabade1308e5d996bb934e5,en,Miscellaneous,Miscellaneous,True,0.41766477421703446,12,12,1.0,23,20,0.8695652173913043,20
76d41701217b8ae8d02271a02392f00b949600c45bc43d8a5f87c0b6ade9d493,en,Miscellaneous,Miscellaneous,True,0.32708588775542563,24,22,0.9166666666666666,47,32,0.6808510638297872,27
7696013e286860e74b130549af366cc49756ec71c79027ccca9b1923131f620d,en,Miscellaneous,HR Support,False,0.3126253972561397,14,14,1.0,27,23,0.8518518518518519,22
aa6b3db48dcf5d7a6e8b95cc20b8611ffa62195e7cc325f1d2ac021250d638d2,en,Miscellaneous,HR Support,False,0.6799281836456964,25,25,1.0,49,43,0.8775510204081632,36
dfbb10e4bc1ad1d2556b1468e047ff9d7a4fb2f685b8eb340c511ef46d4646aa,en,Miscellaneous,Miscellaneous,True,0.9603342851822128,9,9,1.0,17,17,1.0,16
f6f3dcad3f517f55e334e99c59d994732e4414a0286b7c2f3be5378781bc9078,en,Miscellaneous,HR Support,False,0.6333132468951503,8,8,1.0,15,15,1.0,15
032f0e526ae06ce654b5b683b7f405a45f41e8b28280a97c7c3a1dbfeadf42b5,en,Miscellaneous,Miscellaneous,True,0.9560642793058448,11,11,1.0,21,19,0.9047619047619048,17
3510273c5dc2a1e200deb0fe0877dae38bf37634b2c045be7d8539a33b23f54d,en,Miscellaneous,Miscellaneous,True,0.9060725279943389,20,20,1.0,39,32,0.8205128205128205,24
5196a6b517398530c77a73405946e60cff1f5de74788c9654f694bfbda7ea0d9,en,Miscellaneous,Internal Project,False,0.4176142948723556,190,190,1.0,379,334,0.8812664907651715,184
0af4525ccf5596f34b6425a88683c6789c07a7baa73fc0b91f3ffeec882d45d0,en,Miscellaneous,Miscellaneous,True,0.5590806996060372,22,22,1.0,43,38,0.8837209302325582,34
b2ae85ab4d3ab9fa94c28b9fa8011ebf42fb2d4d201e8a92f8f8c546a8f16b50,en,Miscellaneous,Hardware,False,0.7513520209754191,8,8,1.0,15,11,0.7333333333333333,10
74698ff22d96773ab028bd2eb9cd72aa267e43412adfc4e375457c6095fddb0e,en,Miscellaneous,Miscellaneous,True,0.8589740477829061,28,28,1.0,55,52,0.9454545454545454,45
c40b1fd96cf4bd1bf05521454918566137c4a56d96780db39a5b5868fd1b964f,en,Miscellaneous,Miscellaneous,True,0.7237175704110221,23,23,1.0,45,38,0.8444444444444444,30
189eb28561833e7685f6edc51e81b0c8d05b21cda7daf7e9ea65c7fa4c256063,en,Miscellaneous,Miscellaneous,True,0.8858856302976466,18,18,1.0,35,31,0.8857142857142857,29
66d0f942f05a2780c42c1c80fd5b8ece55e886222e5ca5566164b10786d4dcdb,en,Miscellaneous,Miscellaneous,True,0.9842005439761854,14,14,1.0,27,21,0.7777777777777778,17
2301ef1d0f565f780b9baa9320492b79e1ad8d0661c849eb7106364ec2031520,en,Miscellaneous,Hardware,False,0.39643310905412676,39,36,0.9230769230769231,77,55,0.7142857142857143,47
fe12cf8621b21cfc30d5f8b62179f36bd25a0c5e311904b69b7a3d5a5801fc7a,en,Miscellaneous,Miscellaneous,True,0.8729907078058949,17,17,1.0,33,31,0.9393939393939394,27
5fc85d51c8dc5596d9da66699e95f74b74d5a1b203f45c8d60b4fb0ce1ae7ebe,en,Miscellaneous,Miscellaneous,True,0.9981609042635646,13,13,1.0,25,25,1.0,23
f9611df814424a2ddaf708a0c5bf8d85753a3721028b06c5c6d39af7fcc9af61,en,Miscellaneous,Miscellaneous,True,0.8410851590524022,21,21,1.0,41,35,0.8536585365853658,33
29c069e7cff173c93bbf77eafebe51967e4eb143c38d47efaca9b325684e4246,en,Miscellaneous,Miscellaneous,True,0.3971827001774808,17,17,1.0,33,27,0.8181818181818182,23
e86f506d67e11299e8d43ad2840aaab50c65d326572e2ba74d363bece59923b6,en,Miscellaneous,Miscellaneous,True,0.4465547549365396,50,50,1.0,99,80,0.8080808080808081,66
593f8902adc575a78cbd5a206f09ec97130ced7c231afd8cebb52ad0120e2bc8,en,Miscellaneous,Miscellaneous,True,0.49920425611620844,34,34,1.0,67,50,0.746268656716418,40
467497996478cb67cb455e71a9e588b4d6623292d98566a287f99b70a2e44840,en,Miscellaneous,Miscellaneous,True,0.6909728248695801,140,140,1.0,279,267,0.956989247311828,194
305cc647cf21d82e9944d8d2ed0cef4cd27c02504feb53503d95f50dc1a85f47,en,Miscellaneous,Miscellaneous,True,0.6457502910010058,113,113,1.0,225,202,0.8977777777777778,166
dd27d6b3a0fe3b5ffd3189eafaa8e11419a5254b120ec1d3934b4b6f4e6e0a7d,en,Miscellaneous,Miscellaneous,True,0.7616694491612962,871,862,0.9896670493685419,1741,1200,0.6892590465249856,565
11a73954e0b08f6ff34352106fd0a622449a527b11d5dc620898bf3e19e300ce,en,Miscellaneous,Miscellaneous,True,0.9316298136579529,7,7,1.0,13,11,0.8461538461538461,9
1268b27b0c42866b4515dda94e8180cabad10082e5b5616a01f4b80c0d418572,en,Miscellaneous,Internal Project,False,0.39098763283891547,11,11,1.0,21,15,0.7142857142857143,13
409deea50375495c9d7064725db46ebbd29a3afd73eb1fc0df017c8cd8f6b0ae,en,Miscellaneous,Miscellaneous,True,0.9919944716295453,43,43,1.0,85,61,0.7176470588235294,46
046db971b1960a5554616e01618cafabcb29d54e29dcdcf024dece2ee7031986,en,Miscellaneous,Miscellaneous,True,0.8504594362301469,40,40,1.0,79,78,0.9873417721518988,73
df076fa765c6adb49a89ae086cdef6e06ba928b7f84b9788d6013f59c10d99ed,en,Miscellaneous,Miscellaneous,True,0.883959308063428,29,29,1.0,57,56,0.9824561403508771,48
40691a95196f4dc1fc33a22dbdfa8c48f3f260a72d48ec05fbc76dcc18d3b5a0,en,Miscellaneous,Miscellaneous,True,0.948000570378827,63,62,0.9841269841269841,125,115,0.92,77
6da677e5544235342aa07ef246f53fef879580ac187d5038f426335689758aac,en,Miscellaneous,Miscellaneous,True,0.9934846005240423,17,17,1.0,33,31,0.9393939393939394,27
38f558c036de921847a5ae0aca6c8e782ab1193f060c10eef2e339fd9f918134,en,Miscellaneous,Purchase,False,0.30751887180114557,18,18,1.0,35,28,0.8,20
19a3bb38c0b7d463fc167c3d8f4cb1892969a73149627be89424c9b06f446858,en,Miscellaneous,Miscellaneous,True,0.9848417051724087,6,6,1.0,11,10,0.9090909090909091,10
1026dfb6f4faa7abbbc1f5c1c71b978e6ef4d0648adf83517679a9c0f3f987d6,en,Miscellaneous,Miscellaneous,True,0.881220308676509,40,40,1.0,79,57,0.7215189873417721,52
0af7283d2b1e1b8d32cb3fbe41a776989695cdce9819f3b1874429bd90c12626,en,Miscellaneous,Miscellaneous,True,0.9726634339406476,26,26,1.0,51,44,0.8627450980392157,41
a58742fe1fcdec0eb102011c6f6eab762497776807289329f55b816c2e12c339,en,Miscellaneous,Miscellaneous,True,0.8346357999583844,124,119,0.9596774193548387,247,197,0.7975708502024291,127
7dab5a2b77f0f506b469ed3db0f0baa1e04110a378ff4751404d7dfb00d8c8e3,en,Miscellaneous,Miscellaneous,True,0.9883529832910801,46,46,1.0,91,70,0.7692307692307693,58
0ceb5476c7ae5b3f0138d457b6217df61830fbb7532d24595673ad69802d1d75,en,Miscellaneous,Miscellaneous,True,0.5457500878910384,40,40,1.0,79,61,0.7721518987341772,54
6c963bf34ebef92a0e01fd789c86e1897d84eb39b57969ec9288cd219b05fb6c,en,Miscellaneous,Miscellaneous,True,0.8847942427380083,5,5,1.0,9,7,0.7777777777777778,7
9332f976c8cbea2fd428ed736aa3b0b76b0cc3ac37e9e790985478bad4b94c02,en,Purchase,Purchase,True,0.9947726353403091,20,20,1.0,39,34,0.8717948717948718,33
1208e8696bc2e1add3ea9b6c192eb2c83c27525d5a22f4d96aa38016c1d1062b,en,Purchase,Purchase,True,0.8039262516588321,29,29,1.0,57,50,0.8771929824561403,40
3c4e530364858b0fefc4cff983c6526ce8f9f13ce548fe39abfd5087e22f0738,en,Purchase,Purchase,True,0.9999446904925537,17,17,1.0,33,32,0.9696969696969697,29
431b5ad6eb0c0719dae3fd0324bc55b3740b5eb1fc1028ce084ee9d97d65f921,en,Purchase,Purchase,True,0.9996683623674879,34,34,1.0,67,64,0.9552238805970149,56
ff348190d6fcaafc564de99f073c056e738b61adb3e7cd0718cb03fc1741fe58,en,Purchase,Purchase,True,0.9999082727284224,26,26,1.0,51,51,1.0,47
f3d8729d0979b130f68a6631454de68d392d521356c47dbefdd82badb9c4811d,en,Purchase,Purchase,True,0.5204969796612448,15,15,1.0,29,25,0.8620689655172413,22
2fa54f521a25e6c4c2cc18d09a9f6a222eaa65ac4b578c0fa987e2ccf99da469,en,Purchase,Purchase,True,0.9997543606705391,17,17,1.0,33,29,0.8787878787878788,26
2b7a129829539ddc5b48aa728f02288a10f8e5a16ac16df27508fc8070b1f255,en,Purchase,Purchase,True,0.9999437009305833,27,27,1.0,53,53,1.0,49
a9c16cc370ccf97125408cbc191caad923ec201835d2bf83c498dfcae3d03058,en,Purchase,Purchase,True,0.8025440851952246,24,23,0.9583333333333334,47,35,0.7446808510638298,33
b2b5a9a63a868078ea19f1d5989fce59519852e567defbf104601e3d21a549d8,en,Purchase,Purchase,True,0.9998833424704571,16,16,1.0,31,31,1.0,28
b701f8fb203935c29dd73a33f5857773a01395439cfe27af453f8972d3b651d2,en,Purchase,Purchase,True,0.9359605184903659,21,21,1.0,41,38,0.926829268292683,35
894ff64c7bfa0aa0eba9370bf503e7410d337c7817fe78ffa6f717da586e1dc3,en,Purchase,Purchase,True,0.981861527619798,10,10,1.0,19,16,0.8421052631578947,16
e3fcacc9d0fc4519cb3bec12a36638348c3740bae12506208fa6e4827511e275,en,Purchase,Purchase,True,0.9999502328938802,30,29,0.9666666666666667,59,55,0.9322033898305084,49
d275213dd32e95fb487b0abda14d3b33d4fde4cea922225d7ca177f5266f87d8,en,Purchase,Purchase,True,0.9999732562153247,14,14,1.0,27,27,1.0,24
816d4d4ef788d8171c0226a577c60912c11c180a8279340eba92487524e5dd1c,en,Purchase,Purchase,True,0.9450448519863878,18,18,1.0,35,31,0.8857142857142857,29
bda8734432d3045acdfa882d9a749764fad13340296b63fad9db196280c930ed,en,Purchase,Purchase,True,0.9999592097958728,14,14,1.0,27,27,1.0,24
77e47fc2acbde3dfdad19d15d2b71f86477f0df94ec98a47a189158ece33cddd,en,Purchase,Purchase,True,0.9802012190664838,70,70,1.0,139,139,1.0,101
e0554556010c59774eb06adc621980e03d9533a6a6a23880879dde181c06b6b4,en,Purchase,Purchase,True,0.999033584157942,46,46,1.0,91,88,0.967032967032967,69
8d9728c7c639303ad9c7bb3512e9eecfad45d170ec4d7f4a877f71c50e45b074,en,Purchase,Purchase,True,0.9998823252007393,16,16,1.0,31,31,1.0,28
4f1c93c65087fa08ab79022f7504778a5d5017ad0ce19162ed4edd3f9bff01e3,en,Purchase,Purchase,True,0.9990104148851343,34,34,1.0,67,65,0.9701492537313433,58
74da4e05ffb6afdd9b4c3a32be7b42986a743fd99d64ccadc95943a1e7e7ffbf,en,Purchase,Purchase,True,0.9992604724647055,15,15,1.0,29,25,0.8620689655172413,22
2d61dc1233accd4646e9b0c5b013ab9146f7080c33ec188d7386901945a8df33,en,Purchase,Purchase,True,0.9908065343109974,19,19,1.0,37,35,0.9459459459459459,34
734910db22f86c08d0b5db395f481e0b3dbd28935cb1e7f47c874b416484a7da,en,Purchase,Administrative rights,False,0.537383852844358,16,16,1.0,31,26,0.8387096774193549,23
73090503d86d34b68d94707abdafb4b9cb2d10cd58b12c1396d741f7ac06d849,en,Purchase,Purchase,True,0.9977317125899504,18,18,1.0,35,33,0.9428571428571428,28
14aa129d72415ab8aadc19fc4bfa99bfbfac191e362d955a939a391cf8b55a5b,en,Purchase,Purchase,True,0.9986896011566069,46,46,1.0,91,91,1.0,73
bbfc414c81021d797df6d4873cdedfc0e7f53f2333519ee210f8d35ffd051108,en,Purchase,Purchase,True,0.9895231378679378,47,47,1.0,93,86,0.9247311827956989,76
b353376a8953ca2289c6f24373435b44c4523787409aba023ddca977625b424a,en,Purchase,Purchase,True,0.9973610920990288,25,25,1.0,49,48,0.9795918367346939,46
63d6acdf495689d7de3be39226c623a5dbebd9de8bb827c03ed2777d786e5edb,en,Purchase,Purchase,True,0.865641802284053,15,14,0.9333333333333333,29,25,0.8620689655172413,24
e7d32ff9e01b6e03c7c1030be7d56ca30bd50832fdfebc869bbd58b8fc41a541,en,Purchase,Purchase,True,0.9840030881437017,34,34,1.0,67,57,0.8507462686567164,48
cf37fff2490fdc7cb6e825373586c1c7134eb86b839e825ef836486228c911e9,en,Purchase,Purchase,True,0.9998505808601083,36,35,0.9722222222222222,71,65,0.9154929577464789,58
b67c8352ba468a8c4bcdd18d3fb3c92d3211cc44824cd807d9b248fed1093aa4,en,Purchase,Hardware,False,0.24763375865816328,19,19,1.0,37,28,0.7567567567567568,24
52e6e2df666c39fe37c8c4e097b67ff7aa13ad3fb3552c16f948b47968b7351a,en,Purchase,Purchase,True,0.9480798307289984,29,28,0.9655172413793104,57,50,0.8771929824561403,39
dac963f2a47b25239a71cdbc823f3358f109051801220b95f40bf6f31daee785,en,Purchase,Administrative rights,False,0.25154839882674335,17,17,1.0,33,32,0.9696969696969697,30
4d0630976e78347918b626345bae0b72ab386f115e362c54932b5b16b2f982dd,en,Purchase,Purchase,True,0.9998995789775427,33,33,1.0,65,65,1.0,58
0e4531e5e39efe30aca34367cce3c53a64c878e206708a24375796861b87f741,en,Purchase,Purchase,True,0.9998589461146113,38,37,0.9736842105263158,75,71,0.9466666666666667,65
b18db74441ba3bc87e77f504b4eeed706e7c108756cc99152fc3afa57906a83b,en,Purchase,Purchase,True,0.9914783945788631,17,17,1.0,33,31,0.9393939393939394,28
a842d975681c8a753a479fe4f3a1bca83684fb479ebe150c86433d2fcfbee1d4,en,Purchase,Purchase,True,0.9999470869928935,30,30,1.0,59,59,1.0,52
0c8c6c862363205368ba20532ff5e84fe911aef8e01dcebe6dc6ed00c9f07b43,en,Purchase,Purchase,True,0.9277958948929335,13,13,1.0,25,25,1.0,24
95a6eb9bd46dbfa6029d8f21213caff1a5d36e3fa8133f2d472afa2a5d8502b0,en,Purchase,Purchase,True,0.9997959223826545,43,43,1.0,85,85,1.0,80
42a6e43028c7db8ba78bb55b21f43f83227eaf2dcefea22d5e8e4a86d44def27,en,Purchase,Purchase,True,0.999712536057755,68,68,1.0,135,131,0.9703703703703703,104
e037bffef4bcf85812510abfa091cf6bc236c6ae792ab041d34632132cec9324,en,Purchase,Purchase,True,0.988890677909322,16,16,1.0,31,27,0.8709677419354839,25
32580870615ecf722c7d42e5b1cbac3801c64746ce780e1b3ef70d8914d77598,en,Purchase,Purchase,True,0.9999893315190257,27,27,1.0,53,52,0.9811320754716981,48
39933f0a0f8fd8d46d7c40aea73a96fdb29156e7c45e7f3ac1f1feab549408e4,en,Purchase,Purchase,True,0.9904512444433516,58,58,1.0,115,115,1.0,80
c22209301c15dbf9fe65cc40eae312c4dccf4a6ab4297d8e9dfb25464a33334a,en,Purchase,Purchase,True,0.9998473109905746,34,34,1.0,67,64,0.9552238805970149,59
fbd578a3b09f71dc5d508f528d56abee4f40aaf3e3b216a2764b9c077e066902,en,Purchase,Purchase,True,0.9998006699532713,33,33,1.0,65,63,0.9692307692307692,58
d7a84e4c7db7a108a39dce7ff98ef317833bf3db8316520aa92643728fa9d5b9,en,Purchase,Purchase,True,0.9997546052996138,33,33,1.0,65,62,0.9538461538461539,55
6f58c038cf77e1ad83c9f025998cc20e79d51de1b409d75d1e72350d12134a01,en,Purchase,Purchase,True,0.9987341990636214,17,17,1.0,33,31,0.9393939393939394,30
ee01d92a15f84e81a211a80cfdc268d08b0885b19a1ceb4dc555532d00892589,en,Purchase,Purchase,True,0.9876406127078162,22,22,1.0,43,34,0.7906976744186046,33
bb30bbe9a21c97cacec4002c2065968eda14200522530185fb5d2c2a90e7e959,en,Purchase,Purchase,True,0.9981601394971431,33,33,1.0,65,63,0.9692307692307692,58
6b6ce969b8d8a5e32bff709faa6f48fe12e9f5383901f4608d881b32bf6399b4,en,Purchase,Purchase,True,0.9999217705530978,30,30,1.0,59,59,1.0,54
55df270a838b1d63ae0c4ca9491c91157b8415720ac9314a0cbc4e448b8f722c,en,Purchase,Miscellaneous,False,0.923497273153981,14,14,1.0,27,25,0.9259259259259259,23
4c6fb0ccc2ae849ce2c7b29d21fd943a4db6d4053e46f161f11e08391592f9b4,en,Purchase,Purchase,True,0.9999386062493029,29,29,1.0,57,55,0.9649122807017544,51
b85ca8c755d4e952aac5badd146a4f7940515f046c3eca3c99bdb2c81711bc20,en,Purchase,Purchase,True,0.9998653332778591,35,35,1.0,69,66,0.9565217391304348,58
758b49608457ff5519bf883d5e48e57d31026aadc84ae042da255c74476314d4,en,Purchase,Purchase,True,0.999839803312972,15,15,1.0,29,26,0.896551724137931,22
9db76619be99e1d95b45e5ef249356ee67f70c9023274555f583653c0f60fc70,en,Purchase,Purchase,True,0.9997227770085999,31,31,1.0,61,61,1.0,56
573e01cb4fb02e15ef6b024aafd06b1272e84c01c497920555605a1b3083b474,en,Purchase,Purchase,True,0.9999842150728059,26,26,1.0,51,51,1.0,47
8ebb13251b10fc3139d74706a4e4813c3d7862b7ce11cb195c8e2112cf1d0fe3,en,Purchase,Purchase,True,0.9931729350742777,24,22,0.9166666666666666,47,38,0.8085106382978723,35
9faddc0a1ba455abb6178f86eb9ab8984839149f57e097492229da725acec469,en,Purchase,Purchase,True,0.9999452896628017,29,29,1.0,57,57,1.0,53
89f400da18b6081465b718cc32e7b7df36b6d47c0da8ee7c4bfbd926aa4b5c5a,en,Purchase,Purchase,True,0.9998731442716039,41,41,1.0,81,81,1.0,76
c9f2d504e9c60826555eeb46b6e023062c180bc8579320f3d51f02e1496c3c93,en,Purchase,Purchase,True,0.9999204666922266,31,31,1.0,61,58,0.9508196721311475,54
181ef1406d7658a4f9af3b074eb8c588635e3fa405d210044db890f62d398308,en,Purchase,Purchase,True,0.8832699662488767,19,19,1.0,37,34,0.918918918918919,33
bc91be15dfa10fd4b63c2c29f20f8fdf285f336dd47380d4bf65852397f6095d,en,Purchase,Purchase,True,0.9998947765114605,31,31,1.0,61,61,1.0,57
181b910617ea268067e3256ead13ae6109ddf8a6c479e98b714236c4854f09c2,en,Purchase,Purchase,True,0.9998761784852379,26,26,1.0,51,51,1.0,47
3d0f638ed6716b2dbdf5680698adc8553fdaf4f462c77ae3e49f2a36fe522a8b,en,Purchase,Purchase,True,0.9999031482000679,30,30,1.0,59,57,0.9661016949152542,52
4c7bcbcdb5d48e7a3c1397478f31654b270d52457f9b56f2fc9e641077b5e5b6,en,Purchase,Purchase,True,0.6553116707472995,35,35,1.0,69,53,0.7681159420289855,46
d18e4ecac06655dda4e4e3f757c7e85364cd5ae2456060a49aae54c5ab40a24f,en,Purchase,Purchase,True,0.7957043459107144,23,22,0.9565217391304348,45,26,0.5777777777777777,19
aac97eeb9f00c9486e3d155f8dcd3ab6943ee3b20ed3fc6e589541458716febe,en,Purchase,Purchase,True,0.9905006984085589,28,28,1.0,55,55,1.0,52
c097b61ba4b4de9e6971c3ef7e2be9d71b204e11312c3a408100469f7d8f54ad,en,Purchase,Purchase,True,0.9899964434936732,89,89,1.0,177,175,0.9887005649717514,129
67f90b9f85f90daa690bdd60e6340d256f6c8565a29c87010116288cedad2e5f,en,Purchase,Purchase,True,0.9999222504299605,46,46,1.0,91,89,0.978021978021978,71
35edd1e2100012233d431419e23209ec756963a44013ae977d979b3f53a6fed5,en,Purchase,Purchase,True,0.9991419343366443,43,41,0.9534883720930233,85,68,0.8,56
966335d39dfe2f5ece52b4160b79074aff72cd866a4fcd26eb37b22739c92a7f,en,Purchase,Purchase,True,0.9982479133945023,44,44,1.0,87,84,0.9655172413793104,74
13bb3d49b83d767f8d17ca31c89884ba38ff6d582c2713a16b8bb6fb0ba6d233,en,Purchase,Hardware,False,0.6659377550867879,105,105,1.0,209,192,0.9186602870813397,117
239b3a7d4d724eb0bf20986b63f4679f812eef5feff434cbe5c8c77e5e9a9eb7,en,Purchase,Purchase,True,0.9999675701576013,47,47,1.0,93,88,0.946236559139785,71
a613e08feabb4a1dc5e4a604cf885162d3f8b640a9f96b79dccc67db16cc1b56,en,Purchase,Purchase,True,0.999967514997186,47,47,1.0,93,85,0.9139784946236559,75
ef932c2410137818a70ce041dd17cc63d0e6a68ff8c911e3e359bc9bb87119f5,en,Purchase,Purchase,True,0.3092871535507991,19,19,1.0,37,26,0.7027027027027027,23
fa897c1262cb7770e0050e58810be40717057e94a999a2423d56476388a891c3,en,Purchase,Purchase,True,0.9925216456877763,66,66,1.0,131,131,1.0,96
d4776bce61828781a631fcbed2b88ddf4ed4318f68cd9068bda38ac626bf2dd1,en,Purchase,Purchase,True,0.970132523208069,33,33,1.0,65,57,0.8769230769230769,44
a55709a39f00c20ae44e9da82c0c1a008f284bc93da62c2a93e351b5a127b66d,en,Purchase,Purchase,True,0.9998174938805353,45,45,1.0,89,87,0.9775280898876404,76
0b179526e8d07a069ae526cd91fced33cd7d30e25984c553af6d246743f012ae,en,Purchase,Purchase,True,0.9998032364360221,17,17,1.0,33,33,1.0,30
2f8dafe7b2332bd8956a30ea61f474a85dde89c5714add9f93ae48bd2680fb36,en,Purchase,Purchase,True,0.775182271306306,46,46,1.0,91,75,0.8241758241758241,53
8aed47e1f3788db1d44513eb13e1ca48a90bdf5f91319eb9322f8be595afb484,en,Purchase,Purchase,True,0.9998649570470503,35,35,1.0,69,67,0.9710144927536232,60
fdbce31c97c2a1af5dfa6086a0e99dafbcc43320a51b40586fb715466909e843,en,Purchase,Purchase,True,0.957346415068351,23,23,1.0,45,42,0.9333333333333333,33
dc0da553609e99bbdde3823ef21c4d75d14dc1ac9e8feb47fe19be0f0f5a71f8,en,Purchase,Purchase,True,0.8373982949500429,12,12,1.0,23,23,1.0,21
74f8cbadcca5e6d191bce9f22c7e31b52b4f970d7d0f6bc204394dfa3e7d64b5,en,Purchase,Purchase,True,0.9999101445817173,31,31,1.0,61,59,0.9672131147540983,54
a06022fdc1ee00718f5483e5df5a6fb433f0834b2553a3169c5b7d9d25d914fc,en,Purchase,Purchase,True,0.9995665771907994,29,29,1.0,57,55,0.9649122807017544,51
1e6320cd31cce2a376d81b8318d197a5867d5bd4d1bef51173889c20201aae38,en,Purchase,Purchase,True,0.969792861147417,22,22,1.0,43,37,0.8604651162790697,35
2d027a3ea7e3fd3c5a187a763fbd86e80741cea589f1a602dad90a3b6ea605a8,en,Purchase,Purchase,True,0.9988205125659005,43,43,1.0,85,77,0.9058823529411765,67
64574c04559018a510664ac9bd235826cb6a9a1d9d340ce5d6dbe8903645036d,en,Purchase,Purchase,True,0.9512290229890793,33,33,1.0,65,57,0.8769230769230769,43
09d3b3b1e40c8b23d44e3c757caf5730bd82b9f3963b9e55003be53dd51509b3,en,Purchase,Purchase,True,0.999932522864047,29,29,1.0,57,56,0.9824561403508771,52
ad05f14884d73d1139ec399f8d9e000c505e3cfc52b79de88d9c1e46587d7223,en,Purchase,Purchase,True,0.9998571533435271,24,24,1.0,47,47,1.0,45
49871b104f8eec5690e8820bb82f5bccab3859c534def95efb7a89024f3a55f1,en,Purchase,Purchase,True,0.9822316063991171,47,47,1.0,93,86,0.9247311827956989,79
cf9c7fb251415247e3ac48febf3919bafd8b57892a2f9cbe8ecdccef83041dc9,en,Purchase,Purchase,True,0.9999628074997163,28,28,1.0,55,53,0.9636363636363636,48
8dba0dc3746e4e3f7a6397d29fb259cf069821f1ccf1e6a8e0e9202b915eecf3,en,Purchase,Purchase,True,0.7288472385836025,13,13,1.0,25,19,0.76,18
1c6cb5675fb5283717fdd2c2eff76e7e4c3842f1ba505a17fe64555ae6fe29cd,en,Purchase,Purchase,True,0.9976082633064655,15,15,1.0,29,26,0.896551724137931,25
ed4636be812efa8396fb37db0677273f26f8d337ad2a3f710906efb9ed10da9c,en,Purchase,Purchase,True,0.9999127330632968,48,48,1.0,95,88,0.9263157894736842,55
77ddc2d9038847debc427b9393c15bf2b40bead0ea28e885f6f0a3471a34e2ee,en,Purchase,Purchase,True,0.9996326545492334,20,20,1.0,39,36,0.9230769230769231,35
e0c0fb124c73f552da5228f596aab0a1a80509229c640eb5db7ad7905f5a5866,en,Purchase,Purchase,True,0.9998781083699514,30,30,1.0,59,57,0.9661016949152542,53
4d5b702e901f7dfcc10b050952c51dbc29acd3890b3182b0d9d17a40a3d56e08,en,Purchase,Purchase,True,0.992780497798729,15,15,1.0,29,26,0.896551724137931,25
e00a6eae48cad0284f6a3da5b4036eb7ae2acfa9ccdb9f25b0b1f4b4bb37603d,en,Purchase,Purchase,True,0.5278520252053314,66,66,1.0,131,112,0.8549618320610687,65
d9380998e1f65b1e118bd4a2b663b0bb02dfafc9b49531ddae26d53233ebcfd4,en,Purchase,Purchase,True,0.9997306998057377,45,45,1.0,89,86,0.9662921348314607,77
ecee75d0f808f4ce280b9256c8344e0c1b92935258aeacea4655433a1b57a1d3,en,Storage,Storage,True,0.5524699004007876,16,16,1.0,31,31,1.0,29
69e88ebee5de3dfd4ce8b2226da0c7c06dd203ce85f95e9a9c4d6ec2149593f8,en,Storage,Miscellaneous,False,0.44005696706900704,21,21,1.0,41,38,0.926829268292683,36
39cb5ad77ff71b2d8d30cdde6ac2acc320fc8ad91402b05962b6a71fa03bdd72,en,Storage,Storage,True,0.8337908640645655,15,15,1.0,29,25,0.8620689655172413,23
98c54d6c4625e906f3f1f44bd1761168f5f0f879b2c2afc8a55b18201fef9e5a,en,Storage,Storage,True,0.8464890525803261,32,32,1.0,63,52,0.8253968253968254,38
e4f68a82e7549cdd4be3ae083b0415e21a6dc3d479dfb2c3ae160acdf9266a67,en,Storage,Storage,True,0.9805152766024717,17,17,1.0,33,29,0.8787878787878788,26
83fdfd8c4e836dfce023fba7f6e0c5fa5ed586ab19b7ae60332f26a28341c586,en,Storage,Storage,True,0.9497510861690877,19,19,1.0,37,28,0.7567567567567568,13
f0dfb0846c954eab0cdc67b7aeb30f1eb39847dadca17e220b9c6fdaac42d2f9,en,Storage,Storage,True,0.8406873629665295,15,14,0.9333333333333333,29,21,0.7241379310344828,19
5c5350f2c6455904cb7e9f33e899f35ea367153af0315cd60b9375e7bbe7f311,en,Storage,Storage,True,0.3536967244609888,29,29,1.0,57,45,0.7894736842105263,36
dc8216043de622f9381bee3056c073595b18afb6756aecd58a7c5fbbe87aef4c,en,Storage,Storage,True,0.9980452278697373,31,31,1.0,61,53,0.8688524590163934,46
2de092124c02deacbb222b5cee822d1bb3fe7a8e2e1d45b4402952fdaea9a34e,en,Storage,Hardware,False,0.3371248551268142,23,22,0.9565217391304348,45,28,0.6222222222222222,25
33d65f91c82c1f6c639d6c25a356841ee906d780c30e60a6c2425fa4820afed7,en,Storage,Storage,True,0.937164941652714,40,40,1.0,79,76,0.9620253164556962,70
cfe674d31b3b951634451c1ed377e85c0cd30ae2d113242aad58ebdeab82c380,en,Storage,Storage,True,0.9953693996568409,21,21,1.0,41,30,0.7317073170731707,23
679b994e0b4a150661f01c4616e19d6645b463f55c6bef202e9e52fd095d2568,en,Storage,Storage,True,0.9960260040592495,12,12,1.0,23,22,0.9565217391304348,20
e84afb73154f66a893bd3008074cde12d42c671792754daf6812397b98d90cc7,en,Storage,Storage,True,0.9969683733961233,13,13,1.0,25,20,0.8,19
242c200e1429e9267067226648266c9714816c3bd7d46c920feb16c5322bdf3a,en,Storage,Storage,True,0.9997026803564749,18,18,1.0,35,31,0.8857142857142857,24
c9c710af72d146c4c20a5104c563d7a6fdb6d8a63d44d1655b36cb02046d9512,en,Storage,Storage,True,0.9943672956549117,12,11,0.9166666666666666,23,20,0.8695652173913043,19
bae49e58f7036cc7b10e20f2b6dd547f09748f9afd764f8e5d46d722f1a1d3c2,en,Storage,Storage,True,0.2411311812352419,52,52,1.0,103,71,0.6893203883495146,54
e18ba9f6a7b0f953723ff07c25d1e1fae05ba955a11a32d3f7a0b9f5e9715ef3,en,Storage,Storage,True,0.9951883712919388,16,16,1.0,31,27,0.8709677419354839,25
3c35b6019d4624e4a843de9fc42232290d4a8af77f5fbe49cc5e96534fb12299,en,Storage,Miscellaneous,False,0.5314472709200858,14,14,1.0,27,25,0.9259259259259259,23
fea9efd9221ddd198c7e08443e24827498f73c921f3ae57e89cc2f59a8fda37c,en,Storage,Miscellaneous,False,0.29716460477701767,52,52,1.0,103,87,0.8446601941747572,58
4efffcdf8052044ca41b5f437426e0fff1c8fd0d35d3b9f11c2f55b90d2e1aaa,en,Storage,Administrative rights,False,0.8644465262573376,10,10,1.0,19,14,0.7368421052631579,14
0f15b49dff6c5a5764fdaa48b8d4427b790da67994b73e447369b5465132730e,en,Storage,Storage,True,0.9882484039062133,15,15,1.0,29,26,0.896551724137931,25
d7848cf73a3d0d33f726157b63d117862af2382beae2bcda43651ca0f408f2aa,en,Storage,Storage,True,0.8661558441389107,38,38,1.0,75,72,0.96,68
a345d19c0bc6a7ea77008894cbe63f680ce4a9eeea46ff5a0f98e6778332e384,en,Storage,Storage,True,0.9355302522035656,25,25,1.0,49,43,0.8775510204081632,41
ffdf5eab970de39ce3b4f8f062493d1bd2e4e856bdb48f1bf7b5f60e775611b0,en,Storage,Miscellaneous,False,0.655186040515472,38,38,1.0,75,68,0.9066666666666666,44
96cbb49edc8d27cf324aab4cf0770d525b89d3deb154bfaa6615313bac1e63b4,en,Storage,Storage,True,0.7892059064411628,18,18,1.0,35,33,0.9428571428571428,31
429ffe85d5fc02832703c40825a59dca0361bf1597b5e47031b1c6dfdcc53a38,en,Storage,Storage,True,0.3706054544584136,77,77,1.0,153,149,0.9738562091503268,131
b79b195a9110afc9d921bbf3066ac246f4248cee7afb85938c92c4d074691cc7,en,Storage,Storage,True,0.8045966704889583,39,39,1.0,77,68,0.8831168831168831,58
ecef2cddba3bada2e910c903c109ef7216e045678ba0cb9afea6f0049ccd80f0,en,Storage,Storage,True,0.4125706805565185,19,19,1.0,37,36,0.972972972972973,30
b72d784d47ee7cc1bf4d2ffa9958e0722d7ca8ec9ac1ff924f36b00d1ac459d5,en,Storage,Hardware,False,0.34232261809757936,18,17,0.9444444444444444,35,28,0.8,24
e8d877f8479dd7ac5557dc71b872f86858f8435be40552d707158556aa02baa5,en,Storage,Storage,True,0.978868073840018,118,118,1.0,235,194,0.825531914893617,104
fffe51d184741f4ef30dd9b3d29c85f7cee26bbc7b2de1f1500984f788103f6f,en,Storage,Storage,True,0.8431373520998621,27,27,1.0,53,47,0.8867924528301887,40
f7d409858fc1875de009f5c22b92957a8f3d81085cd504d5dad7dc9d386e0928,en,Storage,Storage,True,0.9987925997616532,9,9,1.0,17,17,1.0,16
5dda3051bfe670f74826a8461d0525ad9d0e25bac21fe94cd90b9535c95ce03d,en,Storage,Storage,True,0.5979256934990052,22,22,1.0,43,39,0.9069767441860465,27
96b0726215ea5ef5b5f4331014990d32a26b2e89a1884d94fe44d1c7fa694262,en,Storage,Storage,True,0.8682858367308751,274,273,0.9963503649635036,547,416,0.7605118829981719,253
15efefc256c1e908565bcd821a87ea652e0a17095e29a13d8c2375c61c770ce8,en,Storage,Storage,True,0.9936553794940018,25,25,1.0,49,45,0.9183673469387755,41
0e6e13e4d43c2fa5986c7c5b93cf66b4a1e8c46b97534c0fd78eae49dc3f4f5b,en,Storage,Storage,True,0.9266213375457614,46,46,1.0,91,84,0.9230769230769231,68
9f89ea7aea9ea1b71c8faf63c55433fd1a60f5e2a96c90c9f654312d9cec335a,en,Storage,Storage,True,0.6716700201171738,19,19,1.0,37,36,0.972972972972973,35
46b07b8b2a1118868ffe796337a3239e078c4e48aecda5d95e080d0454d4d082,en,Storage,Storage,True,0.9897373824133169,14,13,0.9285714285714286,27,21,0.7777777777777778,19
bd6e07098203925a3c422092b989c629a379a8da165cd450d97d6fd8c4bf6b44,en,Storage,Storage,True,0.9202558655349524,10,10,1.0,19,19,1.0,17
e5cbeccbf1814834311ca9edd5321e7ecd982e0cc16ae371ab33efd82ea24927,en,Storage,Hardware,False,0.4766550851768937,38,38,1.0,75,60,0.8,55
25c04be781e72c62c43a14b806afb8278bc07917195bd6c9820baed71463388f,en,Storage,Storage,True,0.7326369739487866,77,77,1.0,153,135,0.8823529411764706,90
f0739f42f8c9926934d1521df7ea12735c2b2621530be20cb02f205e424b5292,en,Storage,Storage,True,0.8992287630197834,25,25,1.0,49,38,0.7755102040816326,33
45fccb57d8792e1d413b9fbf2115a7a0c376ec9e64123dcb0890004c8c96dfeb,en,Storage,Storage,True,0.8410952662542532,27,27,1.0,53,48,0.9056603773584906,42
ae873983cfb127f985580accb2c0e5cb116f1e7d6a424a199a776f79f2ce8549,en,Storage,Storage,True,0.9868750383610504,31,31,1.0,61,60,0.9836065573770492,43
45ba379839d2a7d0d8875771fd9a654ac2daf609cfd141862c118ca8dc7e6f17,en,Storage,Storage,True,0.7429046705265423,22,22,1.0,43,30,0.6976744186046512,28
b8f481ad58c6d76e4aab12cb3ace06ef1d16ad950112964b98bd48101ef5f5bf,en,Storage,Storage,True,0.9975031842821039,17,17,1.0,33,24,0.7272727272727273,17
c850dbb2a6bf652498c40559e484d1879b8c0af795727b9eff8cbfe76e86881b,en,Storage,Storage,True,0.957205649402018,11,11,1.0,21,16,0.7619047619047619,14
6b4762c238688581d96cc700270f131990c502d957c2c8625910416b9fe81206,en,Storage,Storage,True,0.5217156547624517,58,58,1.0,115,99,0.8608695652173913,74
5fd7f059c4191affdc7dddc6e47ddfbf25f72bf5a97da54ddf75a59ca47d1022,en,Storage,Storage,True,0.9885285973227936,17,17,1.0,33,28,0.8484848484848485,21
57d14b4e920c1dba512deb780cdc8a733a8bf6f1000871dbe42a6469d61b6289,en,Storage,Storage,True,0.9979634007214975,31,31,1.0,61,48,0.7868852459016393,42
9552047baf3a0481b2531ee34629791f6f3366f02c6a99fcc27f5843411517b9,en,Storage,Storage,True,0.9022298305947084,22,22,1.0,43,37,0.8604651162790697,32
7076e57f6c8207086ed730eff1eac5c9500226f31879ab92a4800536cc56ee61,en,Storage,Storage,True,0.9975032794601237,7,7,1.0,13,13,1.0,11
b171f881703731e4b401a721a3ba8c6dcfcb4e3cb6dce7ea196b5536ce27e8ec,en,Storage,Storage,True,0.8585611897558938,15,15,1.0,29,27,0.9310344827586207,25
1b043518c9e71963d88c1b632e0ce287b61b0470f76ac701df853c2904a74b29,en,Storage,Storage,True,0.974458696611102,12,12,1.0,23,18,0.782608695652174,16
40992093b5fb9d7b4e23ca4168aaa06fded0131fdc7a13d7b0d20482b2f663c5,en,Storage,Storage,True,0.9999432011681073,41,41,1.0,81,78,0.9629629629629629,51
bd325abf7dbf2c83e6f27c7dbbce3db9c45c37236ecd02095382d18ef4dbb539,en,Storage,Storage,True,0.9660552585237411,25,25,1.0,49,42,0.8571428571428571,30
af807193b62062863a983e9606a57f128e96e53e8cd6693faa6dc5366b71db5b,en,Storage,Storage,True,0.9923908444217495,30,30,1.0,59,50,0.847457627118644,43
267d1b6c907f1dba48b2575cdf3a52dddbad2599b07714377e52baa93a658dd1,en,Storage,HR Support,False,0.30777874071992367,7,7,1.0,13,11,0.8461538461538461,9
dfd03082dba5413756dcd5945d7a772ab87f60865ffb4ddb09166ce445721551,en,Storage,Storage,True,0.4249842290442145,13,13,1.0,25,24,0.96,20
8a611e3bc25baf9d0173c5eaf0453cca39a4c98ee6f6c8f4a3b0ee5e6fc545e0,en,Storage,Storage,True,0.9561692281609547,29,29,1.0,57,45,0.7894736842105263,43
aaaa50b7ac81f1a2bd2d1289d2ee2935a1e2268645ccf4a94d9215d950945126,en,Storage,Storage,True,0.9996656673958899,22,22,1.0,43,35,0.813953488372093,32
73e5891bef0931158d5fd13eb30944ac8e370316a86995383d39bbd4ba96b2b1,en,Storage,Storage,True,0.9953039475634596,17,17,1.0,33,32,0.9696969696969697,27
b628fd9a4cbf536005af593acca6e0460c96ac6518009555806f6af794e747e0,en,Storage,Storage,True,0.9151976807363734,37,37,1.0,73,73,1.0,67
5f8c564d8de60d2d455cff58d3cd14c51fb05c8e5a19f1242d0ccab639ddc72b,en,Storage,Storage,True,0.9952448160013674,10,10,1.0,19,19,1.0,18
68cb84c3df6745100bc5395a89431515f4baaeaac0a63af2550f502c76e59ac5,en,Storage,Storage,True,0.9971161758269784,10,10,1.0,19,19,1.0,17
31ef6cbcc1b876798edc7439ae24836fadbeda820932a0e9210ccb441db346a7,en,Storage,Storage,True,0.9802564450613778,14,14,1.0,27,23,0.8518518518518519,19
633e0ac39863ca947f31f76011b80e66e5bbf17fedf7af8231ec6c025e82f7f3,en,Storage,Storage,True,0.42439221428852586,22,22,1.0,43,36,0.8372093023255814,34
c47b6ac07b82c333b5e8c7be2286c24503e808f6291d632b94ea36bb940271f5,en,Storage,Storage,True,0.802268137213532,78,78,1.0,155,153,0.9870967741935484,130
4863940aaaeee158ec5e40e3cd1fda0a13b590e793bc588ae150d5059aa69705,en,Storage,Storage,True,0.9715316528115465,21,21,1.0,41,32,0.7804878048780488,28
abcbb88ea48fc963a5814137c1943a0970845e92bfc50c6aeea9527cb6dc72f6,en,Storage,Storage,True,0.9805686437346056,24,24,1.0,47,37,0.7872340425531915,29
10ef63dcf1da384d40873978c7d7335a738c8f84eaa46c9eb87cd3bb6b7be207,en,Storage,Storage,True,0.9981359078933082,9,9,1.0,17,17,1.0,16
06d29fddb134e83e621d9b3d371570b34bbafa8bf322cc3d43ebd5989148d4e0,en,Storage,Storage,True,0.5939136148207851,26,26,1.0,51,45,0.8823529411764706,40
bc9a6e73eb9f705d566cd3cb7deb7a9aa4dccd6a03082e6cb61170b7c487b449,en,Storage,Storage,True,0.9928296088551505,12,12,1.0,23,17,0.7391304347826086,15
0b45e9f3cfdf621880fb39b51f45182ce7da57faf3ccd480092a3fb1280f7c6d,en,Storage,Storage,True,0.9692017838641256,14,14,1.0,27,24,0.8888888888888888,18
0125b140e0a381c8c85e5f632ec186bd559d64a4dee081350ac22cf4d9050318,en,Storage,Storage,True,0.9986967111948024,10,10,1.0,19,17,0.8947368421052632,15
d7a64bd0b46268b88134a6bc8a310209cbe76d3a56b3a6e48f123f559925587a,en,Storage,Storage,True,0.9998701880265702,43,43,1.0,85,81,0.9529411764705882,59
55979479a8adb0424dcb056d60c1054b81ed82d6432239e48f67028b74d7fcae,en,Storage,Storage,True,0.9997146901396007,34,34,1.0,67,47,0.7014925373134329,35
495418ed36c28f12044608419d2aad6f589a366f5f1bec4ad6b4c9ec188ad8e4,en,Storage,Storage,True,0.9999730065723865,9,9,1.0,17,17,1.0,16
b61dbb93a570a091f5155bf1f9606a36785c332fdf4cfbe0e9a47ff1be61ab9c,en,Storage,Storage,True,0.8989642782629769,23,23,1.0,45,43,0.9555555555555556,41
ac08aa27ac436585fafa13facb620aa7586efc58f7ef073b4c2f70941adf6214,en,Storage,Storage,True,0.9894153791327756,14,14,1.0,27,22,0.8148148148148148,19
4aec8919d5f6440701cbc2adc028ceaf6ba85a31df92ade633836f554fce6cd0,en,Storage,Storage,True,0.5955160975416731,39,39,1.0,77,61,0.7922077922077922,53
5e54262ac9941c74fd73e91c6f09864babb113bf5e98f0ff8d0832a452cb6ef0,en,Storage,Storage,True,0.9997390018672019,17,17,1.0,33,29,0.8787878787878788,21
46406e87db724481dca0d752e6ae9db19901a7f6fcdf79405fafa087a77a8731,en,Storage,Storage,True,0.9889811288170101,40,40,1.0,79,59,0.7468354430379747,44
8c89a57a5533846a7dc2ca74b437f2342e1d7d2a94f82a6af4a244d5fdf69570,en,Storage,Administrative rights,False,0.40260066770338465,11,11,1.0,21,19,0.9047619047619048,13
c1019736e7715033f8e1ed0c773f6f4f23f0e0a2d6852cf7cf9535cdb8d5040b,en,Storage,Storage,True,0.5033485288305203,74,74,1.0,147,146,0.9931972789115646,123
436b10c9d08207c079457e4473f3ec2493afccedda1776102e33e8e87bbcff2a,en,Storage,Storage,True,0.9911063068136963,11,11,1.0,21,21,1.0,20
ab1967e7d0e075e7005e13896848b37d143dee776d4b139c5cfbd3a5d26c677f,en,Storage,Storage,True,0.9874902263961421,119,119,1.0,237,235,0.9915611814345991,201
0c9787cab9a1bf3beb7115010ca57599c26ccd13290b74180f55d008e3b4967b,en,Storage,Storage,True,0.995241707197888,11,11,1.0,21,21,1.0,20
d44bade0195b0e95ccb46074e8f652f4de8695a82f209d46b877f94d195f17c9,en,Storage,Hardware,False,0.3082425574366057,29,28,0.9655172413793104,57,40,0.7017543859649122,36
844529d5a5e97db3e00d0a6a68cd11964b9d414af3a90d4082bf542c25780fbc,en,Storage,HR Support,False,0.7878495471839299,9,9,1.0,17,16,0.9411764705882353,16
c420552aa005d3718f5d5df3cb389a2b3f74cf3de6d1f095e0d108adc2684b94,en,Storage,Storage,True,0.9963994893498356,18,18,1.0,35,31,0.8857142857142857,25
69305505d9c36c7aafe4eea07215bdd2d8bde4d2066e34df16b390e0e4c1fb86,en,Storage,Storage,True,0.9926813424577384,37,37,1.0,73,58,0.7945205479452054,27
3e8f6b34d23c3aa78a3bf0289a34934c5dcb048fff46a4eb1f926e93fb529f4e,en,Storage,Storage,True,0.9976983198591345,10,10,1.0,19,17,0.8947368421052632,16
f2cc6c7bca973f918e32621c22c1f619d00c79e4d5bc2c03772f2edf2eb2f2eb,en,Storage,Storage,True,0.8989656540945486,27,27,1.0,53,52,0.9811320754716981,42
7aa65d4241dc4de4e60283f6553e7d95ce4450939c63330d1d25d26deace18d3,en,Storage,Storage,True,0.999821280759286,9,9,1.0,17,15,0.8823529411764706,14
90a22c5980df03b0f09a775a0dc0cc0a7f6c38cf2c3ba96a86046276b4984e3f,en,Storage,Storage,True,0.9707371381740779,18,18,1.0,35,31,0.8857142857142857,24
b272fa3311197006c09a66571f5a091f6b7426925f837a89be1a7a9281c74da9,en,Storage,Storage,True,0.9007370027338085,14,14,1.0,27,20,0.7407407407407407,19
e766397106db8db6423a7518b1c77543b556df579e350f9b84f22ff59be57c56,en,Storage,Storage,True,0.9934249543148228,17,17,1.0,33,29,0.8787878787878788,26
1f8a7e05c337c428d4a4e542d48c7bcdc5995bdd512fb00dbda1466a8638d912,en,Storage,Storage,True,0.9991612933816741,15,15,1.0,29,27,0.9310344827586207,21
1c967a6f02d495e96a9c3a7491939dba6a9d850b2dc3b4c9cf3c076ed24676f0,pt,Access,Hardware,False,0.3606400127232294,40,9,0.225,79,11,0.13924050632911392,6
81afc0c423a331d03860cad5a51a297d1e879a43084e3a87973f3b68f035c0e9,pt,Access,HR Support,False,0.9386435972962508,19,3,0.15789473684210525,37,3,0.08108108108108109,3
630a06c5f51d4ad70702288d27191a137d134554a9c6dc6585cb83279656a48b,pt,Access,Administrative rights,False,0.2599246075525456,41,15,0.36585365853658536,81,15,0.18518518518518517,6
31a87b75bf5dab27c0e59c43c3a638356e1fad7d404a74c523e5795bceafb5ac,pt,Access,Hardware,False,0.2718435766112947,53,7,0.1320754716981132,105,7,0.06666666666666667,6
d7abaa0db4c03c0822d552cef024ccedc47e54dd1472ed207283cbcdb09b9ff0,pt,Access,Hardware,False,0.43359156574664104,28,5,0.17857142857142858,55,5,0.09090909090909091,4
6114a8c2f68f3fc2c77347aa3e0135da73028f8f0190a2d0a530f9971b3a0803,pt,Access,Hardware,False,0.5929065131680171,26,9,0.34615384615384615,51,9,0.17647058823529413,6
7d878265dd59abd39616bc4026effc5732bf0730cfb1c2ae4d74be586548d766,pt,Access,Hardware,False,0.4976711593087289,136,32,0.23529411764705882,271,35,0.12915129151291513,26
ef1b1ed5010d3a1812504a2c9a14403759fd07154935827bdd69517d8b1d4e30,pt,Access,Hardware,False,0.5209254210515212,164,35,0.21341463414634146,327,40,0.12232415902140673,15
78f5960d469606ed81b9575b87d3584b7ba66d6dc19c9b07fabf2a951e5cf787,pt,Access,Hardware,False,0.28454453302842997,16,1,0.0625,31,1,0.03225806451612903,1
087c6e06bb2f00ad7535b48ac9c5be37969675e0150e3f98bf5c6f36d584b9c6,pt,Access,Hardware,False,0.3135789374434802,34,5,0.14705882352941177,67,5,0.07462686567164178,4
4637312bb5e15fe6da36e46429d4e3b983b573fc93cfa59c50d32a92c9eb94ad,pt,Access,Hardware,False,0.4753348598056522,12,3,0.25,23,3,0.13043478260869565,3
4a1c8865d4e2a6a96c4cfa75358d460fc1ef4967192ea946154ece2c411cd86c,pt,Access,Hardware,False,0.5162162432988288,49,11,0.22448979591836735,97,11,0.1134020618556701,6
009079480fbcba18310a342e50a85cbc3946a283658e4ed5251351a35d483298,pt,Access,Hardware,False,0.28959699735538147,12,3,0.25,23,3,0.13043478260869565,3
7800f2e66db49c4773cf86fbb212ab3afeab48398307cfa22f8566f4fa7dbc97,pt,Access,Hardware,False,0.35769381279404583,29,7,0.2413793103448276,57,7,0.12280701754385964,5
ddab15b2ceb4fba8521524dd9d937a2d0d0e29a0ab9b8796d6cc3d045ce02358,pt,Access,HR Support,False,0.9122503717329684,32,6,0.1875,63,7,0.1111111111111111,7
fa29bb13ade7aa9f41c0b8c1c7fe35d87869d9b321264a922ed7d35c18fd6f8e,pt,Access,Hardware,False,0.6095290858648417,16,1,0.0625,31,1,0.03225806451612903,1
31a4affb30a93c1085ee849fe0b70b33cd9d326ce03b6aae41616f551dc4e6df,pt,Access,Hardware,False,0.5782317807529008,66,10,0.15151515151515152,131,10,0.07633587786259542,7
bf582f594160ddd88f237fd5e773d6483f34f5b7d08f38143084ac191be53d49,pt,Access,Access,True,0.3344376315756842,56,10,0.17857142857142858,111,12,0.10810810810810811,12
1bc13c7f8fecbc111d1038beb12ffd4bb8f086ddc21641a540100111d5f7ca47,pt,Access,Hardware,False,0.540939407334363,97,24,0.24742268041237114,193,24,0.12435233160621761,11
74f6835b33a12a08a5a1e393a01ceca83fd6c4ba542017e224581a7d71535741,pt,Access,Hardware,False,0.42572044139984966,18,6,0.3333333333333333,35,7,0.2,6
fe331f70a9f002d6b60006e1d03a19e8d31f74e82129630c3db1931329ecfde6,pt,Access,Access,True,0.9812896777457663,16,16,1.0,31,28,0.9032258064516129,17
911e728964cade95a0620e842e35a48e0cd2f3bfc9f0da0a1d261b74f72f3645,pt,Access,Hardware,False,0.37281676653720874,10,3,0.3,19,3,0.15789473684210525,3
f8bef4fdb0d49a26314fc6931a3b376181f6ce04f89b6cdedb2c533fe649119a,pt,Access,Hardware,False,0.44619850384416543,75,20,0.26666666666666666,149,20,0.1342281879194631,12
889209a9f045b94b5f37e2a4e5b090805513056c94e2cd33621227133b3320fe,pt,Access,Hardware,False,0.41126961405987933,28,7,0.25,55,7,0.12727272727272726,7
a3dbae99e6ed170ef3878d7341c7eda5be4158c79ef8c1485696ca6d56de38ef,pt,Access,Access,True,0.993687742916969,26,7,0.2692307692307692,51,10,0.19607843137254902,9
6d6548f709abcf1d1cc2854191a28ec12f95598fd317a34bb564370da538f484,pt,Access,Access,True,0.9577818366893233,33,18,0.5454545454545454,65,26,0.4,24
65ead4b8641e6a7c4f40200a66279706c9f168677a46b6aa5108a7357fd84059,pt,Access,Hardware,False,0.28454453302842997,5,1,0.2,9,1,0.1111111111111111,1
40c2bfa8706200a530f140eaf67ee7bb12c1c534a30214affc52e31770daf4f4,pt,Access,Administrative rights,False,0.23563910891515133,9,1,0.1111111111111111,17,1,0.058823529411764705,1
f1205d6e5cd2b0a0623d1be0f0028731a973e88c18799f7af83cd73b1a52fd7d,pt,Access,Hardware,False,0.4187857531277189,68,15,0.22058823529411764,135,16,0.11851851851851852,11
f691e23bf710938b5c920a98c96ce9e21761882355e62b0919b822e025eff8e0,pt,Access,Access,True,0.8298449936623336,30,24,0.8,59,35,0.5932203389830508,33
006eba2fd09bf2f138febb564fbe838abb78972a274436413dbaf8489fc4402c,pt,Access,Hardware,False,0.27778526130775705,23,7,0.30434782608695654,45,7,0.15555555555555556,4
3f8c4129691dc385e422064b9a526a05338af88756e38916b19755bb04133780,pt,Access,Hardware,False,0.497898415511911,23,5,0.21739130434782608,45,5,0.1111111111111111,4
30be61db20eb5efe5f3c88b7a1060e4ac4e6d7c3aae5213fc3e2f37fcc81277f,pt,Access,Hardware,False,0.27942201512269565,12,2,0.16666666666666666,23,2,0.08695652173913043,2
7d8614d9886169532bda342372d6286f7f8fb5fca8e44eab6392e943fd61205a,pt,Access,HR Support,False,0.33013032888203864,17,10,0.5882352941176471,33,13,0.3939393939393939,10
d0aceddf407acdcc4d3bf1705fcf0c724e679f1359d0a9499ad6208b77e63e37,pt,Access,Hardware,False,0.591951977514051,148,31,0.20945945945945946,295,33,0.11186440677966102,18
bd638e5bb8d0291873544e2c723b48021957f6872de1414bd7c9bea45ba9b731,pt,Access,Access,True,0.7300403070336815,30,6,0.2,59,8,0.13559322033898305,8
59558c83f0e13baf792198b2031892ca81c08be3edf020e97855817ac717c612,pt,Access,Hardware,False,0.4240122490366812,24,9,0.375,47,10,0.2127659574468085,8
ebb90c5997ea509f2089dc75e86722cb1779fdeea63522df7026b08218266779,pt,Access,Hardware,False,0.48429790538895995,20,5,0.25,39,5,0.1282051282051282,3
1df37167e2260c22c02c184b5235acba3b25456c5b2d5382c5a1273a47e82064,pt,Access,Access,True,0.9867738440459184,18,2,0.1111111111111111,35,2,0.05714285714285714,2
27e31d7a1638e593ef5fce14ab3796424a1038a5d4192835d86f500f17bbe75b,pt,Access,Hardware,False,0.30887450558474905,20,8,0.4,39,8,0.20512820512820512,7
cc3f5f13a4a5f28aa908175789c5660e641a5639c9c11949ca0060080982e14d,pt,Access,Hardware,False,0.919452468828754,39,13,0.3333333333333333,77,15,0.19480519480519481,12
7c866d079b92f0d67feebe3faed5b4e525cbf35c6cd5f30c8e14541a9b1fbc18,pt,Access,Miscellaneous,False,0.2373828305148681,49,1,0.02040816326530612,97,1,0.010309278350515464,1
fca94e8fe8a956075b211f47d8b772a943f6413279887a2c7bc683a732109cce,pt,Access,Hardware,False,0.542702230120881,14,4,0.2857142857142857,27,4,0.14814814814814814,3
54b7d4faca117bc46293ca40166d518b04d736987375e34c0dfd6edcd0f8e750,pt,Access,Hardware,False,0.32995737630858246,22,9,0.4090909090909091,43,12,0.27906976744186046,11
fe27ebee3368e391a0f23f5d46acf3f8351527980c2ce1e1a91a27bc92bbeff3,pt,Access,Purchase,False,0.36044930006297055,11,2,0.18181818181818182,21,2,0.09523809523809523,2
f08f3d3bd6ce35435edf0acede1ae4e2043203ff71a7998196a47729754012af,pt,Access,HR Support,False,0.23730565956571334,54,7,0.12962962962962962,107,8,0.07476635514018691,5
c35b983445402d88f8f7ce5df857172d9e147e4746b72e1480cab8340bfca06d,pt,Access,Hardware,False,0.690843699861314,35,20,0.5714285714285714,69,31,0.4492753623188406,30
cc7ec00763941a190e9e843aca38bdb13d0ef4697cf79c43f94cc75b9339fd3e,pt,Access,Hardware,False,0.34143371734771605,30,7,0.23333333333333334,59,7,0.11864406779661017,6
11b8ec19269200e0b2a123ed3246d02fe3775b5d34b6299c927ec598e8eede5e,pt,Access,Hardware,False,0.7953651348061102,10,4,0.4,19,4,0.21052631578947367,4
138a6e9df799c70d840a303b20546667755f143105226fc854230e649e1fb720,pt,Access,Access,True,0.9525816999356239,21,9,0.42857142857142855,41,13,0.3170731707317073,8
ef1c3335cd9a0f71d8720341ac4ef96bac741e94c2e7c16a9ec2148eacf6f8a0,pt,Access,Access,True,0.31585578558665334,13,2,0.15384615384615385,25,2,0.08,2
01b013bf7b5e8480e8c847775d34ca78a20bef11cffe92650d1184c586890ceb,pt,Access,Hardware,False,0.5480117141389254,104,18,0.17307692307692307,207,20,0.0966183574879227,11
aa92cc2585b2f4f1fdafe7e0de22bbed462567226b276760819bfd2a519f83cf,pt,Access,Hardware,False,0.413690893282241,13,2,0.15384615384615385,25,2,0.08,2
c15d5c71043a7e4b54819a5076b12a4c3a6d885bb5deba6578ca16dfdca64aee,pt,Access,Hardware,False,0.25569337302913203,16,2,0.125,31,2,0.06451612903225806,2
05e04ca8018a5a0c2b079b95af67269d564b639ccacbbf1fd3519b59f9bfafdd,pt,Access,Hardware,False,0.2696593905367138,8,0,0.0,15,0,0.0,0
af5d1f5ce76a4a1711d5dbeb87b5b4847a4c0a38fd3195d67e77be3a5a969067,pt,Access,Hardware,False,0.47323979532851773,16,3,0.1875,31,3,0.0967741935483871,3
19a4d6e3f9a723e5bd8606cdc854277bbf2879bfda6d12d208bc139327eda8fd,pt,Access,Hardware,False,0.5988637840425555,49,10,0.20408163265306123,97,10,0.10309278350515463,5
2400b9cf2a5bfeaca9b5cbdcd2cc227b4eaf3046739539f087f96813bc207b48,pt,Access,Hardware,False,0.5365954066226483,15,4,0.26666666666666666,29,4,0.13793103448275862,4
c9fabe687c4756b55811a7a67795c31a737104b9ab66d03c9b10c17cf0c4146e,pt,Access,Hardware,False,0.5971615438608674,24,3,0.125,47,3,0.06382978723404255,2
188e963744a1ad3dcd5742b0d99b25fa61908186f6cdb0b1ddcff0ce1d35fdf6,pt,Access,Hardware,False,0.27942201512269565,17,2,0.11764705882352941,33,2,0.06060606060606061,2
f6b4f4b2441ecbb4ca245a6e309357b44f60ea8f83e929898ae19d586109e779,pt,Access,Hardware,False,0.7419416622288374,35,17,0.4857142857142857,69,22,0.3188405797101449,15
ca556c8dbe72f0d6363a2bea971d2063c63d85e7883512aaf21f6fbe30c5aea6,pt,Access,Hardware,False,0.4622989021464607,90,10,0.1111111111111111,179,10,0.055865921787709494,5
b389798809474c9b33e31525ed598dcf92a11229e4d10fcfbbb7182825823b0c,pt,Access,Miscellaneous,False,0.4770492316408172,21,6,0.2857142857142857,41,6,0.14634146341463414,3
53c7646a1ca19a24a4db43cd961bf6c6542e288540effdc709726b199f243b57,pt,Access,Hardware,False,0.3918019310659323,77,17,0.22077922077922077,153,18,0.11764705882352941,12
c076cb98d23aac8a8b92d5130a1f7020c79f128ebe1b1c55161d14ea48304532,pt,Access,Hardware,False,0.6978835200201294,37,8,0.21621621621621623,73,8,0.1095890410958904,6
c950115ac3d02111adf1a28a53c2e1eeed9addbf8711ce83a74271f26637637b,pt,Access,Access,True,0.9083526265367093,23,9,0.391304347826087,45,11,0.24444444444444444,8
9bb2af155cd37c6b18f51af15fdc911471737b0bef9b598db94893e0afd6b5e8,pt,Access,Hardware,False,0.627131761119622,31,6,0.1935483870967742,61,6,0.09836065573770492,4
042c40b437d9125b8da8a1c9c08d892ee7c13d3cc4e341826c3746929af53ca6,pt,Access,Hardware,False,0.9411252556485108,25,3,0.12,49,3,0.061224489795918366,3
abafc50beb2f2f1c9b6b7c9c4e999833b2f401844cc9a520d71dce3ca380f034,pt,Access,Hardware,False,0.6369702866198433,28,12,0.42857142857142855,55,14,0.2545454545454545,11
5d6e70022bf1e50e74a430bd3e3b84a5fd54fc5c5069c0c5da6053e72c83ea23,pt,Access,Hardware,False,0.47854339939331036,16,5,0.3125,31,5,0.16129032258064516,5
027786365e259accfda6ad9510c1f80d50f00c491f4386fd9cdba0269c9b8cbd,pt,Access,Miscellaneous,False,0.2922108366160899,11,3,0.2727272727272727,21,3,0.14285714285714285,3
4190d4aeea518fe6b287ec1113ebc4e4c5e27b1f5590f55d3d4e9986c9b017f4,pt,Access,Access,True,0.9505939549173444,168,64,0.38095238095238093,335,77,0.2298507462686567,36
a85986db8375745205f0c4f790b6b8993c753f79b55e82058e742a3b14def77d,pt,Access,Hardware,False,0.2696593905367138,9,0,0.0,17,0,0.0,0
9805e0368f5b38f9eead9b89406550abcae3cd7ff83c4455e466d238f54f24c8,pt,Access,Hardware,False,0.44091983576800636,28,3,0.10714285714285714,55,3,0.05454545454545454,2
00a9d01678d962b72a858093bdb720dc3e1f110d4c9cd88ef454a1e09d3f3b59,pt,Access,Administrative rights,False,0.45083709782546205,20,6,0.3,39,6,0.15384615384615385,6
ea13538e9e981c70ccd6bb52ae0d4f8429cddc8386bcf9bc2abf6d89b67f63c8,pt,Access,Miscellaneous,False,0.47716402113843165,15,9,0.6,29,13,0.4482758620689655,13
1840493832574bda60e04f52a624a1868243df8b0d18e78d44eab3946910d0ed,pt,Access,Hardware,False,0.2165159176688528,18,4,0.2222222222222222,35,4,0.11428571428571428,3
13a9150e767d620c3c120e0dc7336accd58556fd42929a0b0e18fdec6ab8da38,pt,Access,Hardware,False,0.562307523071587,24,6,0.25,47,6,0.1276595744680851,3
711067e26f6dabcd1220fd0c63f04ced67739e81b397402d1b93a1efb89caafe,pt,Access,Hardware,False,0.4917159993196422,14,5,0.35714285714285715,27,5,0.18518518518518517,5
db78f4fe141c0a30f501c068a157f0a3c6d8ae9f92ab271753d932fc8f14c597,pt,Access,Access,True,0.7829124629626687,9,3,0.3333333333333333,17,3,0.17647058823529413,3
1500e8695c71e69781e8b422b7cca8a667d66ce4ee7c911d0ce946508e5ac5f7,pt,Access,Access,True,0.850971489757697,74,39,0.527027027027027,147,53,0.36054421768707484,38
3aad34456d88d5b8fed258bda50345d7f1eeb6575aabf8bc63243ded10d739e7,pt,Access,HR Support,False,0.718984807990596,17,7,0.4117647058823529,33,9,0.2727272727272727,4
b373ab34b9eccac2ff22a4f6ab1839fc747f0fe88b0ee77705d75f47cb6f1563,pt,Access,Hardware,False,0.2652900786746751,17,3,0.17647058823529413,33,3,0.09090909090909091,3
63c4066acbdaa8f46918e07ae3c1eb56a596875ffaf65c499a24734433b616b5,pt,Access,Hardware,False,0.4613773440923415,43,13,0.3023255813953488,85,14,0.16470588235294117,12
3fc4dfeec6d353e57c9661339f61bbc5a7f3395ed16ac4b4a39ae76ebbaddd1b,pt,Access,Hardware,False,0.46139373479330226,18,6,0.3333333333333333,35,6,0.17142857142857143,5
407d4f4d223f038cb77da1b1de6f4a67121d8193c789dc8a5205de18ddf43d4c,pt,Access,Miscellaneous,False,0.5441012066792361,20,5,0.25,39,5,0.1282051282051282,5
de950a8d7a849810eb694b01634360fd189772ac53317a3c0bf25e73573173c2,pt,Access,Hardware,False,0.568990744224389,58,11,0.1896551724137931,115,11,0.09565217391304348,7
9744732252f19d7ce0ee95d739d6da4533b6a5064aab5a76d4457788bab3d752,pt,Access,Hardware,False,0.3098074792957648,68,21,0.3088235294117647,135,22,0.16296296296296298,18
16ea2be2c24287e37767e258803661f4a491d2615bbd0b058be1840d6d410af7,pt,Access,Hardware,False,0.6080365738580683,32,7,0.21875,63,7,0.1111111111111111,3
403205324b084b8c7124e999d6e3272ac515beb4991f26b2c4aa73941c564b59,pt,Access,Hardware,False,0.5186091894182131,21,4,0.19047619047619047,41,5,0.12195121951219512,5
c070d73897075073bb83f02939fee03d1820bd83d5e6aee05e55e919ac970294,pt,Access,Access,True,0.9606068329626579,28,14,0.5,55,20,0.36363636363636365,11
887333403e58b2f5cfce9383effe149bea394365e805aae3444ab2d05286c1af,pt,Access,Hardware,False,0.31153378167820056,31,6,0.1935483870967742,61,7,0.11475409836065574,7
25bcefd0f427311bc86a4e928d18c1e79d43736ebbc1b949c2a16211d6b84cfa,pt,Access,Hardware,False,0.5271350676743127,22,6,0.2727272727272727,43,6,0.13953488372093023,4
6f4fecbce1d8283ea6916b4dc567a1d3a109dc444f55ac28eec5aa433c330fef,pt,Access,Hardware,False,0.48425441134332886,31,7,0.22580645161290322,61,7,0.11475409836065574,5
1692914b28f9764f5e73d406e6372242afcbf979e0200bdecffd378fab0634e6,pt,Access,HR Support,False,0.7131865758725046,51,13,0.2549019607843137,101,18,0.1782178217821782,17
0e62d005c47f5a71631596a7faffde6db0c8154a51e3b07fc77e00fe0cf5f011,pt,Access,Hardware,False,0.3857011841597453,16,3,0.1875,31,3,0.0967741935483871,3
997ce0b830123817184a939b03c54a9a7ca1445970e60b232bfb6ba0ea8be7fe,pt,Access,Access,True,0.47921786411467476,14,10,0.7142857142857143,27,12,0.4444444444444444,7
9a2903a0477dfa7f1293996f25526bdb61c5e7c5c8d13ed5d4434d375129b346,pt,Access,Hardware,False,0.4537506428280275,34,7,0.20588235294117646,67,7,0.1044776119402985,4
8c7591128de922518a31dab8f8c5b88e300262f1b134ab94521e267cc81b1d48,pt,Access,Hardware,False,0.4655400776118368,38,10,0.2631578947368421,75,10,0.13333333333333333,5
69f51d623b724be5d63ca63fcd439d8728590d58a1b7ece0b0eb21ac17175346,pt,Access,Hardware,False,0.41576926375670115,38,15,0.39473684210526316,75,16,0.21333333333333335,7
9d364042e8625a60a9b6ea58bdab6db33fb9b4ba61f23d01af587821b7b59b69,pt,Administrative rights,Hardware,False,0.4932409863677347,41,8,0.1951219512195122,81,8,0.09876543209876543,7
421ed1a1ee5103c1b3208864004af6600b2fb688d39aeb1daf1228a73099a8f9,pt,Administrative rights,Hardware,False,0.4410456833978678,25,5,0.2,49,5,0.10204081632653061,5
8692955a7f1a898394f09ad946dd13d9a5cc1d8826ce669b5592d8d904fe1321,pt,Administrative rights,Hardware,False,0.42895542521557534,42,16,0.38095238095238093,83,16,0.1927710843373494,5
614d4d771fda2d273157517aef2adcacec5f57802e1dfcfdb5336ede1e28027d,pt,Administrative rights,Hardware,False,0.44414502971316483,24,7,0.2916666666666667,47,8,0.1702127659574468,6
8eab71bb5bf84f170244bc86ecb53ac22c6bce2ea224660ab926d6a2ca0332a5,pt,Administrative rights,Hardware,False,0.4228159792172643,25,10,0.4,49,11,0.22448979591836735,6
53634095625589d0ceb5160df552a92321852c708d6bc651160f7808257133e9,pt,Administrative rights,Hardware,False,0.5973259298407808,40,11,0.275,79,11,0.13924050632911392,4
9a0d6e036fdceb6434ee0c3f73f537acdd7dd921d04905967d96d062fc783a13,pt,Administrative rights,Hardware,False,0.5355680734941496,37,5,0.13513513513513514,73,5,0.0684931506849315,4
9f50696cfbf34c54982b56e4392b20eba2e7af9edd5f245e5eb392b38eecba52,pt,Administrative rights,Administrative rights,True,0.9094271016551286,11,10,0.9090909090909091,21,13,0.6190476190476191,12
18cdc855719dbe05d7204e22008e727afd4a7de9ff452e853762242e0bede9fe,pt,Administrative rights,Administrative rights,True,0.42450659156716064,81,11,0.13580246913580246,161,11,0.06832298136645963,6
ff6e37069787acdcb2df9e6f04c2619f501db1b47577edea488b7a0109d46ff4,pt,Administrative rights,Administrative rights,True,0.966794102446539,40,14,0.35,79,16,0.20253164556962025,15
01c387cf98a2e446f26fba25109b465d2b40eda75e7297cf4fb95badab8d8d11,pt,Administrative rights,Hardware,False,0.3267112164161405,54,18,0.3333333333333333,107,18,0.16822429906542055,9
9eebb2c42913ae124ed0f0d56bfb02def82e3db643f13d590f2e59c171d505d0,pt,Administrative rights,Administrative rights,True,0.9740128561595237,110,37,0.33636363636363636,219,46,0.2100456621004566,32
fe6449940885080b5100c2b76f02dfb256fb7646dd84f8c6a5714caef183147a,pt,Administrative rights,Administrative rights,True,0.778146044079779,174,36,0.20689655172413793,347,37,0.10662824207492795,22
81bdda54a3e52c73e8a55f714d8619a14f24109a5c59cbf7198145dd76bd4723,pt,Administrative rights,Access,False,0.3862312782804879,13,2,0.15384615384615385,25,2,0.08,2
31b5d9ebfd624451ad9b8a914db51226c6f6313bb6d6db3fa9f9f35eb5e886ce,pt,Administrative rights,Miscellaneous,False,0.27131080027617105,13,5,0.38461538461538464,25,5,0.2,4
fc0e5d935e8df32e545bae79c8d2f30e82f32c23fd65ce82dab06d9ee15ba55f,pt,Administrative rights,Hardware,False,0.6971379975266788,45,9,0.2,89,9,0.10112359550561797,7
fb277358ab819bae5db9c51fb0739c73d702deaa1c49bfdfa43ec162b1e04b1d,pt,Administrative rights,Administrative rights,True,0.6999499089228036,54,12,0.2222222222222222,107,13,0.12149532710280374,9
d6ebdc3a0a3e4b658948fffcecaa2a32928b0a55bde871451d2832e902290412,pt,Administrative rights,Hardware,False,0.31413322356820367,124,38,0.3064516129032258,247,39,0.15789473684210525,16
ca8d965d2f8a81ab511ecd251d2f53bc6c8b01d86031a437025718e2d94432ff,pt,Administrative rights,Hardware,False,0.5278220380904803,41,7,0.17073170731707318,81,7,0.08641975308641975,6
be207bf40f7e5b8ff77c6faa32374ee5a542f73093532c03ecbe3f8f8e8969f3,pt,Administrative rights,Hardware,False,0.3657088253548511,32,9,0.28125,63,9,0.14285714285714285,6
8734abe469dfdec168b9450dfa17b4cc18cff3daad41916bd2d6dac1d475c3a0,pt,Administrative rights,Hardware,False,0.2770987415320939,23,5,0.21739130434782608,45,5,0.1111111111111111,4
292b6e78a11057e42325d199d4330556125b1057c1585a676a2981f0058e0bbc,pt,Administrative rights,Administrative rights,True,0.41983264189642294,28,10,0.35714285714285715,55,10,0.18181818181818182,5
7a0fd75c2ce4a2a302985047cd6a51175ecdc106003a1eb60084a2ce206588e5,pt,Administrative rights,Hardware,False,0.28710544842921726,58,20,0.3448275862068966,115,23,0.2,17
1cdc60412e521a2f98aed728d719c6ed6aff61ab545653f8409553f9d681c0fe,pt,Administrative rights,Miscellaneous,False,0.8350863307963474,30,4,0.13333333333333333,59,5,0.0847457627118644,5
6c653d1b2bb2f567b3b0fa051246269919dfbdd8739e990dd5e8ed33aab14a37,pt,Administrative rights,Hardware,False,0.3739021270661968,14,4,0.2857142857142857,27,4,0.14814814814814814,4
8e8e54bd30d11d255851eee867c809cb9d0e3ead95e4988be0f29cf52d0f283c,pt,Administrative rights,Administrative rights,True,0.9764550544822891,29,6,0.20689655172413793,57,6,0.10526315789473684,5
1738c53694fd17485de63b22fe745c06a384279ae456ad92ff6ad73247fc664e,pt,Administrative rights,Administrative rights,True,0.5586258431566582,33,13,0.3939393939393939,65,16,0.24615384615384617,14
eaee3033e1541fe085cbd7ec0efb36412054719b48ae90ed49230218401fcf6e,pt,Administrative rights,Hardware,False,0.2876628866965298,12,3,0.25,23,3,0.13043478260869565,3
ce2fe55b3f655f61c59e03704653bb43a83b8af7286870e43b0d52ea46b3e3cd,pt,Administrative rights,Hardware,False,0.5855002383278314,98,23,0.23469387755102042,195,24,0.12307692307692308,14
20832ad3f4c897ec644cff1c5ded6c3da515993ef7e4bd05bb07326ba1792c80,pt,Administrative rights,Hardware,False,0.42858824362484205,159,35,0.22012578616352202,317,37,0.1167192429022082,20
b1b7ad9499398ac59ef1ff048fc1e1340f2a586374df4a8e7735fe5c27f9945b,pt,Administrative rights,Administrative rights,True,0.6992021812978715,59,25,0.423728813559322,117,27,0.23076923076923078,10
29c57d73aa1e496f4a9927b3bbcea76dc583d55beda039471d5f2cf257b7b0b2,pt,Administrative rights,Administrative rights,True,0.5413188005779617,13,2,0.15384615384615385,25,3,0.12,3
403f7230cbdf70ac8cb950d560b705cec057eb0333223c1f9b5747ecfda937f1,pt,Administrative rights,Administrative rights,True,0.8904120590657373,120,33,0.275,239,33,0.13807531380753138,20
97f8f71aca4a9359fa61f38bc2a7d246c3507932584f8bf3ab79f9b74a14559d,pt,Administrative rights,Administrative rights,True,0.9794665939974324,26,8,0.3076923076923077,51,8,0.1568627450980392,4
15c85629f66cb687722bee7b08c99393246e87ccd709273afae0c25002a7abab,pt,Administrative rights,Administrative rights,True,0.7755840360300913,43,5,0.11627906976744186,85,5,0.058823529411764705,5
3cd73c9e485da79961b6a058c459c7a701591b00c33851011dcde30bdeeb23d2,pt,Administrative rights,Miscellaneous,False,0.35165405861628074,29,5,0.1724137931034483,57,5,0.08771929824561403,5
8f1ad4b4d1c068272e5a07ff2dd719862bc923a16e115767d9d63d550984d332,pt,Administrative rights,Hardware,False,0.38371416418612525,16,8,0.5,31,9,0.2903225806451613,7
41841b6bad5f963730c9407a7b27cb93bd125f4404e169fb270f2174d6bc3c59,pt,Administrative rights,Hardware,False,0.42072693271236045,116,21,0.1810344827586207,231,21,0.09090909090909091,8
3cec3f12359c5e1e3b1eb6ffbf5074928796930a0b794b9f65be9551e026ce33,pt,Administrative rights,Administrative rights,True,0.9894212875799887,10,5,0.5,19,6,0.3157894736842105,5
90ef174562ca98727054ad21567742d02b738a33ca6450d76969e3d395d0564e,pt,Administrative rights,Hardware,False,0.39952193602146074,16,6,0.375,31,6,0.1935483870967742,4
3ca2f751bb62fad22863b112ecaeee321c6de3b9361bba230d8e90954b4c3026,pt,Administrative rights,Hardware,False,0.5535987683152442,23,3,0.13043478260869565,45,3,0.06666666666666667,2
30c1d71639dcc61b7f3d4d448b8a33db28e8ddd634f43765569954ce751d2f65,pt,Administrative rights,Administrative rights,True,0.7531543624655451,187,30,0.16042780748663102,373,31,0.08310991957104558,17
56247de20bb98a45c3be7dec2198d36f264a22fd5b0118bc41927499577004d7,pt,Administrative rights,Hardware,False,0.263128251008842,12,2,0.16666666666666666,23,2,0.08695652173913043,2
a5b7243233dbd845f8a67afded5d2ecc5f059288b85705569aa2c903d4d3605d,pt,Administrative rights,Administrative rights,True,0.5986123344116766,21,4,0.19047619047619047,41,4,0.0975609756097561,3
295497d1057ebd6e2f6ae899c19c343f43bcae7eae10b61e75f14bc477b84b7b,pt,Administrative rights,Hardware,False,0.581290716220497,26,8,0.3076923076923077,51,9,0.17647058823529413,7
1fc3a334f73898a8e23698dffb77e5e4efeb5ba890dfb64e20446c97b3837818,pt,Administrative rights,Administrative rights,True,0.9998733593697626,38,18,0.47368421052631576,75,21,0.28,16
80c0be6b1f22d104f391dbedae952bed4472522415743126dac44b88c46a8e5f,pt,Administrative rights,Administrative rights,True,0.8302064177091419,82,28,0.34146341463414637,163,38,0.2331288343558282,21
339c374118436ff949401a0e234fa9ec2105ce27ab3c9c45b05016aa2d2809c6,pt,Administrative rights,Hardware,False,0.47323979532851773,19,3,0.15789473684210525,37,3,0.08108108108108109,3
c0ab536aa008967ef745cc549511b621ae21094c8c3be2e069a38aa341850fc5,pt,Administrative rights,Hardware,False,0.4206843011231462,39,7,0.1794871794871795,77,7,0.09090909090909091,6
145829846191843d05aba1172a61028bac742c580c723f50d3ed28ee4a5fd2cd,pt,Administrative rights,Hardware,False,0.4146528351882298,11,2,0.18181818181818182,21,2,0.09523809523809523,2
af82d2a4160739cbe793228e1e443e4bfb4c7cb4a9c4f3f3cd0688d4eec3e551,pt,Administrative rights,Hardware,False,0.3525637813724679,14,6,0.42857142857142855,27,6,0.2222222222222222,6
951619b3ca686f78311f21dde7df45c73653ece6f2298b90a3af9083ef6b3f13,pt,Administrative rights,Administrative rights,True,0.9908106988194173,22,7,0.3181818181818182,43,7,0.16279069767441862,7
23e58f8d4393ed84afd52fc2cad8fb2ac06f50b8410f5a198b9ec2225cabbe77,pt,Administrative rights,Hardware,False,0.33326608175193523,40,24,0.6,79,29,0.3670886075949367,26
c78a5172030226fd7003b2c8d84ddf6d9a04a9d0358284636737afd9fa01f1ab,pt,Administrative rights,Administrative rights,True,0.8623179953628687,79,20,0.25316455696202533,157,21,0.1337579617834395,11
454e7690771b138eb4609208f9d478c901ad7c2567bbfa6631efaab78717ae53,pt,Administrative rights,Hardware,False,0.5634227471516892,20,5,0.25,39,5,0.1282051282051282,4
405cb62494c8ef374c554f347c98861b6e8b33eb95a062baff7aae536386dae7,pt,Administrative rights,Administrative rights,True,0.9850817546725529,36,7,0.19444444444444445,71,7,0.09859154929577464,4
7bcc65581208d1c44e99b86c6c7684064d7e84f53e83a360bb1e16b7c2294eae,pt,Administrative rights,Administrative rights,True,0.996555747868878,44,14,0.3181818181818182,87,21,0.2413793103448276,20
28c13ea328ec69a1f3b1ef9ea7c1f99fc8e31712d3c0d023731a072be1f4f656,pt,Administrative rights,Hardware,False,0.5870119255897904,27,8,0.2962962962962963,53,8,0.1509433962264151,6
573c613bd127d68ebdd2bf4f5c2ce375d188f36d1fb9f045e4258e3ee20022ca,pt,Administrative rights,Administrative rights,True,0.38488612619165286,20,10,0.5,39,13,0.3333333333333333,11
987d632407a719d1c3409e03b9457fc92cc33af3c4e1880817fde010bfaea2e7,pt,Administrative rights,Administrative rights,True,0.998688343975731,13,7,0.5384615384615384,25,13,0.52,13
644625d05556eba0b1d12240ea69d601f73a9b8068f107700d37188ce7febe6b,pt,Administrative rights,Administrative rights,True,0.3775569087877878,88,11,0.125,175,11,0.06285714285714286,6
01be2728c5c649965470fd2152342db9bb07d8fb829fae63c65dce0c36a9c31f,pt,Administrative rights,Hardware,False,0.31571728299020424,11,1,0.09090909090909091,21,1,0.047619047619047616,1
0b31cdd9ef0fb36416c85960c24620369a79fdf1b45765546eca1595e2c70ac1,pt,Administrative rights,Administrative rights,True,0.9974789909738455,107,90,0.8411214953271028,213,136,0.6384976525821596,103
35ac98c60c907ea911f5d640fe415bb46f9560c5e09598d5ec5de91d7011eab6,pt,Administrative rights,Hardware,False,0.4774235570109821,36,7,0.19444444444444445,71,7,0.09859154929577464,5
608ea85591276f8e102ab57fa7a1ec6a796d7e76bb206627f217029322ea7ff3,pt,Administrative rights,Administrative rights,True,0.981196853452011,42,8,0.19047619047619047,83,8,0.0963855421686747,6
8074a71c6881cd14e46ba15d345dd955929a97d07938175084bb89e30325d0d2,pt,Administrative rights,Administrative rights,True,0.8255902435650614,23,8,0.34782608695652173,45,10,0.2222222222222222,9
743aa596cbfdf7dc96a93390dfc708504fcff482fcb88a2755ae00d588e35bf2,pt,Administrative rights,Hardware,False,0.4744288330067083,35,11,0.3142857142857143,69,11,0.15942028985507245,7
789f2e3ace7648bffe1d4fde7c2ee5294c88617cce4086db11b1f77116d109e7,pt,Administrative rights,Administrative rights,True,0.9916122047928942,114,32,0.2807017543859649,227,40,0.1762114537444934,25
7e3fa6250af271bfb864b6b2e712131d50dacac3366bcdea655fcf11922d811b,pt,Administrative rights,Administrative rights,True,0.6645470545745338,15,7,0.4666666666666667,29,7,0.2413793103448276,6
c930a28d84a6ba6127d4ead3549921c2e80802761e939b9b2a5fb854bdcfa433,pt,Administrative rights,Administrative rights,True,0.9632058870893895,38,37,0.9736842105263158,75,63,0.84,56
9f17d42f91a99cab582ddefdedbf28e98fc2e478fbdeaa4cf2a8d81e2b57e474,pt,Administrative rights,Administrative rights,True,0.30123708220589224,39,12,0.3076923076923077,77,16,0.2077922077922078,14
55c7544247713429f50fecfe8c7b72b1a0fddc0656aeab93e266606819a4f5e7,pt,Administrative rights,Hardware,False,0.3595159039137992,36,9,0.25,71,9,0.1267605633802817,7
3c88762ecd62c03fbf3fb9b827e80209c93fe8d6963ff63b76f02d838dd06bc5,pt,Administrative rights,Administrative rights,True,0.9624680446016299,158,34,0.21518987341772153,315,36,0.11428571428571428,19
57be8e99ae24a5a7b66fb592ee84ac5a433a832c4643b41ce96f59a483d00282,pt,Administrative rights,Hardware,False,0.23146250725341838,17,4,0.23529411764705882,33,4,0.12121212121212122,3
8e45b33cd878527e5306383c4c7c4b6e81f714fea4458d5f2af05295b4ce62cb,pt,Administrative rights,Hardware,False,0.2696593905367138,5,0,0.0,9,0,0.0,0
b307b7cbd8c743123c7e3c1e4ebabe09bbd3d652b8edb0c7e39623a2bde29317,pt,Administrative rights,Miscellaneous,False,0.3452156166020456,48,21,0.4375,95,27,0.28421052631578947,19
735d4cd6fb0265aecf268da944db047958f0ac3b6abdd1d0753ba79874f3e1cd,pt,Administrative rights,Administrative rights,True,0.9979941737695417,52,14,0.2692307692307692,103,18,0.17475728155339806,16
6f1f38bc0785191236e4dab720eb6ae38add42efd9b13729e82577ae00982947,pt,Administrative rights,Administrative rights,True,0.9898209432846591,25,25,1.0,49,45,0.9183673469387755,42
c661692f7834d0ec7f2c6cd274330ef8a6cb32d2fd72ae0ce9a50a50689dd3ae,pt,Administrative rights,Administrative rights,True,0.8648038111091022,65,19,0.2923076923076923,129,23,0.17829457364341086,15
bbde797df9d307b01b7daf895d44e444b9d555ee67b6b83412ca5677e955aa82,pt,Administrative rights,Hardware,False,0.5195523620596443,32,12,0.375,63,15,0.23809523809523808,11
2c7dc5917b6eeaa94606126c980b179b58c48bd5774f748e74ec9edc1f566f54,pt,Administrative rights,Hardware,False,0.45765134016371556,19,5,0.2631578947368421,37,5,0.13513513513513514,3
f6a35d3668d56a12093e37710ea84c0e6e5b7d56c2c27ece48bd7d262c66a252,pt,Administrative rights,Hardware,False,0.4139724889641365,105,32,0.3047619047619048,209,34,0.16267942583732056,20
38036ca335ef2dbea364e44a619253ad49c16e7ab97038d2edb74ba1a7c06c60,pt,Administrative rights,Administrative rights,True,0.9758355212053308,132,70,0.5303030303030303,263,110,0.41825095057034223,41
0f62b5278c0d189a6105012b196b57d78d8693695d6510fe6a835886062c1029,pt,Administrative rights,Administrative rights,True,0.9204799131154984,21,11,0.5238095238095238,41,15,0.36585365853658536,13
4584287d5758e528f13e8e4dd4d4efd5ab51743589050b2f0e428a75907d4e65,pt,Administrative rights,Hardware,False,0.28454453302842997,16,1,0.0625,31,1,0.03225806451612903,1
ed1628988bdfc2b87a36d3183024351127e5ccb47d3865bc4c6f6c2c78d8bfbd,pt,Administrative rights,HR Support,False,0.42036011720420485,19,3,0.15789473684210525,37,4,0.10810810810810811,4
e0e5f57937adb689edd151f06721ad6cd50d0a8f9145472b87bf0dc8738f267d,pt,Administrative rights,Hardware,False,0.4233395606526503,65,14,0.2153846153846154,129,14,0.10852713178294573,7
d38b8fe516b4b84001f724eef7a76351e8d6e7b994e0c57811de88607efa0fab,pt,Administrative rights,Hardware,False,0.44111242156033986,189,32,0.1693121693121693,377,34,0.09018567639257294,18
f5c4e532ee1363d5477bde4bd2aa8e9a97087f76185d297e8715838fdd8ea394,pt,Administrative rights,Miscellaneous,False,0.45703937054522675,28,9,0.32142857142857145,55,10,0.18181818181818182,9
d40892b62302a7dc5a04c0fa81a3d215f8f1a29ed1d4e08d122cb85286e0bc6a,pt,Administrative rights,Administrative rights,True,0.9683855311996383,173,34,0.19653179190751446,345,39,0.11304347826086956,23
9b807a73875a9072606ff03849766ad796f5f13519024b8415ef5e6290fe3ddc,pt,Administrative rights,Hardware,False,0.867862823924216,66,56,0.8484848484848485,131,86,0.6564885496183206,47
22d0c7e9f667e5f0debc97f6a8a85f50e46c1b5bef001815649ed402e712cb28,pt,Administrative rights,Hardware,False,0.3412517917573443,135,24,0.17777777777777778,269,26,0.09665427509293681,14
dc577cb82e109fbc93b82fb15ffb23a550a7a6451ebd639dce804ecdaf016763,pt,Administrative rights,Hardware,False,0.5231258280449337,164,31,0.18902439024390244,327,31,0.09480122324159021,14
21f910e33869267f3b574ed7bf1f20c11aa75b7802816179dd670c2dca9c3b1a,pt,Administrative rights,Administrative rights,True,0.9950105989931081,110,51,0.4636363636363636,219,66,0.3013698630136986,45
994f35b3720edc00edd94a129b5b2495798e8531b570966a0809f8dd42282cd5,pt,Administrative rights,Miscellaneous,False,0.3474199859847881,18,7,0.3888888888888889,35,8,0.22857142857142856,6
b654fd816561d4741648b3010e1feef53faf6355c8c4c724bc7585ead7999194,pt,Administrative rights,Hardware,False,0.5334383011485743,138,34,0.2463768115942029,275,36,0.13090909090909092,14
9d93e296b31ef97531d4706128be7579e4811ed9dcc9a6b74c17a1da2b416209,pt,Administrative rights,Administrative rights,True,0.7479273231371109,8,3,0.375,15,3,0.2,2
01d770200ce0c54ba48088922550dd263df4ba87920871de9baa82163c67b07b,pt,Administrative rights,Administrative rights,True,0.21626394998319465,51,9,0.17647058823529413,101,9,0.0891089108910891,5
e1abf78ae96e07bc0874813249299ee06c708e88063465df98408df77b0fba4b,pt,Administrative rights,Administrative rights,True,0.9985725792403937,27,6,0.2222222222222222,53,7,0.1320754716981132,7
833ce2f4d9bf4dfb8872f68319686ac24953d02bc6ac94c9fca24a5d568c6f22,pt,Administrative rights,Miscellaneous,False,0.5028130215166154,17,1,0.058823529411764705,33,1,0.030303030303030304,1
5f9cd44b4f0a62c5fe15182ebfb2a23f2f8a99efedeb0727636345ecf15c5974,pt,HR Support,Miscellaneous,False,0.3455676053617812,9,3,0.3333333333333333,17,3,0.17647058823529413,3
b4979953ec3f7aa7458b304e04d41986b6586d2915d731998b71936a650ae7b7,pt,HR Support,Hardware,False,0.5230836358365092,229,66,0.28820960698689957,457,67,0.14660831509846828,26
c18554cb034ae5de00c6378ef0552ca7ed667f99ce834c1221cbfc3e6885a380,pt,HR Support,Hardware,False,0.34516778747689836,39,7,0.1794871794871795,77,8,0.1038961038961039,7
ada5e9c27523f9640e5299ee009a4f28194a4232486a42e38d65b626ba8ce238,pt,HR Support,Hardware,False,0.2543156017397805,20,3,0.15,39,3,0.07692307692307693,3
2d4a4bc8c9dfa42b5d91bfd12430f061ac711cca0b4606a7c4086481cb8e6888,pt,HR Support,HR Support,True,0.9383061238940255,13,8,0.6153846153846154,25,10,0.4,7
b8b4c87621294f6375e82525bf1d24a9120f6f2af74818c6e2fc03bbca76ff59,pt,HR Support,Miscellaneous,False,0.30991645721093836,12,4,0.3333333333333333,23,5,0.21739130434782608,5
4d0646e1d093923aad502b4a722542af1b31dd048a3c22d39e831d32543798d0,pt,HR Support,Hardware,False,0.37771586596520423,33,6,0.18181818181818182,65,6,0.09230769230769231,3
f270884d5930853b54f89d177b79db79b3a6e2bc2138113661fa59aaac0002a2,pt,HR Support,HR Support,True,0.31990849927245557,16,3,0.1875,31,3,0.0967741935483871,1
f17ed691eeeb32142012edec15328886e451f771349bc25ae7541fccecb33d9e,pt,HR Support,HR Support,True,0.6012688419487398,22,9,0.4090909090909091,43,11,0.2558139534883721,11
8e34d4b1f69e2c603a77707333b22a942977854da8d7e2deaea985d67251ffcf,pt,HR Support,Hardware,False,0.4200281718570873,32,7,0.21875,63,7,0.1111111111111111,5
24e74c22dcc6f69a9e47517ad4388863f568437644902469aa70adc5b7022f4a,pt,HR Support,Hardware,False,0.27942201512269565,21,2,0.09523809523809523,41,2,0.04878048780487805,2
7b168c88dde3d69d36896f9f4c9fd658faaa7e5dbbb9bb74a224ca7dbc490760,pt,HR Support,Hardware,False,0.35855672795345656,78,23,0.2948717948717949,155,24,0.15483870967741936,11
e674b93603c55eaf6f8a88c1d8b7b9c6ad68083f678ce202eb7121ba35b40e78,pt,HR Support,Hardware,False,0.5353918036980763,24,5,0.20833333333333334,47,5,0.10638297872340426,3
268baa5098b33385976e304f4fc4913fd0624f60d146137d2efbeda469f9a1f7,pt,HR Support,Hardware,False,0.3630384789966057,11,3,0.2727272727272727,21,3,0.14285714285714285,3
ccfc942f205b3db28b296f84d2ca586e3d452a3e4f8fde6d4ff6e77bf4b196bc,pt,HR Support,Hardware,False,0.493113301385651,18,2,0.1111111111111111,35,2,0.05714285714285714,2
b00c33ece3eb966eb2650c0cfbdb55d6f7cb523ff6292c078f2edecff8e797fc,pt,HR Support,Hardware,False,0.25569337302913203,9,2,0.2222222222222222,17,2,0.11764705882352941,2
8a01cb6e1aa6d57c64757483d4b2442b36c412fa918bd488525b720eb7c87491,pt,HR Support,Hardware,False,0.25947297051595447,94,26,0.2765957446808511,187,27,0.1443850267379679,13
b54c57d7031c2ef819d6c8608c11f6826d07efd7583b75c9da0194f01d2ba2bc,pt,HR Support,Hardware,False,0.3444322057452062,47,9,0.19148936170212766,93,10,0.10752688172043011,6
22825a9dc70a10ce2f2ad4b7a6d60a6a94ff5efcd274f023e8b32ae9041a8a6e,pt,HR Support,Hardware,False,0.6277500668388094,65,10,0.15384615384615385,129,10,0.07751937984496124,5
3a4f5dd558c1d85b788bfbb6b148a776fa7559766a62744123d74c5c30e67ed1,pt,HR Support,HR Support,True,0.3329963239859404,15,5,0.3333333333333333,29,7,0.2413793103448276,6
1ba8f53fd753a7d3ffe181d1e8b6b725a2cc8b6ced1101c536a558a5681732ee,pt,HR Support,HR Support,True,0.7227460398272347,39,35,0.8974358974358975,77,57,0.7402597402597403,49
25c3534d001ee710f78bd4b548490b032c11b3a81bf22f064835688bfcb44043,pt,HR Support,HR Support,True,0.4736756187099748,20,6,0.3,39,6,0.15384615384615385,5
214373b9c005dd52f06967c0c2e01cb7c8695db1ce1792a22943046ddf4f4166,pt,HR Support,Hardware,False,0.4427448841657972,46,8,0.17391304347826086,91,8,0.08791208791208792,6
2d4f954b21fd9db711534dd938dc215957601f92820fa5534cd90ab9f3f696ff,pt,HR Support,Hardware,False,0.3937617737010063,19,12,0.631578947368421,37,14,0.3783783783783784,12
706b95b89ab85f05c98276e1f68399b5c927e4d47c04758de62fe4a391266669,pt,HR Support,Hardware,False,0.786679859913852,49,19,0.3877551020408163,97,27,0.27835051546391754,19
d19ee183f1efa55dabc70fb178f9a2b8651e5cbaf82432ede17d5a94d5944d86,pt,HR Support,Hardware,False,0.5024191908180803,9,4,0.4444444444444444,17,4,0.23529411764705882,3
80b09234cd20af9f36c7ea3641c092653a12bee44349adfcbe5183396f03deac,pt,HR Support,Hardware,False,0.6218141829101809,204,50,0.24509803921568626,407,53,0.13022113022113022,16
814384c90fe0799d20c852c7c0e17daa5ee736ef3eb7628af3ca33d555396eb6,pt,HR Support,HR Support,True,0.538253012480957,22,9,0.4090909090909091,43,10,0.23255813953488372,10
60871cf7bf9ef2c55bb4904891ce36a73b05de14bd5f51641a830b00bf1c74a3,pt,HR Support,HR Support,True,0.9160834373963885,54,11,0.2037037037037037,107,13,0.12149532710280374,8
bc0096a364ee93873c7233fccc6ea5a59e86a8d0d2d814f2439d1944f14a249d,pt,HR Support,Access,False,0.27810919080197416,19,8,0.42105263157894735,37,11,0.2972972972972973,5
4f0e90c0ffe5864f844f453bf2667d6b6071d05fc799c0ca1ccddaa60bb45eb5,pt,HR Support,Hardware,False,0.3582110297795806,34,8,0.23529411764705882,67,8,0.11940298507462686,6
3a80cdd02f49647dc451507e7f02197a5e3693fc21dcca71ee048f12e8cb7b4c,pt,HR Support,HR Support,True,0.5923720015373584,20,5,0.25,39,6,0.15384615384615385,5
62f4f45f422fcaae6cfa5e0d2056ca343e90d17e3c76116bff98060d406939d7,pt,HR Support,HR Support,True,0.3743173936977109,28,9,0.32142857142857145,55,10,0.18181818181818182,8
89fc3b6257aec5958ac988df11170edbe01de4f4b893378eabc5d42f2c88c981,pt,HR Support,Miscellaneous,False,0.6279589657883203,75,29,0.38666666666666666,149,36,0.24161073825503357,27
6322c5d9771c53a62fb19a291070e6cb285a568cef036f5577a8e77ad8bf30e8,pt,HR Support,Hardware,False,0.4201878717144954,13,3,0.23076923076923078,25,4,0.16,4
dc7ba3ffc81981d0493d4db9a8352e0029862ce9741aefdb95d947fcc9fae107,pt,HR Support,Hardware,False,0.5643073489389399,18,8,0.4444444444444444,35,9,0.2571428571428571,7
6ba9deeb89e51db4bafc8cadb671cb8a19bcec6a6912c6e4f9584826910ad337,pt,HR Support,Hardware,False,0.36625943900085367,31,5,0.16129032258064516,61,5,0.08196721311475409,5
11cc9a9f22e7e59fe83dd08e5e715b6a7289ad3f20b8250dc92742106da05220,pt,HR Support,Hardware,False,0.25569337302913203,13,2,0.15384615384615385,25,2,0.08,2
97cfb11f412903607fca8ec823e1a2da17e94663ce8eba3babcd3d7106b48854,pt,HR Support,HR Support,True,0.9057538559205132,100,23,0.23,199,26,0.1306532663316583,15
20c28c06c5c4123e2254a4e7a2e908b70265bc9f4ee4febc0701380ab66c0d05,pt,HR Support,Hardware,False,0.28454453302842997,8,1,0.125,15,1,0.06666666666666667,1
013753b9bc443bd2ff8c4a6beee0b887e27f24beffcc442894d3c52701f17a2c,pt,HR Support,Hardware,False,0.5844701746652936,25,8,0.32,49,9,0.1836734693877551,6
060be87917584e47f9307bb5ed3423a9aacee00ec8d160026292b27dc5f48893,pt,HR Support,Hardware,False,0.47966998947498757,38,3,0.07894736842105263,75,3,0.04,3
11ab9b4ae39d902fb693bec483c9f2bbd7097294c18b612e0ffda8368b4369e4,pt,HR Support,Hardware,False,0.4896530156156977,10,5,0.5,19,6,0.3157894736842105,6
7911f84af42dbcafb139faff5cbc9200e6c6cc6d765c1d7979cfa088fc0003cf,pt,HR Support,HR Support,True,0.5764430471535561,42,33,0.7857142857142857,83,53,0.6385542168674698,49
9f1812e560f890899b23c7887ddd83d1ecd4dff8bec886f817a03b793aab7a53,pt,HR Support,Hardware,False,0.3898656763013692,50,13,0.26,99,16,0.16161616161616163,9
b6ff5856df68c7083e8969a5dc5df64f9692e635d005db0913a0066b2d602e28,pt,HR Support,HR Support,True,0.986983809378054,54,44,0.8148148148148148,107,62,0.5794392523364486,36
5f8e4c75dd8e1472f5f9a0b765d9405fddd7d5dcd2f45d7c6f8b3eed0b1e5d54,pt,HR Support,Hardware,False,0.49997244370547245,30,5,0.16666666666666666,59,5,0.0847457627118644,4
561b9708eb145e30513be69b40e02753810888c36a00d1cbb43b1b86e9751762,pt,HR Support,HR Support,True,0.5477011156199609,127,50,0.3937007874015748,253,54,0.2134387351778656,23
9ea261773194c0b92a9cfc0667c9901c00aa6cc44b14894ce8975201a58bd826,pt,HR Support,HR Support,True,0.8571535803262782,39,13,0.3333333333333333,77,16,0.2077922077922078,14
cbe849b84fd9d48778db875270a490b29370a3ae5dc8645c9fad30fb381c8d3d,pt,HR Support,Miscellaneous,False,0.5226167236279049,9,1,0.1111111111111111,17,1,0.058823529411764705,1
f88e8ec8cbe98d9a23bfce14f0868387486c65cd0b8901367b1ab91c1f5c3723,pt,HR Support,Miscellaneous,False,0.9464403979469209,46,14,0.30434782608695654,91,14,0.15384615384615385,7
7f3d5691b8525923100060450c42899fc42f4ecf421af8f3f2c1b5966368689e,pt,HR Support,Hardware,False,0.5335220545910916,20,5,0.25,39,5,0.1282051282051282,3
63ff29b3061903049477ae46b0b5b0c3a285105563c79ea4d2dbb7bf5838ebba,pt,HR Support,HR Support,True,0.559096499544426,29,4,0.13793103448275862,57,4,0.07017543859649122,3
09d9c79a6a0680b92fb8c100e77fd27705c8e4f250073117a921a7a28baf794f,pt,HR Support,HR Support,True,0.3534387847477918,36,8,0.2222222222222222,71,10,0.14084507042253522,8
df65ba5b8a79cf13c2b079a8c0b8d5425642ce005c629130eacaffee9aadfee8,pt,HR Support,HR Support,True,0.8446945087195831,38,36,0.9473684210526315,75,60,0.8,49
7945e611559a2c767f50a7fe107b2c715dbcc170020fdb2d838e827cf18bb652,pt,HR Support,Hardware,False,0.4481067688403758,23,7,0.30434782608695654,45,8,0.17777777777777778,7
7a3116cd704dcf7d7f0d38d618faf077a8716d7e031953a7a93d81c30934bebf,pt,HR Support,Storage,False,0.41588995020233394,16,7,0.4375,31,9,0.2903225806451613,8
a613298e5bfc16ac9c0b60a78c73e6f7bdd89bb7e23d8fdcc18385b03878e932,pt,HR Support,Hardware,False,0.413690893282241,11,2,0.18181818181818182,21,2,0.09523809523809523,2
9c4d3d7dbbe37b97acc4cdb7a1a5df0fc90c6cc1e124a1bfc7bf370022d01ccb,pt,HR Support,Hardware,False,0.4971100198322585,23,5,0.21739130434782608,45,5,0.1111111111111111,3
1206711f9de5735b271117c0fdd2b19364ce1205dc8ad2484a00f47976b9c147,pt,HR Support,Hardware,False,0.32286448995314626,8,2,0.25,15,2,0.13333333333333333,2
8a96b24a531a892cc3a14b93a8059a584645e5b6a45a30a1521237519d7142d7,pt,HR Support,HR Support,True,0.958663164894253,38,19,0.5,75,28,0.37333333333333335,14
cefbd399e7f139cc077da896a5ff801a49f3ad62e1536098697c9699578e70f5,pt,HR Support,HR Support,True,0.7333780706051249,25,6,0.24,49,6,0.12244897959183673,4
ff3bceeba747be5c7a79bd77bd1afa18ef254e1153b3e2f9980be2e018b63b3f,pt,HR Support,HR Support,True,0.8243752988590659,43,12,0.27906976744186046,85,16,0.18823529411764706,13
50cb855969c7a697ea8d079d721b3b67b2f299699844f0628751046ee69e3601,pt,HR Support,Hardware,False,0.3677814517875587,22,4,0.18181818181818182,43,5,0.11627906976744186,5
563a7d5a14584f0088ba706a24e99779460dfa8ba55419b1b0feda8f75ae5cfd,pt,HR Support,Hardware,False,0.31861781527460625,73,16,0.2191780821917808,145,16,0.1103448275862069,6
c322f4c0ee210a3a0a4450141afc76aa4805e2b65fa8bcb595516b79aa76002a,pt,HR Support,HR Support,True,0.6954653118327918,43,15,0.3488372093023256,85,18,0.21176470588235294,13
cb981bd0d09b2b4e4f67146160a1950080a07cb5b0b2387e6de3a457488af6d0,pt,HR Support,HR Support,True,0.5841848310206363,33,7,0.21212121212121213,65,8,0.12307692307692308,8
7c81288f03849e7ee94e78ef50a11f4f1d6769adf1213cd963ee4e3ea623f5ec,pt,HR Support,Hardware,False,0.3261945832728558,27,5,0.18518518518518517,53,5,0.09433962264150944,4
43ee53009980efc64172226eb373b3fbe165a93a12b6df4360c067814815751c,pt,HR Support,Hardware,False,0.493113301385651,22,2,0.09090909090909091,43,2,0.046511627906976744,2
5ad3554fc19f3a3a83f5f9aec742680b8222737dcb4703ed1a047262ff17364d,pt,HR Support,Hardware,False,0.5318056325121333,17,3,0.17647058823529413,33,3,0.09090909090909091,2
e98efb8520cee7d6e5bb0797f63e731902dd828c0c4fb12c55489016ed27e297,pt,HR Support,HR Support,True,0.4727388350357047,34,8,0.23529411764705882,67,8,0.11940298507462686,5
5ddc22d457e0f28f80121f8fcdd54bdef08a719e0eae432e815bb40bb269c24b,pt,HR Support,Hardware,False,0.5324193920677697,46,9,0.1956521739130435,91,9,0.0989010989010989,4
c5b250f781b63c40fe263e9fdf78ba7321a47ca0b03e7a476b2a08a62ff99b2e,pt,HR Support,Hardware,False,0.41778519604563985,61,13,0.21311475409836064,121,13,0.10743801652892562,7
0cdde0e0a146e95cf30d4c051cd43c1bdb1d9563c1e6ca1c8c7a87257f4d3526,pt,HR Support,Miscellaneous,False,0.5226167236279049,4,1,0.25,7,1,0.14285714285714285,1
99df5a945d3c077860b8b60102ce4fe4d3832aec1e809c86cc34ff452dc81e31,pt,HR Support,Administrative rights,False,0.4427230903226193,18,6,0.3333333333333333,35,6,0.17142857142857143,6
ef6fa11d3061935e68615d537b072e92e0418682826ed1355b607a2eeacff11d,pt,HR Support,HR Support,True,0.59889943628211,196,72,0.3673469387755102,391,93,0.23785166240409208,33
6914c8b14da9ea2ba9e096f7c58cb08328cf03e34f0e6db426ed7a565a761658,pt,HR Support,Administrative rights,False,0.41510768340007664,15,4,0.26666666666666666,29,4,0.13793103448275862,4
b9dc593fb111e231be161da2dec4a510cc52d40703675169ed704ba6b5af47bf,pt,HR Support,Hardware,False,0.28626432951461106,28,8,0.2857142857142857,55,10,0.18181818181818182,6
919bfe5f419feccb2c9c6b66b108702aa07552c0fb2cab5f98e1163fd34ff5fb,pt,HR Support,Administrative rights,False,0.33755764667956784,25,4,0.16,49,4,0.08163265306122448,3
355991b933931c3d8bcfde6936c19175e996e10b223fef1cb4ec6032daae8d34,pt,HR Support,Hardware,False,0.30362888828213364,30,5,0.16666666666666666,59,5,0.0847457627118644,5
8920a51b4e7db8014e139cab2842b110f098dc894803f0322bc00388ccabfb5c,pt,HR Support,Miscellaneous,False,0.3283004357459691,18,8,0.4444444444444444,35,11,0.3142857142857143,10
44a10d6748fa754d1a5023df5c6f111bb860edaabf0d84a5e1587bff08e67b0d,pt,HR Support,HR Support,True,0.35491392095924845,10,4,0.4,19,5,0.2631578947368421,5
5da98cf646ef89b2f56b0799fcdec00e7121fc3a89652ea025e7453d8977db26,pt,HR Support,Hardware,False,0.30269049281218796,22,2,0.09090909090909091,43,2,0.046511627906976744,2
3b80632839fd5aa4cdd69af84931d375b0514966e2319db334051815803b8898,pt,HR Support,Hardware,False,0.5006085997088966,60,19,0.31666666666666665,119,21,0.17647058823529413,14
25d9d284f8305838672acb19af03df7738628e8123dfc6316f5a9d31b3177194,pt,HR Support,HR Support,True,0.47393924933744414,20,8,0.4,39,8,0.20512820512820512,6
c5a3e40ad3dae09150d66630b710e197626b28bf20efa98ade323ec52a675e56,pt,HR Support,Hardware,False,0.43093988674825834,30,9,0.3,59,10,0.1694915254237288,9
7a8c3a5136acbc41303797979b3966aa4eccaa3f5cf212a435e86c3611f1516c,pt,HR Support,Internal Project,False,0.683531001778444,10,3,0.3,19,3,0.15789473684210525,3
b37e5dc1fa4a008a476727b089173e78b35295c8c75237899f6f369124341aa4,pt,HR Support,Miscellaneous,False,0.31706018440690587,30,28,0.9333333333333333,59,47,0.7966101694915254,41
23566808b1e7ca5acfcedfe12bcf2b49cb633492a4e9570a01109b594a01c8df,pt,HR Support,HR Support,True,0.816135523311292,27,9,0.3333333333333333,53,12,0.22641509433962265,11
cd63bef95a8e8a9d52417b88438e4e2fb2024a3635f89816e01bae308eac5acf,pt,HR Support,Administrative rights,False,0.7962717291875755,12,2,0.16666666666666666,23,2,0.08695652173913043,2
3ddcf94f9199c2e3efc8a00ff9569bc0e721ff56dfd8490cbd9d68acd2de30b1,pt,HR Support,Hardware,False,0.5751931745571544,21,2,0.09523809523809523,41,2,0.04878048780487805,2
7e9ac153423f0462a6075025b4bdea8f705c5db8c4fdb476bbdcaee1d77846c5,pt,HR Support,Hardware,False,0.8425218313335244,14,6,0.42857142857142855,27,9,0.3333333333333333,7
693b66a109c6c9622d5105158123b86b167d758923d7d8055dbab811978c1da4,pt,HR Support,HR Support,True,0.97903006716097,7,5,0.7142857142857143,13,7,0.5384615384615384,6
3abb875ddbd3f760e3d6c71f2a2ed602c0424d7b3cd8b094533ac295c7a6ae48,pt,HR Support,Hardware,False,0.259872323554043,80,16,0.2,159,16,0.10062893081761007,12
a985f8146a2a744a6c8079c4af23ab1a8d7b2713af3199c24d1463b7e2f8ee9a,pt,HR Support,HR Support,True,0.5039920609316249,13,6,0.46153846153846156,25,7,0.28,7
cc70bc4c4ef9d6a2f425aa5d3079648990395dc34b8a0dc8b43cae4d2845323d,pt,HR Support,Hardware,False,0.2696593905367138,0,0,0.0,0,0,0.0,0
ad5e9f37844470c5579770855fcb25498529f50c1557a2d2f3daf7499c66c056,pt,HR Support,Hardware,False,0.8280789394999951,14,6,0.42857142857142855,27,7,0.25925925925925924,5
456c6d81fe36781d0b545d65e32523b36341b70d9edd127ee3c68fe89fbda1cd,pt,HR Support,Hardware,False,0.44027947437164316,31,3,0.0967741935483871,61,3,0.04918032786885246,3
f43585e7357b3db7f7a7319a1610b990e48dd7f821044c5278f9a235912a1b81,pt,HR Support,Hardware,False,0.7361778094617587,15,6,0.4,29,7,0.2413793103448276,7
39ac427806230409ba0d68c33590527c1ac2f6c13ae4515275af110ad92cf540,pt,HR Support,Internal Project,False,0.3696902600666782,41,8,0.1951219512195122,81,8,0.09876543209876543,6
c01a4a77c0f8af9a5903c21d332b195429e7f7e905349770a390a395719688d5,pt,Hardware,Hardware,True,0.29592461087883687,23,3,0.13043478260869565,45,3,0.06666666666666667,3
8e5a692fc503bac110f9f81ba692beba163c8629ff1e8ae147fc6156f2dc004d,pt,Hardware,Hardware,True,0.6565450148311643,204,35,0.1715686274509804,407,35,0.085995085995086,13
105f0452baf61154736cfc0100cef4b98fe4bea9ace0881820753dab1989a969,pt,Hardware,Hardware,True,0.5180353343340942,59,9,0.15254237288135594,117,9,0.07692307692307693,6
e5d401fefed57c3eb4eb08144e60615e2dbfac815cd9d3207c12717b419ead7f,pt,Hardware,Hardware,True,0.6255595276857371,56,9,0.16071428571428573,111,9,0.08108108108108109,5
aacfc028254e40d39e47039e03884039681325689f49c7ad5a11e01355fdad4a,pt,Hardware,Hardware,True,0.9532617459252257,156,46,0.2948717948717949,311,57,0.1832797427652733,30
32d5c3b3a230b27c6283896a0559bb8a0929425d55b92751037f452669b1c904,pt,Hardware,Hardware,True,0.7684557821880679,118,24,0.2033898305084746,235,24,0.10212765957446808,9
54d5f3495e6b9db6e6275af39869d2efdbdbb7bf908196adc1279983df1b78dd,pt,Hardware,Hardware,True,0.9192703474139718,22,13,0.5909090909090909,43,18,0.4186046511627907,13
1e7f2292a2fe7fa49c3ced5e911f7083b2c3fc8765b2dd7d22733fa1dd63bef3,pt,Hardware,Hardware,True,0.5393747692371288,12,3,0.25,23,3,0.13043478260869565,2
10ed2763cce094ded929e86820f14367cef2fada35d152ac3d7e2645ef5665e6,pt,Hardware,Hardware,True,0.9934254302535686,7,5,0.7142857142857143,13,5,0.38461538461538464,4
258dcc88dab84cb8078e23f802a6c06d58604f15fa0d1179cb4b91439840b09f,pt,Hardware,Hardware,True,0.7983452945190052,219,51,0.2328767123287671,437,54,0.12356979405034325,26
12e64ba990ef4cb9743a54aefcfe1e1d465399260b87197f6a448029614e35ba,pt,Hardware,Hardware,True,0.47997312028072453,51,49,0.9607843137254902,101,84,0.8316831683168316,62
35cf76d3355d22ada88bbfce8f8d2a5258a9f2429f7993e699a9492cdaac048f,pt,Hardware,Hardware,True,0.9992567714918495,14,6,0.42857142857142855,27,7,0.25925925925925924,4
634edf27a54b4e38029b2854d5c4ee553cfde1b626abda21497b1fce3a971c6c,pt,Hardware,Hardware,True,0.9783290565111362,17,3,0.17647058823529413,33,3,0.09090909090909091,2
9f3e1b8866fc56867eb75ab50bc170e8b2222497899bcd2d0e99c135296aca40,pt,Hardware,Hardware,True,0.2729192464932583,36,4,0.1111111111111111,71,4,0.056338028169014086,2
7a61261514974ea4402d6712682a914c417f9c9d7ea7ffc55622bf4215de4eb3,pt,Hardware,Hardware,True,0.37085715217375304,58,12,0.20689655172413793,115,12,0.10434782608695652,6
64fb72039819769574e51456a54287a2616942dfc0238529c918f9a582632ce4,pt,Hardware,Hardware,True,0.9549723959392058,17,11,0.6470588235294118,33,15,0.45454545454545453,14
5f99b8513ec35e23ed24a784211971d44c99e7ca6335625a5c6abd0abdbb73c7,pt,Hardware,Hardware,True,0.4852977683946066,45,10,0.2222222222222222,89,10,0.11235955056179775,5
5702cb66ad9e6e01ca78522321b8ea9e882f62eb680fbc1b5cd27f016b4b31bd,pt,Hardware,Hardware,True,0.45726629356315757,66,18,0.2727272727272727,131,18,0.13740458015267176,10
02cbeaad0da7e94e7221ac1c9e76c6e34ed8c8c2a922b8649959f414f66f1045,pt,Hardware,Hardware,True,0.9556763707212268,33,8,0.24242424242424243,65,9,0.13846153846153847,5
76ba74f42189f51e325c17fdaf0149566d191b2000d65a5a6b4ba3194be35290,pt,Hardware,Hardware,True,0.2864705296385426,22,7,0.3181818181818182,43,8,0.18604651162790697,8
4d17c3abb84d999789fcf382625657d547972bac057010f09f7787a7a8dfdf5e,pt,Hardware,Hardware,True,0.5275105446069175,22,6,0.2727272727272727,43,6,0.13953488372093023,4
581c8a0f63fee97397db9216a6e6945c9cf9718d96622e2e862efc1a8358fb8d,pt,Hardware,Hardware,True,0.8446153671590021,42,11,0.2619047619047619,83,11,0.13253012048192772,5
283db8b7669b3af7643d2617737e84fa40d7eec97695dadb0cd0ae309949f35b,pt,Hardware,Hardware,True,0.7891033879482406,57,9,0.15789473684210525,113,9,0.07964601769911504,6
d363819851ae78833fbeca3d601827763d983659bd6a650c235df9978c5798bb,pt,Hardware,Hardware,True,0.4392519218808617,67,24,0.3582089552238806,133,25,0.18796992481203006,15
de0d3b0772fa3cf8b8c531f3ed5d5aee14931e800de35e1336fec0033ed9e229,pt,Hardware,Hardware,True,0.6979365821734999,11,4,0.36363636363636365,21,6,0.2857142857142857,5
b9e6eabd32ae5585c6d48f027506127e14eded37dabe430e4e68a19b9de9e439,pt,Hardware,Hardware,True,0.8036653973019166,184,49,0.266304347826087,367,61,0.16621253405994552,20
0130f5ac8c1cda100e70993487d4f52cbe54834af534a10c905f17d474f13ce9,pt,Hardware,Hardware,True,0.9735584564444741,19,2,0.10526315789473684,37,2,0.05405405405405406,2
eb034141ebd4a07023266af7ce176b92a78f059e6935ab5821703e20ccbd53a9,pt,Hardware,Hardware,True,0.3233938376495078,37,34,0.918918918918919,73,57,0.7808219178082192,41
8000f9c9af0dd4e11503577d86196874aa823ba183f7f5a2583601a0b707440c,pt,Hardware,Hardware,True,0.7876917950525166,59,16,0.2711864406779661,117,18,0.15384615384615385,14
5e05cd7989cfc183c13a6ad38bc0698cb9daaffb2fbaef48bae4f00dd06ef3db,pt,Hardware,Hardware,True,0.43245556875052943,199,47,0.23618090452261306,397,53,0.13350125944584382,22
4125aa44bfc3c82b6c214c86b532007dea34f5e908af2f4172ce58c8f886f188,pt,Hardware,Hardware,True,0.7682431649045804,24,6,0.25,47,6,0.1276595744680851,4
bc13a4e682d6df5c43fc61098c05cc89d56ac6eef88fac5fbba58614e48c4c23,pt,Hardware,Hardware,True,0.5132250561313805,77,10,0.12987012987012986,153,11,0.0718954248366013,7
0aba551d15ad2b123371aa8290295edfa2eef00c6fca04eef47d17cc00c2da8e,pt,Hardware,Hardware,True,0.2772239102896452,58,9,0.15517241379310345,115,9,0.0782608695652174,6
d342dd9f9a913e08cdbe3a9f0afea99aa0cc0069a2e8a67528acadfff1793e6f,pt,Hardware,Hardware,True,0.28454453302842997,30,1,0.03333333333333333,59,1,0.01694915254237288,1
9d34057482e78d713ce418d4614f5729567ac72407ab290dcc464ebe4d0a2cd1,pt,Hardware,Access,False,0.31585578558665334,12,2,0.16666666666666666,23,2,0.08695652173913043,2
bd8e3f279ffa74c061b75adb53537b464068ed7685f04b283db66c675fc96963,pt,Hardware,Miscellaneous,False,0.33249849667850073,133,33,0.24812030075187969,265,34,0.12830188679245283,16
84b73eb4c29d664cf0af9246f7b310398cc1f6d101fbebcbe891cb07f8f1fc07,pt,Hardware,Hardware,True,0.7000758980913764,159,28,0.1761006289308176,317,28,0.08832807570977919,16
100dba1f726b9af1bbb7d2d3f2ecf7735beaea189d0dbbfeb91abb4337c58421,pt,Hardware,Hardware,True,0.9515167874284702,111,29,0.26126126126126126,221,37,0.167420814479638,22
10b665ce24f876f8f7f6fcfcecc6bfce564b37e41e9e2d1d1f324a4595a73008,pt,Hardware,Hardware,True,0.6864212222468009,29,5,0.1724137931034483,57,6,0.10526315789473684,4
14f2a265057b6afeabf5a3a7b8cddc87cfde075011d8244ac9a64b5e39805c46,pt,Hardware,Administrative rights,False,0.6124178911203464,91,20,0.21978021978021978,181,28,0.15469613259668508,15
bf7d6bf0a48bc3421c0e60505310fce90254848c2548c8e7c20d301cda749e90,pt,Hardware,Hardware,True,0.41026693107878326,88,14,0.1590909090909091,175,14,0.08,4
4fc5ef6fd9f80fcbaa56a23b5162a53f1527ef7f45adf7f2bcfc418c43d42acd,pt,Hardware,Miscellaneous,False,0.5226167236279049,17,1,0.058823529411764705,33,1,0.030303030303030304,1
bd076b85fdf3cc8129591f2f5bfdfdde74900592d1c6f262560a2efdc3de4828,pt,Hardware,Hardware,True,0.5766117563666133,108,36,0.3333333333333333,215,41,0.19069767441860466,13
e77a0261b0a4ca28dddfab4665357c5247f4e0bf4f092b7b6118d50976d482b7,pt,Hardware,Hardware,True,0.4692105866526648,47,13,0.2765957446808511,93,13,0.13978494623655913,6
ab70f9fcef71ecee9f9cb6a3f8625c7e5b85cc40bf876f8420156307aa5d567d,pt,Hardware,Hardware,True,0.48253139556892444,120,20,0.16666666666666666,239,20,0.08368200836820083,14
0cda01723b7566a84603f6027e21d1d8a38200aad6fef6dce17dc5c3e5e983fe,pt,Hardware,Hardware,True,0.4355209367849237,74,17,0.22972972972972974,147,20,0.1360544217687075,14
423ba582d675f08f474a201f5afee18fdb26a4fc524e333afc677e20ed586eb2,pt,Hardware,Hardware,True,0.6265364668906325,44,39,0.8863636363636364,87,61,0.7011494252873564,44
e82bba960f3687186a003f0072c2b8928494e7102822c19dd515f8c38e72b830,pt,Hardware,Hardware,True,0.48956912230032257,74,16,0.21621621621621623,147,20,0.1360544217687075,20
8ecec95e5cbbf687f3f52149ddba3647c295b0ef336e331129b19e7fab329ca8,pt,Hardware,Hardware,True,0.43997457599703127,33,10,0.30303030303030304,65,10,0.15384615384615385,5
9083dad47c1208c3615e92f837789422c17ea251f800ca67f6f81fa27d63dc16,pt,Hardware,Hardware,True,0.4789785614625039,11,2,0.18181818181818182,21,3,0.14285714285714285,3
14629e9c09d66e5de40480d8fab6927503e1f0b3fc403f8c199afbfe86ba2d40,pt,Hardware,HR Support,False,0.5865342457365142,12,3,0.25,23,4,0.17391304347826086,4
97b373c490ebec139987de7b3517430a9197ed3d2f247365fc87dc419ea47cc3,pt,Hardware,HR Support,False,0.48140571395797965,17,12,0.7058823529411765,33,18,0.5454545454545454,16
063ded374c6a215f89422ec5edd9dd42e41a9be93702d0869db5ed2c028b9152,pt,Hardware,Hardware,True,0.4229360053563141,115,14,0.12173913043478261,229,14,0.0611353711790393,6
ca8a4123e4845f5f27d9e2e220b68deb86e35ae9f32f34a3ce3454cb3ec20e36,pt,Hardware,Hardware,True,0.8348589934730644,109,32,0.29357798165137616,217,35,0.16129032258064516,23
2199ff0cf9074c4774a92a808e916e893894fb4ad8bc48f15070661a0a94909b,pt,Hardware,Hardware,True,0.40961111188149724,19,5,0.2631578947368421,37,5,0.13513513513513514,4
d01947cabc155a0506306e0485084242c909e7bdbb3fa399dc54e69972818362,pt,Hardware,Hardware,True,0.703270580057719,30,14,0.4666666666666667,59,18,0.3050847457627119,15
26a596b1bc45656539cec0d6fd2c24e3ec9eb8bde729b228da96a0e8528c9584,pt,Hardware,Hardware,True,0.6595930613261072,155,21,0.13548387096774195,309,21,0.06796116504854369,12
93af45de5267b67b1cc2f67a3a4787f68fe145c7f36f91c334a648d90015fff6,pt,Hardware,Hardware,True,0.9267533243546385,29,12,0.41379310344827586,57,15,0.2631578947368421,7
404e128bf6c1e1adb48b9810f25697022ccbff7ed98ba7329cd6d8693e15b7df,pt,Hardware,Hardware,True,0.6033179704738274,25,5,0.2,49,5,0.10204081632653061,2
decffbc92523fc1ad4cc790515689f37df865256f8d762a2818d6c7d13cef577,pt,Hardware,Hardware,True,0.6789968662533616,131,43,0.3282442748091603,261,46,0.17624521072796934,18
2070269bb2d718d1d74b2867966c947e3f2d7a571cbef0550bbe313d8d6f4aef,pt,Hardware,Hardware,True,0.906567526895069,4,4,1.0,7,6,0.8571428571428571,6
8187d6835eadd38d02dfb39d3e60655dfc42384a3380492ff468f831d61d2cd0,pt,Hardware,Hardware,True,0.3718146716202542,202,42,0.2079207920792079,403,42,0.10421836228287841,18
af392b01daab6b9477132632e115b8b1ad1629e229b36b5d68379d0ead4f106e,pt,Hardware,Hardware,True,0.7282583190777678,23,10,0.43478260869565216,45,10,0.2222222222222222,8
cfff8c8da5a15028fb4996bdf1b8f4975006861b6c411e19ecdc9f21e72da847,pt,Hardware,Hardware,True,0.6304177360872026,38,33,0.868421052631579,75,47,0.6266666666666667,38
887af3634a317681007ca0af0b5c76844884036f3b84fdee966ed93755e393b7,pt,Hardware,Hardware,True,0.3954250885047644,26,5,0.19230769230769232,51,6,0.11764705882352941,5
c2e0ceb48bdb1db76f287d6c60dea968567313bb9af76501ca991a8a7df36fed,pt,Hardware,HR Support,False,0.8722596716009697,9,1,0.1111111111111111,17,1,0.058823529411764705,1
d01d8c8d77493fc41db6434dc4c1187d9f1733e794fcfba4a1d9ee2533791838,pt,Hardware,Hardware,True,0.28454453302842997,10,1,0.1,19,1,0.05263157894736842,1
ae3f4c0976ffbbe3e7722029625a6bdc048157322bd6d268520f44596bd765bf,pt,Hardware,Hardware,True,0.2496688181387984,9,2,0.2222222222222222,17,2,0.11764705882352941,2
c6fae3043dac5e62a397be228c63b00e941cda07803f0e21972950f0fec6037a,pt,Hardware,Hardware,True,0.28426181172588544,39,9,0.23076923076923078,77,10,0.12987012987012986,9
1afed973534b6bfd7161d1f5acb3e20658f67cda085585ca9cb466a3a1ac89c4,pt,Hardware,Hardware,True,0.5664463940793361,14,6,0.42857142857142855,27,9,0.3333333333333333,9
e4c114f4ca11c7b281f24d378929930820f1608a1d0dd504443d20bff2080f03,pt,Hardware,Hardware,True,0.263128251008842,15,2,0.13333333333333333,29,2,0.06896551724137931,2
2d2c47b7e7bee22ba8c0da0a810dc606a74980d64cda9477fa166c76d5d88a91,pt,Hardware,Administrative rights,False,0.7612439759137793,30,29,0.9666666666666667,59,45,0.7627118644067796,30
8e44907e181a962346a301db4d2c5b4ce5d4d7fc75b34cae99c2ded04dbbf2ac,pt,Hardware,HR Support,False,0.4660077429379382,26,3,0.11538461538461539,51,3,0.058823529411764705,2
d0264694abc4066c5119f0cdded86b1082ce466a75ede8d25c0d794c1de27aff,pt,Hardware,Hardware,True,0.9871978710694859,27,10,0.37037037037037035,53,11,0.20754716981132076,7
bf797149e59840815b9dc34c97ae6058b4adec3578a5419750ca7fa7e2a023f0,pt,Hardware,Hardware,True,0.3681106097862751,30,3,0.1,59,3,0.05084745762711865,3
f3abb3b235acd8e289341b5dbfbe889f7249f3e81daaa8adc451a253a1dca7c9,pt,Hardware,Hardware,True,0.9995929447109354,21,5,0.23809523809523808,41,5,0.12195121951219512,3
6a61afae39299bac31eec044ecb9159d650d719c8c2ce9c38ea1b039ea447cdd,pt,Hardware,Hardware,True,0.35992983859005384,10,2,0.2,19,2,0.10526315789473684,2
e2dd79ab52921f0a7ce55becf6c2200e4966e2dc06aa716f1f3a5132256afdda,pt,Hardware,Hardware,True,0.4708654628974954,26,4,0.15384615384615385,51,4,0.0784313725490196,4
4a86b68d4c0589f8924a6d8ff069bc1beb77f6cb085ac2ef35fcd9aab333b946,pt,Hardware,Hardware,True,0.48577201454954655,24,4,0.16666666666666666,47,4,0.0851063829787234,3
4c10f9da5ff8c41b8c959a5e4841cf02010606d6e9dbcd1e625def452932f704,pt,Hardware,Hardware,True,0.36479836757962203,57,10,0.17543859649122806,113,10,0.08849557522123894,7
5e0a1c205d346de27a7f4cb8f689b16a306dd3fb1d87d3c7777075e2d489e2bb,pt,Hardware,Hardware,True,0.22303868101710184,29,13,0.4482758620689655,57,14,0.24561403508771928,8
ca9b33e43256a406faea4d2eb44ef4a5b3d75681488283f9310c2b833d99a68e,pt,Hardware,Hardware,True,0.7013188991239419,120,19,0.15833333333333333,239,19,0.0794979079497908,8
2c830b8e53950521c40043228e4046eb738910f9ead242292db3c25574b8014f,pt,Hardware,Hardware,True,0.4359405868762256,64,26,0.40625,127,32,0.25196850393700787,18
fef386ee41f945ff23ee524170172e094ff7bb8c37476eaa665172612c3f474d,pt,Hardware,Hardware,True,0.4402088020877556,16,13,0.8125,31,23,0.7419354838709677,22
f64dfaa492ff223d23a1949eb493407f3addb97e4abf7537ee2a50aeb4adbc2b,pt,Hardware,Hardware,True,0.5497970841459865,14,5,0.35714285714285715,27,6,0.2222222222222222,4
16cf5dd4502de26a5fa63c2ac625900682e86eca053d4e630b9296b8402ea54d,pt,Hardware,Hardware,True,0.4742793382777978,61,32,0.5245901639344263,121,46,0.38016528925619836,39
33bb51ba4752d270ad224d8f15c35e6c42b6be9f9ca84a1f2ee428ea23d6d7a6,pt,Hardware,Hardware,True,0.508655179921881,51,14,0.27450980392156865,101,14,0.13861386138613863,8
7cb395ff26d69affa5f1f0b043f1362d99329178ad5062df68554ea0b2c54021,pt,Hardware,Hardware,True,0.46123140907156523,69,14,0.2028985507246377,137,14,0.10218978102189781,7
78adf92c515dbf27890b6834e4489951d576e2fa964b43d43432f7736e9b23b1,pt,Hardware,Hardware,True,0.372445239123489,14,4,0.2857142857142857,27,4,0.14814814814814814,3
519b48ebc21d0e5056ba2676a567bed7ed05fbe19115e37e63905834ca8f7125,pt,Hardware,Hardware,True,0.9996524622091391,14,4,0.2857142857142857,27,4,0.14814814814814814,2
7d48ade5d34ee9d977eb85a43ba530b64ba991f2cfd07f2fca1d78cb799557e7,pt,Hardware,Hardware,True,0.3128395366942615,62,12,0.1935483870967742,123,13,0.10569105691056911,11
5b7ea9e6915126aa08afaa6f4538545d06be61e9e736ec278c7fa1c4708d4612,pt,Hardware,Hardware,True,0.4209213076687318,27,20,0.7407407407407407,53,28,0.5283018867924528,26
dbe6ef1f12d387c4d452e2cc28a756118628edc6ce2b285b1fbe0a381f373d85,pt,Hardware,Hardware,True,0.8889639643321867,56,12,0.21428571428571427,111,12,0.10810810810810811,7
7d02133982944dca810d34dcbf57ec4e11476ca95a023a9a029059366ffffe82,pt,Hardware,Hardware,True,0.5398182453882445,84,33,0.39285714285714285,167,44,0.2634730538922156,31
dcd5a2caa32c7caa24e3d96dacd2f985fcebbdf322c4df057a68fdfc01ef0933,pt,Hardware,Hardware,True,0.8014510646962097,39,10,0.2564102564102564,77,10,0.12987012987012986,8
b48155d60b292277a2a5447a68365c426a52d0593f1836c8919209cbf831dab9,pt,Hardware,Hardware,True,0.5161009184118611,31,5,0.16129032258064516,61,5,0.08196721311475409,3
278de37295a4a6ac4e36ec1783310284cc855aa7a73ae51376e4071a218694b0,pt,Hardware,Hardware,True,0.4708233858098742,170,24,0.1411764705882353,339,24,0.07079646017699115,12
e9726d800ea8b292ce62b465210bc79e1244abcbace39c27ade4a6b6e4b3f880,pt,Hardware,Hardware,True,0.25284241644414956,26,3,0.11538461538461539,51,3,0.058823529411764705,3
57c8a243370cf5bfac4038a8f9492ccd99dfcc7059f1ced051e467c55d28766c,pt,Hardware,Hardware,True,0.4126127383020809,38,16,0.42105263157894735,75,18,0.24,13
a6156fe63408eae4bf81d06a8d478d7e42d217b173c7eb39542033cb229b832d,pt,Hardware,Hardware,True,0.656941978273722,208,50,0.2403846153846154,415,51,0.12289156626506025,20
7e6f1c3daeec7965fe9adc4520097f7409ddf8ce29d317fbf157e6eb1c17c99c,pt,Internal Project,Hardware,False,0.5002781304163767,96,23,0.23958333333333334,191,24,0.1256544502617801,14
0421ce3352d68f05793df0d31677c8c1703d5d3737b3a995b0706edcbfa03404,pt,Internal Project,Hardware,False,0.38896796945595064,29,5,0.1724137931034483,57,5,0.08771929824561403,5
0f3300b5ea08186aa3c3e6da4d07ef21773e174c29b1acd88318a22d186318a5,pt,Internal Project,HR Support,False,0.23024292978189195,17,4,0.23529411764705882,33,4,0.12121212121212122,4
3eab43de07fa18e21a64a4f1ef02acdad34e358b836c18a69c52c463c9b66a03,pt,Internal Project,Hardware,False,0.4599433786864561,222,54,0.24324324324324326,443,58,0.1309255079006772,23
ac39ce8d4dc0fa6a633b250c4b0b729ee5a4082c3a404e9e1f087c5f7484a0d7,pt,Internal Project,Hardware,False,0.6314086424609211,31,6,0.1935483870967742,61,6,0.09836065573770492,4
b39166f4f8cb3fd802b14ad5e1d51a3a49f346ca4f8d03010315da1debe9dac8,pt,Internal Project,Hardware,False,0.3981770075784964,38,36,0.9473684210526315,75,53,0.7066666666666667,39
7335b5844b0ee924f69e61df21548b1ee06cb411a4121e278b3ab9e9cdc9ab3a,pt,Internal Project,Internal Project,True,0.3166982599573338,20,6,0.3,39,6,0.15384615384615385,5
5ce39550982f2c1516c665ceda82bbd0bf655af7c349aa2ae1c86293b009e56c,pt,Internal Project,Internal Project,True,0.8279362955953746,131,35,0.26717557251908397,261,37,0.1417624521072797,18
cccce26cabbb5e3f83e074fb93a125b512e0f7aaa5abae6ab38f0374bf1479e3,pt,Internal Project,Hardware,False,0.31043011023572065,48,13,0.2708333333333333,95,13,0.1368421052631579,8
8864315e3927fdeaacb85aa26aee6f82c78224d0fe5c71a2a1d849626afc7a37,pt,Internal Project,Hardware,False,0.3730790410222579,12,3,0.25,23,3,0.13043478260869565,3
109361915cc1cc8001b1052f9f9f70bb6a58345071239fe9743f8a9425fd053d,pt,Internal Project,HR Support,False,0.4219906786050233,25,11,0.44,49,12,0.24489795918367346,8
3e3090108ea2dd31c6be257c49ef1617922ababf51e037411dc32d4ef654bf57,pt,Internal Project,Hardware,False,0.32620054102085433,30,7,0.23333333333333334,59,7,0.11864406779661017,5
e6f0c68f592296f7e205fdba8a3814cfd57caf0578cfe821f51a89d0c0f7c157,pt,Internal Project,Hardware,False,0.5559449677182027,14,4,0.2857142857142857,27,4,0.14814814814814814,4
d0d6bdb9ba91a0266a49c19ac2bffcd248184b9a786f9121cb6fd8dd39a2cbfd,pt,Internal Project,Hardware,False,0.5202099829451545,26,5,0.19230769230769232,51,5,0.09803921568627451,2
a9614eb7336c574d7a383be3c4a5a3f55dc8c980940da1c855ea6d114e643c61,pt,Internal Project,Miscellaneous,False,0.29574771524263416,25,3,0.12,49,3,0.061224489795918366,3
e0c0241b6fc7c8fd740fff6c59a24a355a6e2ed2e6b89b774449e34db4a2dc2b,pt,Internal Project,Hardware,False,0.38720123338850543,17,7,0.4117647058823529,33,7,0.21212121212121213,6
cf6c36da34dab368510293f8a793006a633bec087ba4ebe5bdce412ad4216163,pt,Internal Project,Administrative rights,False,0.3093118149406554,74,8,0.10810810810810811,147,8,0.05442176870748299,6
ced131cc58d3a5a638b276934e4c4dcf3a71569bbccd2902e3e7155a29ec9cdc,pt,Internal Project,Internal Project,True,0.6846228198549088,35,22,0.6285714285714286,69,32,0.463768115942029,25
bde86bd50cb862eb174a81e22c264d88c386e733f7930d185c5b01f91168ff6f,pt,Internal Project,Internal Project,True,0.32672486473685863,20,6,0.3,39,6,0.15384615384615385,5
7627d4f6fc5dcf3df9bcc1ff5020286e652a74d396b0cd4c09432bc4ffc1f465,pt,Internal Project,Hardware,False,0.3650564623166986,229,56,0.2445414847161572,457,56,0.12253829321663019,12
2e2c1a54d386390b1bec28797750a9f4176e61c0830073f69d12d79e48268f49,pt,Internal Project,Hardware,False,0.5535987683152442,21,3,0.14285714285714285,41,3,0.07317073170731707,2
91d2dbcf19579964928f4f3221e5fbf5f1aae429b8535723d6455cba5ade06de,pt,Internal Project,Hardware,False,0.32654895579601567,100,22,0.22,199,22,0.11055276381909548,9
7ffc7755b4dca5fa4bf3b5468f2f820fe212b8b6c9627cf8b365b3f40257d579,pt,Internal Project,Internal Project,True,0.4939049347553844,49,38,0.7755102040816326,97,53,0.5463917525773195,44
f4c97da1af900ed6a625daccd33e459d88aa5373a9aeee15694cbfafe67da5ad,pt,Internal Project,Hardware,False,0.5529080506157144,120,22,0.18333333333333332,239,23,0.09623430962343096,15
d05ce876ac271076da3bc6fbfa2d93254b14b41e1a62de032ce7edc46f99fa72,pt,Internal Project,Internal Project,True,0.9691735438858737,26,6,0.23076923076923078,51,6,0.11764705882352941,6
7a8d4f8f1576984994fc4fd96ebb708137a60ac27235e533908d196468927d7e,pt,Internal Project,Hardware,False,0.6360482890332952,16,6,0.375,31,6,0.1935483870967742,3
1e290a29b3b749f7feb5ee6559a3f1cc66e8438d84893e3a3c849e0480638f09,pt,Internal Project,Hardware,False,0.2997720988454033,41,7,0.17073170731707318,81,7,0.08641975308641975,6
b86ef3376dc6b4dfb4097d2aff1d8827d447b766fa9368b83ee112bcbb3fac60,pt,Internal Project,Internal Project,True,0.8728903295692915,88,79,0.8977272727272727,175,129,0.7371428571428571,77
a9243fd539644f40ad51c3c98a4a2017dfe9dd3bd3e9caeec64fd59bcd867336,pt,Internal Project,Hardware,False,0.319442361229288,22,5,0.22727272727272727,43,5,0.11627906976744186,4
91cd4db8fc5e9c2f7adfb7c3b20d55287d726b4932129245105c15f8d0ab8729,pt,Internal Project,Internal Project,True,0.5377841370113223,190,46,0.24210526315789474,379,50,0.13192612137203166,27
41fcaa21deb4e4d6a3d65a2e963014e3ffc5a06f6dcd8965e81862636d6a36c2,pt,Internal Project,Internal Project,True,0.9963421248622041,22,10,0.45454545454545453,43,12,0.27906976744186046,9
cdf07fd8e16c765c9e2f06961c922c3a9834a4876225ddb438d8727a408a5f0b,pt,Internal Project,Hardware,False,0.5479222285118092,32,7,0.21875,63,8,0.12698412698412698,8
06fdf392fde1e37b3ffca82189d075996a1d6a5cf950ab29feb62b2659005dcc,pt,Internal Project,Internal Project,True,0.8033192260020315,27,7,0.25925925925925924,53,7,0.1320754716981132,7
5984d7a34fc4ac0b733fb4a4cfc155fbc95745f20bf437dd2e5733581a9059ba,pt,Internal Project,Hardware,False,0.5342480307014331,23,6,0.2608695652173913,45,6,0.13333333333333333,4
1d7399cdcf742320c19ce3bc6eae31ac0382496a0a24e445bd35fd65ca1c97fe,pt,Internal Project,Hardware,False,0.34046200619995254,57,43,0.7543859649122807,113,79,0.6991150442477876,7
b704e23e0579a7df97e75dae5305fe198703555c45adfd18039202387b899055,pt,Internal Project,Hardware,False,0.5686817604234066,33,6,0.18181818181818182,65,6,0.09230769230769231,2
282d79954a82ff69ea412e1e9841f255d2ba101c051642ab8ae944fc9d42d62a,pt,Internal Project,Internal Project,True,0.3915091540384328,15,3,0.2,29,4,0.13793103448275862,4
187a3aa7bf63e4f779cfd8ef620f1d0f04cdfd36bd2647ab503a8264ff3b1589,pt,Internal Project,Hardware,False,0.3940013430819674,93,16,0.17204301075268819,185,17,0.0918918918918919,9
44bbd72258eef13d7c74e0f98e653b762403002464af1f7ea7ccfcaf9e206d19,pt,Internal Project,Hardware,False,0.37899136137715284,25,6,0.24,49,6,0.12244897959183673,4
e344233a553358edd29db05095c6158d27b2aa64921dc453bf7731a29de51a7a,pt,Internal Project,Hardware,False,0.5397423402516259,36,8,0.2222222222222222,71,8,0.11267605633802817,4
b0f3d7de655f6292d056fd6f1daf2416b9e2e89d282765c2e08ef8a9946e8315,pt,Internal Project,Hardware,False,0.5897909249235468,107,28,0.2616822429906542,213,29,0.13615023474178403,7
e3bac604d54692c0e22c770ab14de0b353095fb77fdcbfb5c380ce59eaedc6bf,pt,Internal Project,Hardware,False,0.4900748473009922,153,29,0.1895424836601307,305,30,0.09836065573770492,12
a466e99e8cab0a5b965c4f4b9e2aed391fa4168428173de078227afe0f578872,pt,Internal Project,Internal Project,True,0.9990404865188782,8,4,0.5,15,4,0.26666666666666666,2
710a45b3bea9ba90ad000d8f29f81e50b0f26041a4a0df210a12b48be586e722,pt,Internal Project,Hardware,False,0.5447324015884487,27,5,0.18518518518518517,53,5,0.09433962264150944,4
6ad0f711fdb7e42e4297af70b4a2ff6cd3f36e1e62d78146b5c6783d18a59846,pt,Internal Project,Hardware,False,0.4715709311105996,191,44,0.23036649214659685,381,46,0.12073490813648294,23
e6b4f197c41b3e3108157f8f16fcab43fa2cdb7e6759b6680dc90cd15c4067a2,pt,Internal Project,Internal Project,True,0.6493149570656974,44,39,0.8863636363636364,87,60,0.6896551724137931,53
1e2d277429eca061eb29ab9570da6d59fe85a03e9f5a8367a11ced22f1a9ff05,pt,Internal Project,Internal Project,True,0.9851681078254629,13,5,0.38461538461538464,25,8,0.32,8
855e10f60f146110b3861eb8aa079e8e228a8615c4f16ee5ba9b01122ec79b9a,pt,Internal Project,Miscellaneous,False,0.4018733033621166,14,6,0.42857142857142855,27,8,0.2962962962962963,3
0221dcefb614b1f67e1aadb1b45cc55c529189199b339ccf9831188b01fcff06,pt,Internal Project,Hardware,False,0.38740930867804296,48,10,0.20833333333333334,95,10,0.10526315789473684,4
0323ea84b87a1390f6f2f162bfe3dd825fd2f254db7626b66aaba66c68d26f82,pt,Internal Project,Hardware,False,0.5050048629144274,26,4,0.15384615384615385,51,4,0.0784313725490196,4
d3d523e382df00b3378e8515640ad13e3995400e42b72161671ea8a507ca73b2,pt,Internal Project,Hardware,False,0.5952601955229145,28,6,0.21428571428571427,55,6,0.10909090909090909,3
cbae0bfe43f82ff23fe77c97166f76455db6c77a36ba92dd5db37b15ccef475b,pt,Internal Project,Hardware,False,0.22231452725804862,36,12,0.3333333333333333,71,12,0.16901408450704225,5
6183b461ca531efb3db2d27bf3b0fb5693b2bdc193557f5e8db5777c5ed3b94d,pt,Internal Project,Internal Project,True,0.22402645070242952,32,6,0.1875,63,6,0.09523809523809523,5
97163bb0387b9f1486a240261f2b474bf6aa2a3f97b26764f972dff54b24fac7,pt,Internal Project,Internal Project,True,0.48734351771437473,18,4,0.2222222222222222,35,4,0.11428571428571428,4
b7e7699545a84bdb77343a019ecae9fc71a5fa20abc6ffca8952a9280d86856f,pt,Internal Project,HR Support,False,0.5144068222924227,8,1,0.125,15,1,0.06666666666666667,1
41aaade603c771f0f09de9e97dcff6e9656130e57c325f1c3a975af0bd950a5c,pt,Internal Project,Internal Project,True,0.9805236772445128,114,79,0.6929824561403509,227,123,0.5418502202643172,70
6df9f027c3699fad6b9758013c2e646db91327015815db34ccad8227ead85a5d,pt,Internal Project,Hardware,False,0.4247034290459111,43,4,0.09302325581395349,85,4,0.047058823529411764,4
b491fcbdd56c73eac4c1733df61406e68cb00658e1b5af1a4357cfee7bfe7ca3,pt,Internal Project,Internal Project,True,0.9903615722919477,92,47,0.5108695652173914,183,70,0.3825136612021858,46
46fe884b81dd25dbd92dc4d72c59a6b7bcbad9a98f16d40eff5a2bb836b30659,pt,Internal Project,HR Support,False,0.5490485001532333,16,6,0.375,31,7,0.22580645161290322,5
1968a79d77dfd086a91062a210fd2972a4629f4630d22369697814b7a07f5c43,pt,Internal Project,Internal Project,True,0.8235873780134124,85,32,0.3764705882352941,169,38,0.22485207100591717,17
0aa2e17e2154ae0fb9b5276033015fd0de9cddb23570ff4e4556833af1e108be,pt,Internal Project,Hardware,False,0.3459440215489983,26,8,0.3076923076923077,51,10,0.19607843137254902,8
2f5f51240d30c901f02d83fe0352deda52f562191cf539c449b3de38a1a461ef,pt,Internal Project,Hardware,False,0.3607422893424697,20,6,0.3,39,6,0.15384615384615385,6
9ac995cd0d2b462a52800f4de663126cc71ed32104ff813392272207a7c42540,pt,Internal Project,Internal Project,True,0.7160102209170217,30,11,0.36666666666666664,59,14,0.23728813559322035,10
82c03a12e90cb9fd725c261ad3226c3a099ffa2382397bd5284c198c90c4cace,pt,Internal Project,Hardware,False,0.35796528997533933,28,7,0.25,55,7,0.12727272727272726,7
a15f12d43cef3e80e41db2bface15b4b1778e460ad94b89ad1640274c4f49f7d,pt,Internal Project,Internal Project,True,0.7873052585705892,147,64,0.43537414965986393,293,84,0.28668941979522183,39
12ff25f72971f8eb577e36d228e62309c09adb0643ffc2d6f6bdc8cc8cf062fd,pt,Internal Project,Internal Project,True,0.9690251859311013,23,15,0.6521739130434783,45,23,0.5111111111111111,22
3b6164662a52a906b998fdc4f99ac1cfde30c6fb9b2f7f081e4dc5e7a1e44b81,pt,Internal Project,HR Support,False,0.2792664841535461,27,8,0.2962962962962963,53,8,0.1509433962264151,8
a7d880da84de58bfde5043bd980179b759eb31e4ec1638cd07e39318bef645c9,pt,Internal Project,Internal Project,True,0.3102242653189853,22,6,0.2727272727272727,43,6,0.13953488372093023,5
0141fa5f4feaa48ac109191801618ac9c2751f34461a0329cec7d19a5766cbe6,pt,Internal Project,Hardware,False,0.28454453302842997,8,1,0.125,15,1,0.06666666666666667,1
bbe091f171252fb67c0ec9414a91f241b346c3c219cdd9c5f904b99d5425ba1e,pt,Internal Project,Internal Project,True,0.4455346012194814,18,4,0.2222222222222222,35,4,0.11428571428571428,4
27ea5a9c353fd1a71e7ed6613594c51c9de4ce0ded8c1e481b81943e741a496e,pt,Internal Project,Hardware,False,0.4414037401556124,41,11,0.2682926829268293,81,11,0.13580246913580246,8
bb442f13b5d346db87155ee7ea2a8612e0ce8fdc3939b92216b1dc78b56ea4da,pt,Internal Project,Internal Project,True,0.829216469158754,38,13,0.34210526315789475,75,15,0.2,13
04299762708f87c98f7a17475da4313d34b86c7c530b962a9641ce77aa817054,pt,Internal Project,Hardware,False,0.4022148872672886,53,10,0.18867924528301888,105,10,0.09523809523809523,5
4e72d9b848999046bb60f5b19c5eab1e42ddf930f35f3b986fa813025d5b7e90,pt,Internal Project,HR Support,False,0.21756856510745715,17,4,0.23529411764705882,33,4,0.12121212121212122,4
78ee7b6fa93ddf251220f2ed12b4be7b1d33cefefb493d3cd9353fa55f8932bd,pt,Internal Project,Internal Project,True,0.9734994804679953,80,57,0.7125,159,90,0.5660377358490566,65
d0a82ae83af7043fa5de18b1e651608756436e8316820e48f2811b417bb6aff7,pt,Internal Project,Hardware,False,0.40353617446288387,93,28,0.3010752688172043,185,33,0.1783783783783784,20
c0da0e586a72df550da9bce9997ca824021593a70457acdad92c42b92ed00f1c,pt,Internal Project,Internal Project,True,0.9406300088724685,33,10,0.30303030303030304,65,10,0.15384615384615385,8
8fa3c66fb2e66d5a4159af0c7f85f52e88affdc3b2ff1db792729d1a7c3caf99,pt,Internal Project,Hardware,False,0.2396948421825012,18,6,0.3333333333333333,35,6,0.17142857142857143,6
deaab8c00e4fc166e246f9d56588065a855b4c78c4038854e8ff2107782f65fc,pt,Internal Project,Hardware,False,0.5533745798363686,40,9,0.225,79,9,0.11392405063291139,5
425e0868c8da0734199c5d2b3345d3df34c52284056b8fe1a3ae956d9dedd231,pt,Internal Project,Hardware,False,0.5424188111335133,56,16,0.2857142857142857,111,18,0.16216216216216217,12
48f8c4f7a1a9397767fb0be5fdbd89592d40bb9d54bbfaf4d8a872f460a601b5,pt,Internal Project,Hardware,False,0.3771536782096629,39,12,0.3076923076923077,77,15,0.19480519480519481,12
87670919e6d01fc5ed0eb35053ece3c4d0f187f490cfc6d3b7461e4b31663354,pt,Internal Project,Internal Project,True,0.9957964462646304,18,15,0.8333333333333334,35,24,0.6857142857142857,15
5555dc07a94a0dce86e0e3e3b30219f9cc9f6a7db0320238f0b63a121b6cba67,pt,Internal Project,Internal Project,True,0.3080820275417579,19,5,0.2631578947368421,37,6,0.16216216216216217,6
ab1c1eec6e164361f826b5d23a961702f6dd70927fb4ea93c2d2038f2c833291,pt,Internal Project,Internal Project,True,0.36098858533756234,23,7,0.30434782608695654,45,7,0.15555555555555556,6
b1620aeaa3383b322451047d681b64cc662033734f9f23c58026c63e0100f1a1,pt,Internal Project,HR Support,False,0.5717442695152435,28,6,0.21428571428571427,55,6,0.10909090909090909,4
75596f6b8170f0e3766011055bb905c0db361739d18f9aa6462bc5ba8851dfb1,pt,Internal Project,HR Support,False,0.6086095761468142,17,5,0.29411764705882354,33,5,0.15151515151515152,5
8832f078092939400dfbe937b54e7c463790c120f4d312234660d54eb0ed5bb3,pt,Internal Project,Internal Project,True,0.843727831652008,16,7,0.4375,31,9,0.2903225806451613,7
edd95c35af03d6587f8508543edc268bc12ad80f881f9a4220d240a9969bf77b,pt,Internal Project,Hardware,False,0.4477808846800415,36,6,0.16666666666666666,71,6,0.08450704225352113,2
147cc2a44c428703b0cdb3c627c9660e2e10f741727fac233756e553d13e0d48,pt,Internal Project,Internal Project,True,0.38249353503615074,36,21,0.5833333333333334,71,31,0.43661971830985913,25
89617ded9dee148c63c3b0235990e6f9177ea56d0882fa27a11ee8236618f039,pt,Internal Project,Hardware,False,0.6162825747896461,151,44,0.2913907284768212,301,49,0.16279069767441862,20
d1d750eed2d565b07f9ed48d7c595edd3c0c2c7b0481e1f6d237ec2d36be375b,pt,Internal Project,Hardware,False,0.2844168696533614,52,9,0.17307692307692307,103,10,0.0970873786407767,7
a62be6bca39e4bd7fedc7c1588fee8b6cac08638934274ba7b039944672efc2d,pt,Internal Project,Internal Project,True,0.9966502626873956,20,6,0.3,39,6,0.15384615384615385,4
aa3b44574fa7e874152e2ee0abff85256da8c8d536e1520e22c443b11aa9e2b0,pt,Internal Project,Internal Project,True,0.7262245509361559,26,25,0.9615384615384616,51,36,0.7058823529411765,30
dcf10a97182fb095828170b7d86988d2fdfeaec58510de4a0c6bf7f1faac67b8,pt,Internal Project,Internal Project,True,0.9803512138181438,26,9,0.34615384615384615,51,12,0.23529411764705882,8
ae0fd6790dc4618f487dabd69b8d13ee94a88bd6f45dabb9c434f675111b3378,pt,Internal Project,Hardware,False,0.395687217305471,30,7,0.23333333333333334,59,7,0.11864406779661017,5
5d213f8b0f0d32d5e4cfaf03d9b59d2bb4308e6deb78e8d839706e6b07fcd716,pt,Internal Project,Hardware,False,0.295385994838458,148,43,0.2905405405405405,295,48,0.16271186440677965,19
0a68e891e51509db70215939fc3e46f92bf0beb7e2a42a00131d22c2b0b2b18f,pt,Internal Project,Hardware,False,0.263128251008842,25,4,0.16,49,4,0.08163265306122448,2
eb97f4e9021d9c528a46024cdf2669af0945523feaea23e16bc16814c8b283e2,pt,Internal Project,Hardware,False,0.3683521552352619,56,20,0.35714285714285715,111,25,0.22522522522522523,15
6d2fff4e54512cb99cffb33631d7bf633754dd6d8d28ba5d458daecd90de306d,pt,Internal Project,Internal Project,True,0.7724515535341777,17,4,0.23529411764705882,33,4,0.12121212121212122,3
c6d42e2d9d3f1a83da6c3c411916398c8f05bb71fc9840dd1138c7294f1dd223,pt,Internal Project,Internal Project,True,0.8965573256598512,26,4,0.15384615384615385,51,4,0.0784313725490196,4
1ff83527e7a90aa492eb5d37537155dca011392e009b94cc9a5067ea1cb3d880,pt,Miscellaneous,Hardware,False,0.4504685958800689,156,31,0.1987179487179487,311,31,0.09967845659163987,12
d0a4656ef37ea04e81b8a88ddfba9d578ffbfa00f6428853494907ff54822712,pt,Miscellaneous,Miscellaneous,True,0.8910234838917721,53,12,0.22641509433962265,105,13,0.12380952380952381,10
357453763a21628b9984507b80805bd6c63ff75c2bba18fd3add3c7d860ac0bd,pt,Miscellaneous,Administrative rights,False,0.3955295732790366,18,6,0.3333333333333333,35,6,0.17142857142857143,3
5a86df729c0062db315caba2a8aec59d8ba82bf66e29842204b80abe918c8975,pt,Miscellaneous,Hardware,False,0.4074521288134769,40,8,0.2,79,8,0.10126582278481013,5
0234cbcafb08f07d6f32dfb2ab733b1c5399e96b37e4ac8534821e3a406c3bc4,pt,Miscellaneous,Hardware,False,0.5543158958507973,23,6,0.2608695652173913,45,6,0.13333333333333333,3
70f3eed0ff12232de99fe6843467df2721e782d359f513627e8816d86d054d83,pt,Miscellaneous,Hardware,False,0.46323670909316045,42,5,0.11904761904761904,83,5,0.060240963855421686,4
4f77461828f2f3bf5d16abe1f26e5918998ffc261448315082b416f0b62bac5c,pt,Miscellaneous,Access,False,0.36860427772885734,83,23,0.27710843373493976,165,27,0.16363636363636364,16
bf26b13337668a1aee8dd378b7e3042f81f95b6af41d05742c1132217ec0deb2,pt,Miscellaneous,Hardware,False,0.5211238481085917,59,11,0.1864406779661017,117,11,0.09401709401709402,7
2067e19ccf56b687366735c20a110471baf40671c121ce987954661cfce4c0e9,pt,Miscellaneous,Hardware,False,0.3796086504242261,71,16,0.22535211267605634,141,18,0.1276595744680851,11
893e072fc9fd024ed6568a3a1e1ad259e0e9914120ebe442c9ec3df25ab5af44,pt,Miscellaneous,Hardware,False,0.4247034290459111,19,4,0.21052631578947367,37,4,0.10810810810810811,4
ff6d4fac3a8a2a525a94f6416bef2a744ba0072a9a93730f7d6fec6dea202051,pt,Miscellaneous,Hardware,False,0.26026028856784744,15,3,0.2,29,3,0.10344827586206896,3
a2a13b3ea064b8bd4576e50ebb2e60abc14015e6b3373b1aca5e8872e73addba,pt,Miscellaneous,Miscellaneous,True,0.9763200835156637,16,7,0.4375,31,10,0.3225806451612903,8
85a90eb1f7b29bb4563f01c6e1bb1a0938588727a6441b3d478341b5111125de,pt,Miscellaneous,Administrative rights,False,0.5237250042172293,26,16,0.6153846153846154,51,21,0.4117647058823529,17
1658c86622806daeda873367179603191e644bb46ff022e6914965f875d75615,pt,Miscellaneous,Hardware,False,0.6554724922926991,31,6,0.1935483870967742,61,6,0.09836065573770492,4
cd502d43656fac7117b8b192291b29bc88badead6eadb4e7e79d790068588d61,pt,Miscellaneous,Miscellaneous,True,0.5737204623439359,33,19,0.5757575757575758,65,26,0.4,20
add0ecf441c2b428189e503b7ac947f434055760e1b0e1663ba67adb97bf36f6,pt,Miscellaneous,Hardware,False,0.5054021568620902,26,6,0.23076923076923078,51,6,0.11764705882352941,3
e607a1b43c5c57ced9f9ed714103b06a64c4a99a14337315eab5a94e1d1cc8f8,pt,Miscellaneous,Miscellaneous,True,0.9529375604886106,45,8,0.17777777777777778,89,8,0.0898876404494382,6
a40bf5b283c47daa056a8374663fee07d6a5f30cf585a5db6abe41ba261db784,pt,Miscellaneous,Miscellaneous,True,0.965925383871457,33,28,0.8484848484848485,65,44,0.676923076923077,36
a11123f68748bb4243897382cd66ffce7aa2b54a20d274366db2b04b559baaf4,pt,Miscellaneous,Hardware,False,0.3741028261730619,21,7,0.3333333333333333,41,7,0.17073170731707318,7
3ce97746dadde6f2143a458bfae79bf418175f3234d31d7e977aca4119f8325d,pt,Miscellaneous,Hardware,False,0.37998183147379677,18,5,0.2777777777777778,35,5,0.14285714285714285,3
83069479b9dfaa8e88b682f09b745bcd27fa75358750feb5dda7057365edebf3,pt,Miscellaneous,HR Support,False,0.41910421935034353,39,5,0.1282051282051282,77,5,0.06493506493506493,3
d1ed43dd5fe779ebcb75970e7386cd70ae30a6549ea2e59b99447c535009bc75,pt,Miscellaneous,Hardware,False,0.3829592684122617,195,54,0.27692307692307694,389,60,0.15424164524421594,31
324698af40080565852466efd2934313d88f6dc3f21c0024598a9f67c3d14b08,pt,Miscellaneous,Hardware,False,0.34268185434370696,21,10,0.47619047619047616,41,11,0.2682926829268293,8
1f9041b0c7f1c2c3425663e576c2ccc4d401b22417762b6dcd15e13f2e2a465a,pt,Miscellaneous,HR Support,False,0.9292496648159885,57,15,0.2631578947368421,113,17,0.1504424778761062,12
41d14cea87e9f07f47fb674bfe8553d19407a1acb8959b8796417bd1190d767f,pt,Miscellaneous,Miscellaneous,True,0.8475808691877318,28,17,0.6071428571428571,55,27,0.4909090909090909,22
6ccc355b62463e3b180b2c6ecb033214b615124489f74a3a255943820098b1c3,pt,Miscellaneous,Hardware,False,0.4324717419015348,14,6,0.42857142857142855,27,6,0.2222222222222222,3
7b1ca98564c866392a422c309bd89f721986acd33ff72b3d50c212fc5c9c0437,pt,Miscellaneous,Hardware,False,0.5666779647962709,63,21,0.3333333333333333,125,21,0.168,3
8bbe617e79458586fd622439946a08f9b9b7d294d413d7a1bc671cea31749dc3,pt,Miscellaneous,Miscellaneous,True,0.5470637071456681,40,8,0.2,79,9,0.11392405063291139,8
ca939531a7ba76a7ba1186a17a0a91a075c6f0b9955046aeff471527d4940db2,pt,Miscellaneous,Miscellaneous,True,0.3972012717739276,27,7,0.25925925925925924,53,7,0.1320754716981132,5
310efa702d019ac1411501dca41ad2aee761e6765a52c65c6808b173bbb409dc,pt,Miscellaneous,Miscellaneous,True,0.4224942514537796,42,26,0.6190476190476191,83,29,0.3493975903614458,26
fc7dd816c3d982edeb64faa0059590f883f015d0b8c344256b1a93ccecf1797b,pt,Miscellaneous,Hardware,False,0.3707987596241132,73,14,0.1917808219178082,145,14,0.09655172413793103,12
9496dc97aeeac3b3d1e1614d92da6b9f8e3a403c53f436762193dacbf2e25249,pt,Miscellaneous,Hardware,False,0.5940324924586129,33,25,0.7575757575757576,65,41,0.6307692307692307,33
6e2d2a8f8e4fba70258bf8cba6efead832ced28c4c8856021f0fb4993de67daa,pt,Miscellaneous,Hardware,False,0.420808383330858,49,11,0.22448979591836735,97,12,0.12371134020618557,10
72f04d61b29d49a4664fabf2c667ad46ce6cf2e9ac870c928967498e8527ea7c,pt,Miscellaneous,Hardware,False,0.22924358884191165,52,5,0.09615384615384616,103,5,0.04854368932038835,3
807762659ad8aecb6fbeb2f424c6d9ac871918e3f7ab392701ef54e320e9b876,pt,Miscellaneous,Hardware,False,0.5425645577603568,194,31,0.15979381443298968,387,31,0.08010335917312661,16
ab55dec69693b0b47dc25e50d2e9d6468542b39ae23b93467736ec0e3c0cdc60,pt,Miscellaneous,Miscellaneous,True,0.519475344370947,33,8,0.24242424242424243,65,8,0.12307692307692308,6
1324c4a9c466ff9819c706114b845ff2551032b81a3cd1c12784c678477b263f,pt,Miscellaneous,Hardware,False,0.7271253438675198,53,12,0.22641509433962265,105,12,0.11428571428571428,7
17cf3235aa4d67c25c466f84fc307622ddacad39b69bd02a40166f2641c8b03d,pt,Miscellaneous,Hardware,False,0.552119663258866,17,6,0.35294117647058826,33,7,0.21212121212121213,7
f42e685a09cba0d829eca9c953ed1e05cb5942b307e467bf7e6de80e87d9e666,pt,Miscellaneous,Hardware,False,0.4977866170824376,31,7,0.22580645161290322,61,7,0.11475409836065574,4
55475fcc5de8c90518c26c75b10b4c990cbb1b7849e2dc85c2066f038305711b,pt,Miscellaneous,Hardware,False,0.493113301385651,13,2,0.15384615384615385,25,2,0.08,2
8b87f1d020045a5a0a738258a34993df9feede1362580ce1b444831210a432b9,pt,Miscellaneous,Miscellaneous,True,0.9935806704080096,14,9,0.6428571428571429,27,12,0.4444444444444444,10
a7639edd1feae0faa83d818efc7848b52318309be053befb4e178beee769a69b,pt,Miscellaneous,Hardware,False,0.3178099872351873,21,5,0.23809523809523808,41,5,0.12195121951219512,5
f5c3a8bfcf29bcee8ab31bbd30e8bc4abab1f3d938a48f55e669538e689f7988,pt,Miscellaneous,Hardware,False,0.30901348332309503,19,10,0.5263157894736842,37,11,0.2972972972972973,7
c107c076ff51d0a8c878f0018398fd918506fd7dd23d4b178f5597963b9b71b1,pt,Miscellaneous,Miscellaneous,True,0.9967571254446643,10,5,0.5,19,7,0.3684210526315789,5
f995ec3fc1c903ee7bb0a0aecdae1ab87b916a840ad2b8b0a957e8635b003f19,pt,Miscellaneous,Miscellaneous,True,0.3652485569027252,26,8,0.3076923076923077,51,8,0.1568627450980392,6
1b28c6f58542a88fbdc36643c619c993475a504ce74295a4acf4be9fe8d7ef17,pt,Miscellaneous,Hardware,False,0.5307554963747279,21,8,0.38095238095238093,41,8,0.1951219512195122,4
f54a0c1f967e3483a83c83378792c396afa2b5420265cc903076ffb086781aee,pt,Miscellaneous,Hardware,False,0.3028189531848331,20,8,0.4,39,8,0.20512820512820512,4
45a3ae6f011a222cc5d3fa15ab0fd8a382f6de03693e0bc0fb0d51c9fdb37868,pt,Miscellaneous,Hardware,False,0.696249068743012,202,56,0.27722772277227725,403,57,0.141439205955335,18
61f6fcd3ca85d13148ecfb390d07f9a727345fabbc7faa1fbbd412210bbea8dd,pt,Miscellaneous,Miscellaneous,True,0.6249817661973107,136,36,0.2647058823529412,271,39,0.14391143911439114,17
ba02a1d8f97de423f2f5c18a750e428e1dba6ead85acad05812c1f812ee90512,pt,Miscellaneous,Hardware,False,0.48648613031587284,48,11,0.22916666666666666,95,11,0.11578947368421053,8
2db932089262dd6e4c58639145c6c5cc7d79ed5abba707afe81380bceb40d1c6,pt,Miscellaneous,Internal Project,False,0.4636491596940233,12,6,0.5,23,9,0.391304347826087,9
1611d37b97786524e871177e779abec3141394d1b38d5048f93c12ae34631b8c,pt,Miscellaneous,Hardware,False,0.6812390410192941,222,83,0.3738738738738739,443,91,0.2054176072234763,27
560ff741f9b67b68ca8eae32aa8d615ffd3bca8f3412a14609e700dadb858947,pt,Miscellaneous,Hardware,False,0.44027947437164316,11,3,0.2727272727272727,21,3,0.14285714285714285,3
2211ff827282c2e35273b460f2751a983cd0024237cc6aa29a85a381e7057ad7,pt,Miscellaneous,Miscellaneous,True,0.7374317808033253,49,28,0.5714285714285714,97,41,0.422680412371134,20
6042b48b127fc1b6906c1aea96f25d9459dac2d18944da5122ab504de3fe28ee,pt,Miscellaneous,Miscellaneous,True,0.5293785720727663,17,6,0.35294117647058826,33,8,0.24242424242424243,6
6da3ab0eb16f5862d61a966b7482597646a394b436f60a889d1930b02f116f1b,pt,Miscellaneous,Hardware,False,0.4495331871847565,44,8,0.18181818181818182,87,8,0.09195402298850575,4
a5c7c283198bb2a2be4b4369873e6faeb1ecee7366a72162f4064d0616393366,pt,Miscellaneous,Miscellaneous,True,0.7866330834361102,26,13,0.5,51,20,0.39215686274509803,16
70a0f73ff3ee5cbe6db2c12a6d7f82790ef32dafa2d73b8c00b32b0ea0dbeddc,pt,Miscellaneous,Miscellaneous,True,0.65458641021857,49,13,0.2653061224489796,97,14,0.14432989690721648,11
9cf7e5bac907ae97b0f504ad9547ae85970af08fc41e62e892d966b14411b34d,pt,Miscellaneous,Hardware,False,0.40492857079533573,24,8,0.3333333333333333,47,8,0.1702127659574468,5
a0dff195e61ac5acf68fbd705c773736995b6c42ed22a16904f3e58a0c3a0bf1,pt,Miscellaneous,Hardware,False,0.2650404702934813,9,4,0.4444444444444444,17,5,0.29411764705882354,5
e16dc9441e9fa14b045fe49d41b62ea7913bc456bcabade1308e5d996bb934e5,pt,Miscellaneous,Hardware,False,0.2447441871721057,17,4,0.23529411764705882,33,4,0.12121212121212122,4
76d41701217b8ae8d02271a02392f00b949600c45bc43d8a5f87c0b6ade9d493,pt,Miscellaneous,Hardware,False,0.5535987683152442,27,3,0.1111111111111111,53,3,0.05660377358490566,2
7696013e286860e74b130549af366cc49756ec71c79027ccca9b1923131f620d,pt,Miscellaneous,Hardware,False,0.47323979532851773,18,3,0.16666666666666666,35,3,0.08571428571428572,3
aa6b3db48dcf5d7a6e8b95cc20b8611ffa62195e7cc325f1d2ac021250d638d2,pt,Miscellaneous,Hardware,False,0.47192682705135935,27,2,0.07407407407407407,53,2,0.03773584905660377,2
dfbb10e4bc1ad1d2556b1468e047ff9d7a4fb2f685b8eb340c511ef46d4646aa,pt,Miscellaneous,Hardware,False,0.2696593905367138,9,0,0.0,17,0,0.0,0
f6f3dcad3f517f55e334e99c59d994732e4414a0286b7c2f3be5378781bc9078,pt,Miscellaneous,HR Support,False,0.42036011720420485,9,3,0.3333333333333333,17,4,0.23529411764705882,4
032f0e526ae06ce654b5b683b7f405a45f41e8b28280a97c7c3a1dbfeadf42b5,pt,Miscellaneous,Internal Project,False,0.4185493220709775,12,3,0.25,23,3,0.13043478260869565,3
3510273c5dc2a1e200deb0fe0877dae38bf37634b2c045be7d8539a33b23f54d,pt,Miscellaneous,Administrative rights,False,0.3520774643582032,26,8,0.3076923076923077,51,8,0.1568627450980392,5
5196a6b517398530c77a73405946e60cff1f5de74788c9654f694bfbda7ea0d9,pt,Miscellaneous,Access,False,0.4122084766754812,136,106,0.7794117647058824,271,175,0.6457564575645757,102
0af4525ccf5596f34b6425a88683c6789c07a7baa73fc0b91f3ffeec882d45d0,pt,Miscellaneous,Hardware,False,0.43397477624547026,26,8,0.3076923076923077,51,9,0.17647058823529413,8
b2ae85ab4d3ab9fa94c28b9fa8011ebf42fb2d4d201e8a92f8f8c546a8f16b50,pt,Miscellaneous,Hardware,False,0.9434832971146453,9,4,0.4444444444444444,17,4,0.23529411764705882,3
74698ff22d96773ab028bd2eb9cd72aa267e43412adfc4e375457c6095fddb0e,pt,Miscellaneous,Hardware,False,0.5055671783877442,36,9,0.25,71,9,0.1267605633802817,5
c40b1fd96cf4bd1bf05521454918566137c4a56d96780db39a5b5868fd1b964f,pt,Miscellaneous,Hardware,False,0.4003278939754218,27,4,0.14814814814814814,53,4,0.07547169811320754,2
189eb28561833e7685f6edc51e81b0c8d05b21cda7daf7e9ea65c7fa4c256063,pt,Miscellaneous,Miscellaneous,True,0.2664212581396168,18,4,0.2222222222222222,35,4,0.11428571428571428,4
66d0f942f05a2780c42c1c80fd5b8ece55e886222e5ca5566164b10786d4dcdb,pt,Miscellaneous,Hardware,False,0.47323979532851773,16,3,0.1875,31,3,0.0967741935483871,3
2301ef1d0f565f780b9baa9320492b79e1ad8d0661c849eb7106364ec2031520,pt,Miscellaneous,Hardware,False,0.44683877106897246,47,13,0.2765957446808511,93,13,0.13978494623655913,4
fe12cf8621b21cfc30d5f8b62179f36bd25a0c5e311904b69b7a3d5a5801fc7a,pt,Miscellaneous,HR Support,False,0.34289698172377603,19,8,0.42105263157894735,37,12,0.32432432432432434,8
5fc85d51c8dc5596d9da66699e95f74b74d5a1b203f45c8d60b4fb0ce1ae7ebe,pt,Miscellaneous,Hardware,False,0.27942201512269565,14,2,0.14285714285714285,27,2,0.07407407407407407,2
f9611df814424a2ddaf708a0c5bf8d85753a3721028b06c5c6d39af7fcc9af61,pt,Miscellaneous,Access,False,0.34644947113281505,24,4,0.16666666666666666,47,4,0.0851063829787234,4
29c069e7cff173c93bbf77eafebe51967e4eb143c38d47efaca9b325684e4246,pt,Miscellaneous,Miscellaneous,True,0.8483201465643047,18,4,0.2222222222222222,35,5,0.14285714285714285,5
e86f506d67e11299e8d43ad2840aaab50c65d326572e2ba74d363bece59923b6,pt,Miscellaneous,Hardware,False,0.45122950479704865,54,6,0.1111111111111111,107,6,0.056074766355140186,5
593f8902adc575a78cbd5a206f09ec97130ced7c231afd8cebb52ad0120e2bc8,pt,Miscellaneous,Hardware,False,0.5434915519673792,43,10,0.23255813953488372,85,10,0.11764705882352941,5
467497996478cb67cb455e71a9e588b4d6623292d98566a287f99b70a2e44840,pt,Miscellaneous,Hardware,False,0.5267349320403887,139,25,0.17985611510791366,277,31,0.11191335740072202,19
305cc647cf21d82e9944d8d2ed0cef4cd27c02504feb53503d95f50dc1a85f47,pt,Miscellaneous,Hardware,False,0.48463269013033794,124,20,0.16129032258064516,247,21,0.08502024291497975,15
dd27d6b3a0fe3b5ffd3189eafaa8e11419a5254b120ec1d3934b4b6f4e6e0a7d,pt,Miscellaneous,Hardware,False,0.6498282213797327,256,128,0.5,511,128,0.25048923679060664,2
11a73954e0b08f6ff34352106fd0a622449a527b11d5dc620898bf3e19e300ce,pt,Miscellaneous,Hardware,False,0.2696593905367138,6,0,0.0,11,0,0.0,0
1268b27b0c42866b4515dda94e8180cabad10082e5b5616a01f4b80c0d418572,pt,Miscellaneous,HR Support,False,0.28416953122353844,12,7,0.5833333333333334,23,8,0.34782608695652173,7
409deea50375495c9d7064725db46ebbd29a3afd73eb1fc0df017c8cd8f6b0ae,pt,Miscellaneous,Hardware,False,0.41913798655976586,44,9,0.20454545454545456,87,9,0.10344827586206896,9
046db971b1960a5554616e01618cafabcb29d54e29dcdcf024dece2ee7031986,pt,Miscellaneous,HR Support,False,0.3887646641466969,41,7,0.17073170731707318,81,7,0.08641975308641975,7
df076fa765c6adb49a89ae086cdef6e06ba928b7f84b9788d6013f59c10d99ed,pt,Miscellaneous,Miscellaneous,True,0.831431673095341,33,9,0.2727272727272727,65,10,0.15384615384615385,8
40691a95196f4dc1fc33a22dbdfa8c48f3f260a72d48ec05fbc76dcc18d3b5a0,pt,Miscellaneous,Hardware,False,0.4318372414200083,77,18,0.23376623376623376,153,21,0.13725490196078433,11
6da677e5544235342aa07ef246f53fef879580ac187d5038f426335689758aac,pt,Miscellaneous,Miscellaneous,True,0.9631467760845576,19,12,0.631578947368421,37,16,0.43243243243243246,14
38f558c036de921847a5ae0aca6c8e782ab1193f060c10eef2e339fd9f918134,pt,Miscellaneous,Miscellaneous,True,0.6037735283280384,18,7,0.3888888888888889,35,8,0.22857142857142856,8
19a3bb38c0b7d463fc167c3d8f4cb1892969a73149627be89424c9b06f446858,pt,Miscellaneous,Administrative rights,False,0.23563910891515133,7,1,0.14285714285714285,13,1,0.07692307692307693,1
1026dfb6f4faa7abbbc1f5c1c71b978e6ef4d0648adf83517679a9c0f3f987d6,pt,Miscellaneous,Hardware,False,0.4357949519508264,47,13,0.2765957446808511,93,13,0.13978494623655913,10
0af7283d2b1e1b8d32cb3fbe41a776989695cdce9819f3b1874429bd90c12626,pt,Miscellaneous,Miscellaneous,True,0.973600031995448,30,14,0.4666666666666667,59,21,0.3559322033898305,18
a58742fe1fcdec0eb102011c6f6eab762497776807289329f55b816c2e12c339,pt,Miscellaneous,Hardware,False,0.7956801085553729,107,20,0.18691588785046728,213,25,0.11737089201877934,17
7dab5a2b77f0f506b469ed3db0f0baa1e04110a378ff4751404d7dfb00d8c8e3,pt,Miscellaneous,Miscellaneous,True,0.987905297838783,45,28,0.6222222222222222,89,47,0.5280898876404494,35
0ceb5476c7ae5b3f0138d457b6217df61830fbb7532d24595673ad69802d1d75,pt,Miscellaneous,Hardware,False,0.5748011571177232,45,8,0.17777777777777778,89,8,0.0898876404494382,5
6c963bf34ebef92a0e01fd789c86e1897d84eb39b57969ec9288cd219b05fb6c,pt,Miscellaneous,Miscellaneous,True,0.9851370803526901,6,2,0.3333333333333333,11,2,0.18181818181818182,2
9332f976c8cbea2fd428ed736aa3b0b76b0cc3ac37e9e790985478bad4b94c02,pt,Purchase,Purchase,True,0.9789257299108985,20,7,0.35,39,9,0.23076923076923078,8
1208e8696bc2e1add3ea9b6c192eb2c83c27525d5a22f4d96aa38016c1d1062b,pt,Purchase,Purchase,True,0.4553471999320913,35,8,0.22857142857142856,69,8,0.11594202898550725,5
3c4e530364858b0fefc4cff983c6526ce8f9f13ce548fe39abfd5087e22f0738,pt,Purchase,Purchase,True,0.98556828837123,18,6,0.3333333333333333,35,6,0.17142857142857143,5
431b5ad6eb0c0719dae3fd0324bc55b3740b5eb1fc1028ce084ee9d97d65f921,pt,Purchase,Purchase,True,0.9116391693284785,38,10,0.2631578947368421,75,10,0.13333333333333333,6
ff348190d6fcaafc564de99f073c056e738b61adb3e7cd0718cb03fc1741fe58,pt,Purchase,Purchase,True,0.9388412206224634,30,6,0.2,59,6,0.1016949152542373,4
f3d8729d0979b130f68a6631454de68d392d521356c47dbefdd82badb9c4811d,pt,Purchase,Hardware,False,0.25569337302913203,17,2,0.11764705882352941,33,2,0.06060606060606061,2
2fa54f521a25e6c4c2cc18d09a9f6a222eaa65ac4b578c0fa987e2ccf99da469,pt,Purchase,Purchase,True,0.9949441066247753,18,4,0.2222222222222222,35,4,0.11428571428571428,3
2b7a129829539ddc5b48aa728f02288a10f8e5a16ac16df27508fc8070b1f255,pt,Purchase,Purchase,True,0.8543869572962116,31,9,0.2903225806451613,61,10,0.16393442622950818,8
a9c16cc370ccf97125408cbc191caad923ec201835d2bf83c498dfcae3d03058,pt,Purchase,Hardware,False,0.4148223535450063,27,6,0.2222222222222222,53,7,0.1320754716981132,6
b2b5a9a63a868078ea19f1d5989fce59519852e567defbf104601e3d21a549d8,pt,Purchase,Purchase,True,0.9923342085061778,17,6,0.35294117647058826,33,6,0.18181818181818182,5
b701f8fb203935c29dd73a33f5857773a01395439cfe27af453f8972d3b651d2,pt,Purchase,Hardware,False,0.4435101445398732,23,8,0.34782608695652173,45,8,0.17777777777777778,5
894ff64c7bfa0aa0eba9370bf503e7410d337c7817fe78ffa6f717da586e1dc3,pt,Purchase,Hardware,False,0.33591553113992284,11,4,0.36363636363636365,21,4,0.19047619047619047,4
e3fcacc9d0fc4519cb3bec12a36638348c3740bae12506208fa6e4827511e275,pt,Purchase,Purchase,True,0.9356761025639954,33,8,0.24242424242424243,65,8,0.12307692307692308,5
d275213dd32e95fb487b0abda14d3b33d4fde4cea922225d7ca177f5266f87d8,pt,Purchase,Purchase,True,0.976638188439463,16,5,0.3125,31,5,0.16129032258064516,4
816d4d4ef788d8171c0226a577c60912c11c180a8279340eba92487524e5dd1c,pt,Purchase,Purchase,True,0.9597472989711922,19,8,0.42105263157894735,37,8,0.21621621621621623,6
bda8734432d3045acdfa882d9a749764fad13340296b63fad9db196280c930ed,pt,Purchase,Purchase,True,0.9434751741528513,16,6,0.375,31,6,0.1935483870967742,5
77e47fc2acbde3dfdad19d15d2b71f86477f0df94ec98a47a189158ece33cddd,pt,Purchase,Hardware,False,0.782245531085132,87,28,0.3218390804597701,173,29,0.1676300578034682,11
e0554556010c59774eb06adc621980e03d9533a6a6a23880879dde181c06b6b4,pt,Purchase,Purchase,True,0.6796040048700182,53,12,0.22641509433962265,105,12,0.11428571428571428,6
8d9728c7c639303ad9c7bb3512e9eecfad45d170ec4d7f4a877f71c50e45b074,pt,Purchase,Purchase,True,0.9769545717053212,19,6,0.3157894736842105,37,6,0.16216216216216217,5
4f1c93c65087fa08ab79022f7504778a5d5017ad0ce19162ed4edd3f9bff01e3,pt,Purchase,Purchase,True,0.8777497614367897,40,12,0.3,79,12,0.1518987341772152,6
74da4e05ffb6afdd9b4c3a32be7b42986a743fd99d64ccadc95943a1e7e7ffbf,pt,Purchase,Purchase,True,0.9973369685487102,16,4,0.25,31,5,0.16129032258064516,4
2d61dc1233accd4646e9b0c5b013ab9146f7080c33ec188d7386901945a8df33,pt,Purchase,Purchase,True,0.807589291883253,22,6,0.2727272727272727,43,7,0.16279069767441862,7
734910db22f86c08d0b5db395f481e0b3dbd28935cb1e7f47c874b416484a7da,pt,Purchase,Administrative rights,False,0.6848744523404342,15,14,0.9333333333333333,29,19,0.6551724137931034,15
73090503d86d34b68d94707abdafb4b9cb2d10cd58b12c1396d741f7ac06d849,pt,Purchase,Purchase,True,0.9969019533540983,17,6,0.35294117647058826,33,7,0.21212121212121213,5
14aa129d72415ab8aadc19fc4bfa99bfbfac191e362d955a939a391cf8b55a5b,pt,Purchase,Purchase,True,0.9735761393117549,49,12,0.24489795918367346,97,16,0.16494845360824742,9
bbfc414c81021d797df6d4873cdedfc0e7f53f2333519ee210f8d35ffd051108,pt,Purchase,Purchase,True,0.8705346416484193,52,11,0.21153846153846154,103,13,0.1262135922330097,9
b353376a8953ca2289c6f24373435b44c4523787409aba023ddca977625b424a,pt,Purchase,Purchase,True,0.8081660759196166,29,6,0.20689655172413793,57,6,0.10526315789473684,4
63d6acdf495689d7de3be39226c623a5dbebd9de8bb827c03ed2777d786e5edb,pt,Purchase,Hardware,False,0.26947317324537035,16,3,0.1875,31,3,0.0967741935483871,2
e7d32ff9e01b6e03c7c1030be7d56ca30bd50832fdfebc869bbd58b8fc41a541,pt,Purchase,Purchase,True,0.7843097647891034,39,13,0.3333333333333333,77,14,0.18181818181818182,11
cf37fff2490fdc7cb6e825373586c1c7134eb86b839e825ef836486228c911e9,pt,Purchase,Purchase,True,0.8026315475714743,40,13,0.325,79,14,0.17721518987341772,10
b67c8352ba468a8c4bcdd18d3fb3c92d3211cc44824cd807d9b248fed1093aa4,pt,Purchase,Hardware,False,0.5202099829451545,24,5,0.20833333333333334,47,5,0.10638297872340426,2
52e6e2df666c39fe37c8c4e097b67ff7aa13ad3fb3552c16f948b47968b7351a,pt,Purchase,Hardware,False,0.5421679507721833,33,6,0.18181818181818182,65,6,0.09230769230769231,4
dac963f2a47b25239a71cdbc823f3358f109051801220b95f40bf6f31daee785,pt,Purchase,Hardware,False,0.29760150192016893,21,5,0.23809523809523808,41,5,0.12195121951219512,4
4d0630976e78347918b626345bae0b72ab386f115e362c54932b5b16b2f982dd,pt,Purchase,Purchase,True,0.9116391693284785,37,10,0.2702702702702703,73,10,0.136986301369863,6
0e4531e5e39efe30aca34367cce3c53a64c878e206708a24375796861b87f741,pt,Purchase,Purchase,True,0.9025746239307351,44,10,0.22727272727272727,87,10,0.11494252873563218,6
b18db74441ba3bc87e77f504b4eeed706e7c108756cc99152fc3afa57906a83b,pt,Purchase,Purchase,True,0.9548625886822641,20,8,0.4,39,9,0.23076923076923078,6
a842d975681c8a753a479fe4f3a1bca83684fb479ebe150c86433d2fcfbee1d4,pt,Purchase,Purchase,True,0.977174322228019,33,8,0.24242424242424243,65,8,0.12307692307692308,5
0c8c6c862363205368ba20532ff5e84fe911aef8e01dcebe6dc6ed00c9f07b43,pt,Purchase,Hardware,False,0.34596902491325476,15,4,0.26666666666666666,29,4,0.13793103448275862,3
95a6eb9bd46dbfa6029d8f21213caff1a5d36e3fa8133f2d472afa2a5d8502b0,pt,Purchase,Purchase,True,0.7729748581367033,50,11,0.22,99,11,0.1111111111111111,7
42a6e43028c7db8ba78bb55b21f43f83227eaf2dcefea22d5e8e4a86d44def27,pt,Purchase,Purchase,True,0.9724437625885524,80,23,0.2875,159,27,0.16981132075471697,13
e037bffef4bcf85812510abfa091cf6bc236c6ae792ab041d34632132cec9324,pt,Purchase,Purchase,True,0.6021450976021876,20,6,0.3,39,6,0.15384615384615385,5
32580870615ecf722c7d42e5b1cbac3801c64746ce780e1b3ef70d8914d77598,pt,Purchase,Purchase,True,0.9583788959070086,31,9,0.2903225806451613,61,10,0.16393442622950818,8
39933f0a0f8fd8d46d7c40aea73a96fdb29156e7c45e7f3ac1f1feab549408e4,pt,Purchase,Hardware,False,0.44722167191939166,61,16,0.26229508196721313,121,16,0.1322314049586777,9
c22209301c15dbf9fe65cc40eae312c4dccf4a6ab4297d8e9dfb25464a33334a,pt,Purchase,Purchase,True,0.9136018519787459,39,9,0.23076923076923078,77,9,0.11688311688311688,6
fbd578a3b09f71dc5d508f528d56abee4f40aaf3e3b216a2764b9c077e066902,pt,Purchase,Purchase,True,0.5367146403910874,39,12,0.3076923076923077,77,12,0.15584415584415584,7
d7a84e4c7db7a108a39dce7ff98ef317833bf3db8316520aa92643728fa9d5b9,pt,Purchase,Purchase,True,0.8300984492997053,38,12,0.3157894736842105,75,12,0.16,8
6f58c038cf77e1ad83c9f025998cc20e79d51de1b409d75d1e72350d12134a01,pt,Purchase,HR Support,False,0.26898931659178094,16,6,0.375,31,7,0.22580645161290322,7
ee01d92a15f84e81a211a80cfdc268d08b0885b19a1ceb4dc555532d00892589,pt,Purchase,Purchase,True,0.9248051074084092,25,10,0.4,49,11,0.22448979591836735,10
bb30bbe9a21c97cacec4002c2065968eda14200522530185fb5d2c2a90e7e959,pt,Purchase,Purchase,True,0.6067267659328871,36,9,0.25,71,9,0.1267605633802817,6
6b6ce969b8d8a5e32bff709faa6f48fe12e9f5383901f4608d881b32bf6399b4,pt,Purchase,Purchase,True,0.9425344771575525,35,8,0.22857142857142856,69,8,0.11594202898550725,5
55df270a838b1d63ae0c4ca9491c91157b8415720ac9314a0cbc4e448b8f722c,pt,Purchase,Hardware,False,0.23995275317425588,16,4,0.25,31,4,0.12903225806451613,4
4c6fb0ccc2ae849ce2c7b29d21fd943a4db6d4053e46f161f11e08391592f9b4,pt,Purchase,Purchase,True,0.9096547120144234,34,9,0.2647058823529412,67,9,0.13432835820895522,7
b85ca8c755d4e952aac5badd146a4f7940515f046c3eca3c99bdb2c81711bc20,pt,Purchase,Purchase,True,0.8671762657480123,40,11,0.275,79,11,0.13924050632911392,6
758b49608457ff5519bf883d5e48e57d31026aadc84ae042da255c74476314d4,pt,Purchase,Purchase,True,0.9949441066247753,15,4,0.26666666666666666,29,4,0.13793103448275862,3
9db76619be99e1d95b45e5ef249356ee67f70c9023274555f583653c0f60fc70,pt,Purchase,Purchase,True,0.7227743195771231,35,9,0.2571428571428571,69,9,0.13043478260869565,6
573e01cb4fb02e15ef6b024aafd06b1272e84c01c497920555605a1b3083b474,pt,Purchase,Purchase,True,0.9723321035707074,30,7,0.23333333333333334,59,7,0.11864406779661017,5
8ebb13251b10fc3139d74706a4e4813c3d7862b7ce11cb195c8e2112cf1d0fe3,pt,Purchase,Purchase,True,0.8921204769052147,27,7,0.25925925925925924,53,9,0.16981132075471697,7
9faddc0a1ba455abb6178f86eb9ab8984839149f57e097492229da725acec469,pt,Purchase,Purchase,True,0.9467572151533074,34,8,0.23529411764705882,67,8,0.11940298507462686,6
89f400da18b6081465b718cc32e7b7df36b6d47c0da8ee7c4bfbd926aa4b5c5a,pt,Purchase,Purchase,True,0.7753476908208679,47,10,0.2127659574468085,93,10,0.10752688172043011,7
c9f2d504e9c60826555eeb46b6e023062c180bc8579320f3d51f02e1496c3c93,pt,Purchase,Purchase,True,0.9722403075218001,35,6,0.17142857142857143,69,6,0.08695652173913043,4
181ef1406d7658a4f9af3b074eb8c588635e3fa405d210044db890f62d398308,pt,Purchase,Hardware,False,0.30241992911377236,20,8,0.4,39,13,0.3333333333333333,13
bc91be15dfa10fd4b63c2c29f20f8fdf285f336dd47380d4bf65852397f6095d,pt,Purchase,Purchase,True,0.5469022343830173,36,10,0.2777777777777778,71,10,0.14084507042253522,7
181b910617ea268067e3256ead13ae6109ddf8a6c479e98b714236c4854f09c2,pt,Purchase,Purchase,True,0.6327444255714609,27,5,0.18518518518518517,53,5,0.09433962264150944,4
3d0f638ed6716b2dbdf5680698adc8553fdaf4f462c77ae3e49f2a36fe522a8b,pt,Purchase,Purchase,True,0.8655997759483895,35,9,0.2571428571428571,69,9,0.13043478260869565,6
4c7bcbcdb5d48e7a3c1397478f31654b270d52457f9b56f2fc9e641077b5e5b6,pt,Purchase,Hardware,False,0.43981800485124095,38,11,0.2894736842105263,75,11,0.14666666666666667,7
d18e4ecac06655dda4e4e3f757c7e85364cd5ae2456060a49aae54c5ab40a24f,pt,Purchase,Hardware,False,0.34963489693303396,24,9,0.375,47,9,0.19148936170212766,5
aac97eeb9f00c9486e3d155f8dcd3ab6943ee3b20ed3fc6e589541458716febe,pt,Purchase,Hardware,False,0.9232660460466192,32,6,0.1875,63,6,0.09523809523809523,5
c097b61ba4b4de9e6971c3ef7e2be9d71b204e11312c3a408100469f7d8f54ad,pt,Purchase,Purchase,True,0.821406557946439,99,25,0.25252525252525254,197,26,0.1319796954314721,12
67f90b9f85f90daa690bdd60e6340d256f6c8565a29c87010116288cedad2e5f,pt,Purchase,Purchase,True,0.9540158195873131,52,14,0.2692307692307692,103,14,0.13592233009708737,6
35edd1e2100012233d431419e23209ec756963a44013ae977d979b3f53a6fed5,pt,Purchase,Purchase,True,0.9376890185374123,46,11,0.2391304347826087,91,11,0.12087912087912088,7
966335d39dfe2f5ece52b4160b79074aff72cd866a4fcd26eb37b22739c92a7f,pt,Purchase,Purchase,True,0.6695091038339254,51,13,0.2549019607843137,101,14,0.13861386138613863,9
13bb3d49b83d767f8d17ca31c89884ba38ff6d582c2713a16b8bb6fb0ba6d233,pt,Purchase,Hardware,False,0.5395688028643931,131,32,0.24427480916030533,261,33,0.12643678160919541,12
239b3a7d4d724eb0bf20986b63f4679f812eef5feff434cbe5c8c77e5e9a9eb7,pt,Purchase,Purchase,True,0.931441505192262,52,14,0.2692307692307692,103,14,0.13592233009708737,6
a613e08feabb4a1dc5e4a604cf885162d3f8b640a9f96b79dccc67db16cc1b56,pt,Purchase,Purchase,True,0.9587265022577475,54,12,0.2222222222222222,107,13,0.12149532710280374,10
ef932c2410137818a70ce041dd17cc63d0e6a68ff8c911e3e359bc9bb87119f5,pt,Purchase,Miscellaneous,False,0.20098151656664223,22,8,0.36363636363636365,43,10,0.23255813953488372,7
fa897c1262cb7770e0050e58810be40717057e94a999a2423d56476388a891c3,pt,Purchase,Hardware,False,0.4356687728426498,72,25,0.3472222222222222,143,26,0.18181818181818182,17
d4776bce61828781a631fcbed2b88ddf4ed4318f68cd9068bda38ac626bf2dd1,pt,Purchase,Purchase,True,0.9096036960958765,35,8,0.22857142857142856,69,8,0.11594202898550725,6
a55709a39f00c20ae44e9da82c0c1a008f284bc93da62c2a93e351b5a127b66d,pt,Purchase,Purchase,True,0.7672884711484197,52,15,0.28846153846153844,103,15,0.14563106796116504,6
0b179526e8d07a069ae526cd91fced33cd7d30e25984c553af6d246743f012ae,pt,Purchase,Purchase,True,0.8349873927423186,19,6,0.3157894736842105,37,6,0.16216216216216217,5
2f8dafe7b2332bd8956a30ea61f474a85dde89c5714add9f93ae48bd2680fb36,pt,Purchase,Hardware,False,0.8588594760678556,59,12,0.2033898305084746,117,12,0.10256410256410256,5
8aed47e1f3788db1d44513eb13e1ca48a90bdf5f91319eb9322f8be595afb484,pt,Purchase,Purchase,True,0.8463972908141879,40,13,0.325,79,14,0.17721518987341772,10
fdbce31c97c2a1af5dfa6086a0e99dafbcc43320a51b40586fb715466909e843,pt,Purchase,Purchase,True,0.655611222694542,25,13,0.52,49,14,0.2857142857142857,10
dc0da553609e99bbdde3823ef21c4d75d14dc1ac9e8feb47fe19be0f0f5a71f8,pt,Purchase,HR Support,False,0.2630726907672808,14,4,0.2857142857142857,27,4,0.14814814814814814,4
74f8cbadcca5e6d191bce9f22c7e31b52b4f970d7d0f6bc204394dfa3e7d64b5,pt,Purchase,Purchase,True,0.8638454898660741,36,11,0.3055555555555556,71,11,0.15492957746478872,8
a06022fdc1ee00718f5483e5df5a6fb433f0834b2553a3169c5b7d9d25d914fc,pt,Purchase,Purchase,True,0.5743135195959669,30,6,0.2,59,6,0.1016949152542373,5
1e6320cd31cce2a376d81b8318d197a5867d5bd4d1bef51173889c20201aae38,pt,Purchase,Purchase,True,0.28149372138094453,25,5,0.2,49,5,0.10204081632653061,4
2d027a3ea7e3fd3c5a187a763fbd86e80741cea589f1a602dad90a3b6ea605a8,pt,Purchase,Purchase,True,0.6622366483947019,49,16,0.32653061224489793,97,17,0.17525773195876287,9
64574c04559018a510664ac9bd235826cb6a9a1d9d340ce5d6dbe8903645036d,pt,Purchase,Purchase,True,0.5905496638791196,35,13,0.37142857142857144,69,14,0.2028985507246377,9
09d3b3b1e40c8b23d44e3c757caf5730bd82b9f3963b9e55003be53dd51509b3,pt,Purchase,Purchase,True,0.9310224430662882,33,10,0.30303030303030304,65,11,0.16923076923076924,9
ad05f14884d73d1139ec399f8d9e000c505e3cfc52b79de88d9c1e46587d7223,pt,Purchase,Purchase,True,0.6213027502923192,30,8,0.26666666666666666,59,8,0.13559322033898305,6
49871b104f8eec5690e8820bb82f5bccab3859c534def95efb7a89024f3a55f1,pt,Purchase,Purchase,True,0.9284904272249037,51,29,0.5686274509803921,101,45,0.44554455445544555,43
cf9c7fb251415247e3ac48febf3919bafd8b57892a2f9cbe8ecdccef83041dc9,pt,Purchase,Purchase,True,0.9270720146668898,32,7,0.21875,63,7,0.1111111111111111,4
8dba0dc3746e4e3f7a6397d29fb259cf069821f1ccf1e6a8e0e9202b915eecf3,pt,Purchase,Hardware,False,0.5159780626426758,19,8,0.42105263157894735,37,8,0.21621621621621623,6
1c6cb5675fb5283717fdd2c2eff76e7e4c3842f1ba505a17fe64555ae6fe29cd,pt,Purchase,Hardware,False,0.24120860865323335,14,7,0.5,27,8,0.2962962962962963,8
ed4636be812efa8396fb37db0677273f26f8d337ad2a3f710906efb9ed10da9c,pt,Purchase,Purchase,True,0.9328607111946843,54,11,0.2037037037037037,107,12,0.11214953271028037,7
77ddc2d9038847debc427b9393c15bf2b40bead0ea28e885f6f0a3471a34e2ee,pt,Purchase,Purchase,True,0.8944865523049323,21,8,0.38095238095238093,41,10,0.24390243902439024,9
e0c0fb124c73f552da5228f596aab0a1a80509229c640eb5db7ad7905f5a5866,pt,Purchase,Purchase,True,0.9632892616780752,34,9,0.2647058823529412,67,10,0.14925373134328357,8
4d5b702e901f7dfcc10b050952c51dbc29acd3890b3182b0d9d17a40a3d56e08,pt,Purchase,Purchase,True,0.7162645446338707,17,5,0.29411764705882354,33,5,0.15151515151515152,4
e00a6eae48cad0284f6a3da5b4036eb7ae2acfa9ccdb9f25b0b1f4b4bb37603d,pt,Purchase,Purchase,True,0.7510264919725825,75,33,0.44,149,46,0.3087248322147651,20
d9380998e1f65b1e118bd4a2b663b0bb02dfafc9b49531ddae26d53233ebcfd4,pt,Purchase,Purchase,True,0.7310510558366573,51,12,0.23529411764705882,101,14,0.13861386138613863,8
ecee75d0f808f4ce280b9256c8344e0c1b92935258aeacea4655433a1b57a1d3,pt,Storage,Hardware,False,0.5258383228721857,21,8,0.38095238095238093,41,8,0.1951219512195122,6
69e88ebee5de3dfd4ce8b2226da0c7c06dd203ce85f95e9a9c4d6ec2149593f8,pt,Storage,Hardware,False,0.43733582373741825,25,5,0.2,49,5,0.10204081632653061,5
39cb5ad77ff71b2d8d30cdde6ac2acc320fc8ad91402b05962b6a71fa03bdd72,pt,Storage,Hardware,False,0.6388352640042729,15,4,0.26666666666666666,29,5,0.1724137931034483,5
98c54d6c4625e906f3f1f44bd1761168f5f0f879b2c2afc8a55b18201fef9e5a,pt,Storage,Hardware,False,0.519049335259728,35,8,0.22857142857142856,69,9,0.13043478260869565,7
e4f68a82e7549cdd4be3ae083b0415e21a6dc3d479dfb2c3ae160acdf9266a67,pt,Storage,Hardware,False,0.5771598534727531,20,4,0.2,39,4,0.10256410256410256,3
83fdfd8c4e836dfce023fba7f6e0c5fa5ed586ab19b7ae60332f26a28341c586,pt,Storage,Hardware,False,0.6178380108343389,20,1,0.05,39,1,0.02564102564102564,1
f0dfb0846c954eab0cdc67b7aeb30f1eb39847dadca17e220b9c6fdaac42d2f9,pt,Storage,Hardware,False,0.6544851528595667,18,4,0.2222222222222222,35,4,0.11428571428571428,3
5c5350f2c6455904cb7e9f33e899f35ea367153af0315cd60b9375e7bbe7f311,pt,Storage,HR Support,False,0.4380411473753537,29,11,0.3793103448275862,57,14,0.24561403508771928,10
dc8216043de622f9381bee3056c073595b18afb6756aecd58a7c5fbbe87aef4c,pt,Storage,Hardware,False,0.4849125211795399,49,12,0.24489795918367346,97,13,0.13402061855670103,8
2de092124c02deacbb222b5cee822d1bb3fe7a8e2e1d45b4402952fdaea9a34e,pt,Storage,Hardware,False,0.44171210295338775,23,2,0.08695652173913043,45,2,0.044444444444444446,2
33d65f91c82c1f6c639d6c25a356841ee906d780c30e60a6c2425fa4820afed7,pt,Storage,Hardware,False,0.38901981773686384,45,10,0.2222222222222222,89,10,0.11235955056179775,7
cfe674d31b3b951634451c1ed377e85c0cd30ae2d113242aad58ebdeab82c380,pt,Storage,Hardware,False,0.5107662223292652,17,5,0.29411764705882354,33,5,0.15151515151515152,3
679b994e0b4a150661f01c4616e19d6645b463f55c6bef202e9e52fd095d2568,pt,Storage,Miscellaneous,False,0.5226167236279049,12,1,0.08333333333333333,23,1,0.043478260869565216,1
e84afb73154f66a893bd3008074cde12d42c671792754daf6812397b98d90cc7,pt,Storage,Hardware,False,0.4958149396359189,13,1,0.07692307692307693,25,1,0.04,1
242c200e1429e9267067226648266c9714816c3bd7d46c920feb16c5322bdf3a,pt,Storage,Hardware,False,0.5015515706536612,22,10,0.45454545454545453,43,11,0.2558139534883721,7
c9c710af72d146c4c20a5104c563d7a6fdb6d8a63d44d1655b36cb02046d9512,pt,Storage,Miscellaneous,False,0.5226167236279049,13,1,0.07692307692307693,25,1,0.04,1
bae49e58f7036cc7b10e20f2b6dd547f09748f9afd764f8e5d46d722f1a1d3c2,pt,Storage,Hardware,False,0.4831577798981273,57,12,0.21052631578947367,113,12,0.10619469026548672,6
e18ba9f6a7b0f953723ff07c25d1e1fae05ba955a11a32d3f7a0b9f5e9715ef3,pt,Storage,Miscellaneous,False,0.5226167236279049,16,1,0.0625,31,1,0.03225806451612903,1
3c35b6019d4624e4a843de9fc42232290d4a8af77f5fbe49cc5e96534fb12299,pt,Storage,Hardware,False,0.4863739581457119,19,8,0.42105263157894735,37,8,0.21621621621621623,5
fea9efd9221ddd198c7e08443e24827498f73c921f3ae57e89cc2f59a8fda37c,pt,Storage,Hardware,False,0.5255258912801384,58,23,0.39655172413793105,115,31,0.26956521739130435,11
4efffcdf8052044ca41b5f437426e0fff1c8fd0d35d3b9f11c2f55b90d2e1aaa,pt,Storage,Hardware,False,0.7768484461038387,13,6,0.46153846153846156,25,8,0.32,7
0f15b49dff6c5a5764fdaa48b8d4427b790da67994b73e447369b5465132730e,pt,Storage,Hardware,False,0.4673308036629808,15,3,0.2,29,3,0.10344827586206896,3
d7848cf73a3d0d33f726157b63d117862af2382beae2bcda43651ca0f408f2aa,pt,Storage,Hardware,False,0.48194327072980575,37,3,0.08108108108108109,73,3,0.0410958904109589,3
a345d19c0bc6a7ea77008894cbe63f680ce4a9eeea46ff5a0f98e6778332e384,pt,Storage,Hardware,False,0.6057689266085643,25,4,0.16,49,5,0.10204081632653061,5
ffdf5eab970de39ce3b4f8f062493d1bd2e4e856bdb48f1bf7b5f60e775611b0,pt,Storage,Hardware,False,0.4525827936030634,48,17,0.3541666666666667,95,18,0.18947368421052632,10
96cbb49edc8d27cf324aab4cf0770d525b89d3deb154bfaa6615313bac1e63b4,pt,Storage,Hardware,False,0.5819026287445103,21,4,0.19047619047619047,41,4,0.0975609756097561,3
429ffe85d5fc02832703c40825a59dca0361bf1597b5e47031b1c6dfdcc53a38,pt,Storage,Hardware,False,0.54681481181161,91,24,0.26373626373626374,181,26,0.143646408839779,15
b79b195a9110afc9d921bbf3066ac246f4248cee7afb85938c92c4d074691cc7,pt,Storage,Hardware,False,0.592583777113054,39,5,0.1282051282051282,77,5,0.06493506493506493,5
ecef2cddba3bada2e910c903c109ef7216e045678ba0cb9afea6f0049ccd80f0,pt,Storage,Miscellaneous,False,0.5118755443096344,21,8,0.38095238095238093,41,12,0.2926829268292683,12
b72d784d47ee7cc1bf4d2ffa9958e0722d7ca8ec9ac1ff924f36b00d1ac459d5,pt,Storage,Hardware,False,0.5971615438608674,22,3,0.13636363636363635,43,3,0.06976744186046512,2
e8d877f8479dd7ac5557dc71b872f86858f8435be40552d707158556aa02baa5,pt,Storage,Hardware,False,0.5121692036162778,123,35,0.2845528455284553,245,40,0.16326530612244897,15
fffe51d184741f4ef30dd9b3d29c85f7cee26bbc7b2de1f1500984f788103f6f,pt,Storage,Hardware,False,0.6238168683035723,32,6,0.1875,63,6,0.09523809523809523,4
f7d409858fc1875de009f5c22b92957a8f3d81085cd504d5dad7dc9d386e0928,pt,Storage,Miscellaneous,False,0.5226167236279049,9,1,0.1111111111111111,17,1,0.058823529411764705,1
5dda3051bfe670f74826a8461d0525ad9d0e25bac21fe94cd90b9535c95ce03d,pt,Storage,Hardware,False,0.47119680449807344,33,6,0.18181818181818182,65,6,0.09230769230769231,3
96b0726215ea5ef5b5f4331014990d32a26b2e89a1884d94fe44d1c7fa694262,pt,Storage,Storage,True,0.6118928493646228,198,60,0.30303030303030304,395,68,0.17215189873417722,33
15efefc256c1e908565bcd821a87ea652e0a17095e29a13d8c2375c61c770ce8,pt,Storage,Hardware,False,0.560579411953074,34,8,0.23529411764705882,67,10,0.14925373134328357,8
0e6e13e4d43c2fa5986c7c5b93cf66b4a1e8c46b97534c0fd78eae49dc3f4f5b,pt,Storage,Storage,True,0.8787825316256902,46,45,0.9782608695652174,91,79,0.8681318681318682,62
9f89ea7aea9ea1b71c8faf63c55433fd1a60f5e2a96c90c9f654312d9cec335a,pt,Storage,Hardware,False,0.5397575162357028,24,6,0.25,47,7,0.14893617021276595,5
46b07b8b2a1118868ffe796337a3239e078c4e48aecda5d95e080d0454d4d082,pt,Storage,Hardware,False,0.5971615438608674,15,3,0.2,29,3,0.10344827586206896,2
bd6e07098203925a3c422092b989c629a379a8da165cd450d97d6fd8c4bf6b44,pt,Storage,Hardware,False,0.5897485628436173,11,3,0.2727272727272727,21,4,0.19047619047619047,4
e5cbeccbf1814834311ca9edd5321e7ecd982e0cc16ae371ab33efd82ea24927,pt,Storage,Hardware,False,0.7881545568105386,39,8,0.20512820512820512,77,8,0.1038961038961039,8
25c04be781e72c62c43a14b806afb8278bc07917195bd6c9820baed71463388f,pt,Storage,Hardware,False,0.7075486570930539,84,25,0.2976190476190476,167,29,0.17365269461077845,12
f0739f42f8c9926934d1521df7ea12735c2b2621530be20cb02f205e424b5292,pt,Storage,Hardware,False,0.37831770907029766,26,8,0.3076923076923077,51,8,0.1568627450980392,7
45fccb57d8792e1d413b9fbf2115a7a0c376ec9e64123dcb0890004c8c96dfeb,pt,Storage,Hardware,False,0.5794843765529173,32,5,0.15625,63,5,0.07936507936507936,2
ae873983cfb127f985580accb2c0e5cb116f1e7d6a424a199a776f79f2ce8549,pt,Storage,Hardware,False,0.312555069954398,38,9,0.23684210526315788,75,9,0.12,2
45ba379839d2a7d0d8875771fd9a654ac2daf609cfd141862c118ca8dc7e6f17,pt,Storage,Hardware,False,0.493113301385651,23,2,0.08695652173913043,45,2,0.044444444444444446,2
b8f481ad58c6d76e4aab12cb3ace06ef1d16ad950112964b98bd48101ef5f5bf,pt,Storage,Hardware,False,0.5533990181835916,22,8,0.36363636363636365,43,8,0.18604651162790697,2
c850dbb2a6bf652498c40559e484d1879b8c0af795727b9eff8cbfe76e86881b,pt,Storage,Hardware,False,0.6095290858648417,11,1,0.09090909090909091,21,1,0.047619047619047616,1
6b4762c238688581d96cc700270f131990c502d957c2c8625910416b9fe81206,pt,Storage,Hardware,False,0.484828517506595,68,15,0.22058823529411764,135,15,0.1111111111111111,6
5fd7f059c4191affdc7dddc6e47ddfbf25f72bf5a97da54ddf75a59ca47d1022,pt,Storage,Hardware,False,0.413690893282241,17,2,0.11764705882352941,33,2,0.06060606060606061,2
57d14b4e920c1dba512deb780cdc8a733a8bf6f1000871dbe42a6469d61b6289,pt,Storage,Hardware,False,0.3818930577528926,37,10,0.2702702702702703,73,10,0.136986301369863,8
9552047baf3a0481b2531ee34629791f6f3366f02c6a99fcc27f5843411517b9,pt,Storage,Hardware,False,0.3541163469990836,28,7,0.25,55,7,0.12727272727272726,4
7076e57f6c8207086ed730eff1eac5c9500226f31879ab92a4800536cc56ee61,pt,Storage,Hardware,False,0.5535987683152442,12,3,0.25,23,3,0.13043478260869565,2
b171f881703731e4b401a721a3ba8c6dcfcb4e3cb6dce7ea196b5536ce27e8ec,pt,Storage,Hardware,False,0.4458350166340552,20,6,0.3,39,6,0.15384615384615385,5
1b043518c9e71963d88c1b632e0ce287b61b0470f76ac701df853c2904a74b29,pt,Storage,Hardware,False,0.542702230120881,14,4,0.2857142857142857,27,4,0.14814814814814814,3
40992093b5fb9d7b4e23ca4168aaa06fded0131fdc7a13d7b0d20482b2f663c5,pt,Storage,Hardware,False,0.4968884294155878,63,13,0.20634920634920634,125,14,0.112,6
bd325abf7dbf2c83e6f27c7dbbce3db9c45c37236ecd02095382d18ef4dbb539,pt,Storage,Hardware,False,0.7429245598117147,30,8,0.26666666666666666,59,8,0.13559322033898305,5
af807193b62062863a983e9606a57f128e96e53e8cd6693faa6dc5366b71db5b,pt,Storage,Hardware,False,0.5795036852317124,39,9,0.23076923076923078,77,9,0.11688311688311688,5
267d1b6c907f1dba48b2575cdf3a52dddbad2599b07714377e52baa93a658dd1,pt,Storage,Hardware,False,0.28454453302842997,8,1,0.125,15,1,0.06666666666666667,1
dfd03082dba5413756dcd5945d7a772ab87f60865ffb4ddb09166ce445721551,pt,Storage,Hardware,False,0.493113301385651,15,2,0.13333333333333333,29,2,0.06896551724137931,2
8a611e3bc25baf9d0173c5eaf0453cca39a4c98ee6f6c8f4a3b0ee5e6fc545e0,pt,Storage,Storage,True,0.39058589488102047,32,4,0.125,63,5,0.07936507936507936,5
aaaa50b7ac81f1a2bd2d1289d2ee2935a1e2268645ccf4a94d9215d950945126,pt,Storage,Hardware,False,0.48951162834518136,32,8,0.25,63,8,0.12698412698412698,4
73e5891bef0931158d5fd13eb30944ac8e370316a86995383d39bbd4ba96b2b1,pt,Storage,Hardware,False,0.5389813709884022,19,8,0.42105263157894735,37,11,0.2972972972972973,8
b628fd9a4cbf536005af593acca6e0460c96ac6518009555806f6af794e747e0,pt,Storage,Hardware,False,0.5127201418711195,47,8,0.1702127659574468,93,8,0.08602150537634409,5
5f8c564d8de60d2d455cff58d3cd14c51fb05c8e5a19f1242d0ccab639ddc72b,pt,Storage,Miscellaneous,False,0.5226167236279049,10,1,0.1,19,1,0.05263157894736842,1
68cb84c3df6745100bc5395a89431515f4baaeaac0a63af2550f502c76e59ac5,pt,Storage,Miscellaneous,False,0.5226167236279049,10,1,0.1,19,1,0.05263157894736842,1
31ef6cbcc1b876798edc7439ae24836fadbeda820932a0e9210ccb441db346a7,pt,Storage,Hardware,False,0.3894500065638761,16,3,0.1875,31,3,0.0967741935483871,3
633e0ac39863ca947f31f76011b80e66e5bbf17fedf7af8231ec6c025e82f7f3,pt,Storage,Miscellaneous,False,0.34059644840348313,22,9,0.4090909090909091,43,12,0.27906976744186046,11
c47b6ac07b82c333b5e8c7be2286c24503e808f6291d632b94ea36bb940271f5,pt,Storage,Hardware,False,0.7650280236316545,82,18,0.21951219512195122,163,19,0.1165644171779141,9
4863940aaaeee158ec5e40e3cd1fda0a13b590e793bc588ae150d5059aa69705,pt,Storage,Hardware,False,0.5633653903886412,21,3,0.14285714285714285,41,3,0.07317073170731707,2
abcbb88ea48fc963a5814137c1943a0970845e92bfc50c6aeea9527cb6dc72f6,pt,Storage,Hardware,False,0.6537272879304323,37,6,0.16216216216216217,73,6,0.0821917808219178,4
10ef63dcf1da384d40873978c7d7335a738c8f84eaa46c9eb87cd3bb6b7be207,pt,Storage,Miscellaneous,False,0.5226167236279049,9,1,0.1111111111111111,17,1,0.058823529411764705,1
06d29fddb134e83e621d9b3d371570b34bbafa8bf322cc3d43ebd5989148d4e0,pt,Storage,Storage,True,0.5778007879193241,26,24,0.9230769230769231,51,37,0.7254901960784313,32
bc9a6e73eb9f705d566cd3cb7deb7a9aa4dccd6a03082e6cb61170b7c487b449,pt,Storage,Storage,True,0.5859250776103705,10,8,0.8,19,9,0.47368421052631576,8
0b45e9f3cfdf621880fb39b51f45182ce7da57faf3ccd480092a3fb1280f7c6d,pt,Storage,Hardware,False,0.5350021458128369,25,6,0.24,49,6,0.12244897959183673,2
0125b140e0a381c8c85e5f632ec186bd559d64a4dee081350ac22cf4d9050318,pt,Storage,Hardware,False,0.2696593905367138,10,0,0.0,19,0,0.0,0
d7a64bd0b46268b88134a6bc8a310209cbe76d3a56b3a6e48f123f559925587a,pt,Storage,Hardware,False,0.5425143267223943,61,15,0.2459016393442623,121,16,0.1322314049586777,6
55979479a8adb0424dcb056d60c1054b81ed82d6432239e48f67028b74d7fcae,pt,Storage,Hardware,False,0.6280793325659919,44,12,0.2727272727272727,87,12,0.13793103448275862,7
495418ed36c28f12044608419d2aad6f589a366f5f1bec4ad6b4c9ec188ad8e4,pt,Storage,Hardware,False,0.493113301385651,10,2,0.2,19,2,0.10526315789473684,2
b61dbb93a570a091f5155bf1f9606a36785c332fdf4cfbe0e9a47ff1be61ab9c,pt,Storage,Hardware,False,0.3418650447331568,27,9,0.3333333333333333,53,11,0.20754716981132076,10
ac08aa27ac436585fafa13facb620aa7586efc58f7ef073b4c2f70941adf6214,pt,Storage,Hardware,False,0.5476659719376629,23,7,0.30434782608695654,45,7,0.15555555555555556,4
4aec8919d5f6440701cbc2adc028ceaf6ba85a31df92ade633836f554fce6cd0,pt,Storage,Hardware,False,0.47911214967745935,44,15,0.3409090909090909,87,16,0.1839080459770115,10
5e54262ac9941c74fd73e91c6f09864babb113bf5e98f0ff8d0832a452cb6ef0,pt,Storage,Hardware,False,0.493113301385651,22,4,0.18181818181818182,43,4,0.09302325581395349,2
46406e87db724481dca0d752e6ae9db19901a7f6fcdf79405fafa087a77a8731,pt,Storage,Hardware,False,0.4535549051023413,45,12,0.26666666666666666,89,12,0.1348314606741573,6
8c89a57a5533846a7dc2ca74b437f2342e1d7d2a94f82a6af4a244d5fdf69570,pt,Storage,Administrative rights,False,0.9806256941558562,15,6,0.4,29,6,0.20689655172413793,3
c1019736e7715033f8e1ed0c773f6f4f23f0e0a2d6852cf7cf9535cdb8d5040b,pt,Storage,Hardware,False,0.7691969265079324,80,20,0.25,159,22,0.13836477987421383,10
436b10c9d08207c079457e4473f3ec2493afccedda1776102e33e8e87bbcff2a,pt,Storage,Hardware,False,0.6095290858648417,12,2,0.16666666666666666,23,2,0.08695652173913043,1
ab1967e7d0e075e7005e13896848b37d143dee776d4b139c5cfbd3a5d26c677f,pt,Storage,Hardware,False,0.5396396892229182,136,24,0.17647058823529413,271,25,0.09225092250922509,7
0c9787cab9a1bf3beb7115010ca57599c26ccd13290b74180f55d008e3b4967b,pt,Storage,Hardware,False,0.38378559549431984,14,4,0.2857142857142857,27,4,0.14814814814814814,4
d44bade0195b0e95ccb46074e8f652f4de8695a82f209d46b877f94d195f17c9,pt,Storage,Hardware,False,0.25828356339767156,33,10,0.30303030303030304,65,13,0.2,11
844529d5a5e97db3e00d0a6a68cd11964b9d414af3a90d4082bf542c25780fbc,pt,Storage,HR Support,False,0.42036011720420485,10,3,0.3,19,4,0.21052631578947367,4
c420552aa005d3718f5d5df3cb389a2b3f74cf3de6d1f095e0d108adc2684b94,pt,Storage,Hardware,False,0.5171067728536963,28,8,0.2857142857142857,55,8,0.14545454545454545,4
69305505d9c36c7aafe4eea07215bdd2d8bde4d2066e34df16b390e0e4c1fb86,pt,Storage,Hardware,False,0.2800518072233788,48,17,0.3541666666666667,95,17,0.17894736842105263,5
3e8f6b34d23c3aa78a3bf0289a34934c5dcb048fff46a4eb1f926e93fb529f4e,pt,Storage,Hardware,False,0.6095290858648417,13,2,0.15384615384615385,25,2,0.08,1
f2cc6c7bca973f918e32621c22c1f619d00c79e4d5bc2c03772f2edf2eb2f2eb,pt,Storage,Hardware,False,0.542702230120881,30,4,0.13333333333333333,59,4,0.06779661016949153,3
7aa65d4241dc4de4e60283f6553e7d95ce4450939c63330d1d25d26deace18d3,pt,Storage,Hardware,False,0.2696593905367138,9,0,0.0,17,0,0.0,0
90a22c5980df03b0f09a775a0dc0cc0a7f6c38cf2c3ba96a86046276b4984e3f,pt,Storage,Hardware,False,0.4960425016489066,23,5,0.21739130434782608,45,6,0.13333333333333333,4
b272fa3311197006c09a66571f5a091f6b7426925f837a89be1a7a9281c74da9,pt,Storage,Storage,True,0.49679089526938625,18,6,0.3333333333333333,35,6,0.17142857142857143,4
e766397106db8db6423a7518b1c77543b556df579e350f9b84f22ff59be57c56,pt,Storage,Storage,True,0.9327983557721895,17,15,0.8823529411764706,33,22,0.6666666666666666,20
1f8a7e05c337c428d4a4e542d48c7bcdc5995bdd512fb00dbda1466a8638d912,pt,Storage,Hardware,False,0.5074703637617267,24,5,0.20833333333333334,47,5,0.10638297872340426,4
